-- MySQL dump 10.13  Distrib 5.6.41-84.1, for Linux (x86_64)
--
-- Host: 127.0.0.1    Database: fdlvirtu_sice
-- ------------------------------------------------------
-- Server version	5.6.41-84.1

/*!40101 SET @OLD_CHARACTER_SET_CLIENT=@@CHARACTER_SET_CLIENT */;
/*!40101 SET @OLD_CHARACTER_SET_RESULTS=@@CHARACTER_SET_RESULTS */;
/*!40101 SET @OLD_COLLATION_CONNECTION=@@COLLATION_CONNECTION */;
/*!40101 SET NAMES utf8 */;
/*!40103 SET @OLD_TIME_ZONE=@@TIME_ZONE */;
/*!40103 SET TIME_ZONE='+00:00' */;
/*!40014 SET @OLD_UNIQUE_CHECKS=@@UNIQUE_CHECKS, UNIQUE_CHECKS=0 */;
/*!40014 SET @OLD_FOREIGN_KEY_CHECKS=@@FOREIGN_KEY_CHECKS, FOREIGN_KEY_CHECKS=0 */;
/*!40101 SET @OLD_SQL_MODE=@@SQL_MODE, SQL_MODE='NO_AUTO_VALUE_ON_ZERO' */;
/*!40111 SET @OLD_SQL_NOTES=@@SQL_NOTES, SQL_NOTES=0 */;

--
-- Table structure for table `alumnos`
--

DROP TABLE IF EXISTS `alumnos`;
/*!40101 SET @saved_cs_client     = @@character_set_client */;
/*!40101 SET character_set_client = utf8 */;
CREATE TABLE `alumnos` (
  `id` bigint(20) unsigned NOT NULL AUTO_INCREMENT,
  `nombres` varchar(191) COLLATE utf8mb4_unicode_ci NOT NULL,
  `apellido_paterno` varchar(191) COLLATE utf8mb4_unicode_ci NOT NULL,
  `apellido_materno` varchar(191) COLLATE utf8mb4_unicode_ci DEFAULT NULL,
  `edad` int(11) DEFAULT NULL,
  `curp` varchar(191) COLLATE utf8mb4_unicode_ci NOT NULL,
  `sexo` enum('H','M') COLLATE utf8mb4_unicode_ci NOT NULL,
  `foto` varchar(191) COLLATE utf8mb4_unicode_ci DEFAULT NULL,
  `direccion` varchar(191) COLLATE utf8mb4_unicode_ci DEFAULT NULL,
  `telefono` varchar(191) COLLATE utf8mb4_unicode_ci DEFAULT NULL,
  `email` varchar(191) COLLATE utf8mb4_unicode_ci DEFAULT NULL,
  `otros` varchar(191) COLLATE utf8mb4_unicode_ci DEFAULT NULL,
  `talla_polo` varchar(191) COLLATE utf8mb4_unicode_ci DEFAULT NULL,
  `beca` varchar(191) COLLATE utf8mb4_unicode_ci DEFAULT NULL,
  `grado_ingreso_id` bigint(20) unsigned NOT NULL,
  `tutor_id` bigint(20) unsigned NOT NULL,
  `documentos_id` bigint(20) unsigned NOT NULL,
  `historial_procedencia_id` bigint(20) unsigned NOT NULL,
  `status_id` bigint(20) unsigned NOT NULL,
  `created_at` timestamp NULL DEFAULT NULL,
  `updated_at` timestamp NULL DEFAULT NULL,
  PRIMARY KEY (`id`),
  UNIQUE KEY `alumnos_curp_unique` (`curp`),
  KEY `alumnos_tutor_id_foreign` (`tutor_id`),
  KEY `alumnos_documentos_id_foreign` (`documentos_id`),
  KEY `alumnos_historial_procedencia_id_foreign` (`historial_procedencia_id`),
  KEY `alumnos_status_id_foreign` (`status_id`),
  KEY `alumnos_grado_ingreso_id_foreign` (`grado_ingreso_id`),
  CONSTRAINT `alumnos_documentos_id_foreign` FOREIGN KEY (`documentos_id`) REFERENCES `documentos_alumno` (`id`),
  CONSTRAINT `alumnos_grado_ingreso_id_foreign` FOREIGN KEY (`grado_ingreso_id`) REFERENCES `grados` (`id`),
  CONSTRAINT `alumnos_historial_procedencia_id_foreign` FOREIGN KEY (`historial_procedencia_id`) REFERENCES `historial_procedencia` (`id`),
  CONSTRAINT `alumnos_status_id_foreign` FOREIGN KEY (`status_id`) REFERENCES `status_alumno` (`id`),
  CONSTRAINT `alumnos_tutor_id_foreign` FOREIGN KEY (`tutor_id`) REFERENCES `tutor_alumno` (`id`)
) ENGINE=InnoDB AUTO_INCREMENT=145 DEFAULT CHARSET=utf8mb4 COLLATE=utf8mb4_unicode_ci;
/*!40101 SET character_set_client = @saved_cs_client */;

--
-- Dumping data for table `alumnos`
--

LOCK TABLES `alumnos` WRITE;
/*!40000 ALTER TABLE `alumnos` DISABLE KEYS */;
INSERT INTO `alumnos` VALUES (5,'JIMENA ARACELI','BOJORQUEZ','HERNANDEZ',12,'BOHJ080317MYNJRMA8','M','uploads/fotoalumno/HWJjxNAkiK9FsLfXBjBQB4Y4iuiDwC1OHTWuGyLR.jpeg','C.31 #211A  X 30 Y 32  CENTRO   HUNUCMA,YUC.','9993672412',NULL,NULL,'12  (1)',NULL,1,5,5,5,2,'2020-08-09 18:37:28','2020-09-10 03:17:45'),(6,'SOFIA MARIBEL','BOJORQUEZ','NOVELO',12,'BONS080617MYNJVFA4','M','uploads/fotoalumno/7GVDufKfLzQ1CD12w8DY8ly5OAReHkpSTiqcTys4.jpeg','C.31 #211A  X 30 Y 32  CENTRO   HUNUCMA,YUC.','9993528749',NULL,NULL,'16 (3)',NULL,1,6,6,6,2,'2020-08-19 14:30:21','2020-09-11 04:51:17'),(7,'DIEGO EMILIANO','BOJORQUEZ','TZAB',11,'BOTD081110HYNJZGA9','H','uploads/fotoalumno/dN8ODJoaYmy1C9M7BqTDh9IZnXqVSqo38vhczi8N.jpeg','C.30 #203 FRACC.VILLA REAL  COL.SAN MARTIN   HUNUCMA,YUC.','9992083657',NULL,NULL,'14  (2)',NULL,1,7,7,7,2,'2020-08-19 09:48:48','2020-09-11 04:52:34'),(8,'KAREN  CAMILA','CANUL','NOVELO',11,'CANK081121MYNNVRA4','M','uploads/fotoalumno/rvwI4T6xf0FhewRAVXuL0atufPkICDGvnC62Hk5j.jpeg','C.30 #178E  X 23 Y 25  CENTRO  HUNUCMA,YUC.','9881036948',NULL,NULL,'14 (2)',NULL,1,8,8,8,2,'2020-08-20 08:27:30','2020-09-11 04:53:54'),(9,'ZAZITH MONSERRAT','CATZIM','PECH',12,'CAPZ080118MYNTCZA6','M','uploads/fotoalumno/UAJQyKW5k0a6R5YOLpzmfbl6LJcB2Tc1MRq45DPD.jpeg','C.21 #196 X 28 Y 30  CENTRO  HUNUCMA,YUC.','9996496392',NULL,NULL,'14 (1)',NULL,1,9,9,9,2,'2020-08-20 08:41:34','2020-09-11 04:54:50'),(10,'EMILIO EDUARDO','CHAVEZ','KU',11,'CAKE081008HYNHXMA0','H','uploads/fotoalumno/zNieSuBFtQczMPhlEg4g9e20nRmyGT3yWR5dnycc.jpeg','C.41A #134  X 39 Y41 FRACC.TAMARINDO  COL.GUADALUPE  HUNUCMA,YUC','9994093174',NULL,NULL,'12 (2)',NULL,1,10,10,10,2,'2020-08-20 09:04:28','2020-09-11 04:56:16'),(11,'PEDRO PAUL','CHAY','BOJORQUEZ',12,'CABP080527HYNHJDA7','H','uploads/fotoalumno/uz7HVerAqj02FKOOj7JZZH44bU7q1g5alde3iYnq.jpeg','C.28 #182  X 17 Y 19  COL.SAN JUAN  HUNUCMA,YUC','9991509523',NULL,NULL,'18  (2)',NULL,1,11,11,11,2,'2020-08-20 09:16:30','2020-09-11 04:57:17'),(12,'MARTHA SOFIA','CHAY','HERNANDEZ',12,'CAHM080412MQRHRRA2','M','uploads/fotoalumno/MzU5ynFY2m4BtciSSMgWVbVQoAQ9lXJLOLmw5KlF.jpeg','C.25 #195A X 28 Y 30 CENTRO  HUNUCMA,YUC.','9997492398',NULL,NULL,'16 (2)',NULL,1,12,12,12,2,'2020-08-23 11:28:58','2020-09-11 04:58:25'),(13,'SERGIO  JOSE','CHI','EK',11,'CIES080929HYNHKRA7','H',NULL,'C.21 #201A  X 30 Y 32  CENTRO  HUNUCMA,YUC.','9992670094',NULL,NULL,'16 (2)',NULL,1,13,13,13,2,'2020-08-23 12:02:29','2020-09-11 04:59:29'),(14,'JALIL ALFREDO','CHUC','ESQUIVEL',12,'CUEJ080414HYNHSLA1','H','uploads/fotoalumno/DywuORWZbhzplZfvPx9pyqOoHvLGUlyQEflbp4Fb.jpeg','C.38 #210B  X 35 Y 37  COL.FATIMA  HUNUCMA,YUC.','9991735895',NULL,NULL,'18  (2)',NULL,1,14,14,14,2,'2020-08-23 12:18:19','2020-09-11 05:13:28'),(15,'CLAUDED RENELY','COCOM','GIO',11,'COGC080903MYNCXLA5','M','uploads/fotoalumno/JWnCUUO17kqTHeyI5KUuiToij78Jy9iCOCCjfucE.jpeg','C.22 #177A  X 26 Y 21  CENTRO  HUNUCMA,YUC.','9992153149',NULL,NULL,'16 (1)',NULL,1,15,15,15,2,'2020-08-23 12:33:32','2020-09-11 05:14:30'),(16,'JESUS ELIAS','ESQUIVEL','HERRERA',11,'EUHJ081226HYNSRSA9','H','uploads/fotoalumno/MVG4UznctuuHDNBFVQzxJr1viTieNTvBw9dUxe0P.jpeg','C.31 #211C  X 30 Y 32  CENTRO  HUNUCMA,YUC.','9889573425',NULL,NULL,'14 (1)',NULL,1,16,16,16,2,'2020-08-23 12:50:04','2020-09-11 05:15:33'),(17,'SAULO EMILIO','EUAN','PEÑA',12,'EUPS080606HYNNXLA3','H','uploads/fotoalumno/BVZjwjWSRzwyG6Yw9AfMM9VagAzuL5CChHq9dNGc.jpeg','C.36 #200D  X 29 Y 31  COL.SANTIAGUITO  HUNUCMA,YUC.','9992151531',NULL,NULL,'16 (3)',NULL,1,17,17,17,2,'2020-08-25 09:41:12','2020-09-11 05:17:07'),(18,'REGINA','FRANCO','GARCIA',12,'FAGR080506MYNRRGA2','M','uploads/fotoalumno/TTCejn3frSTwHoYpKDPMEevirwpQ7BPh98diPwFl.jpeg','C.5 #211 X 26A Y 28 COL.SAN JUAN  HUNUCMA,YUC.','9991990790  - 9991853816',NULL,NULL,'12 (1)',NULL,1,18,18,18,2,'2020-08-25 10:09:36','2020-09-11 05:18:27'),(19,'BRADWIN AZAEL','MARTIN','POOT',11,'MAPB081127HYNRTRA0','H','uploads/fotoalumno/3bniQatNTKgfh9hSCsf5dS4C69tdXefzGWALlHPz.jpeg','C-21 #182 X 26 Y 22  CENTRO  HUNUCMA,YUC.','9992643491',NULL,NULL,'14 (2)',NULL,1,19,19,19,2,'2020-08-25 10:24:46','2020-09-11 05:19:32'),(20,'ADAIR ENRIQUE','MEX','CHAN',11,'MECA081026HYNXHDA8','H','uploads/fotoalumno/SVTKFBh9ekH0nLIyX8aVi3ZcELoP4GlkaoWNsxiV.jpeg','C.28 #181A  X 19 Y 21  COL.SAN JUAN  HUNUCMA,YUC.','9992161646 -  9994202627','adairmexchan1@gmail.com',NULL,'34 (2)',NULL,1,20,20,20,2,'2020-08-25 10:47:50','2020-09-11 05:20:37'),(21,'GUELMY ANAYLI','MEX','CHUC',12,'MECG080825MYNXHLA7','M','uploads/fotoalumno/NKc70fZzBtlnsAW6vxAKScZsJ1fo4Yir7CKhCgKl.jpeg','C.17 #190S  X 26 Y 26A COL.SAN JUAN  HUNUCMA,YUC.','9992202595 - 9993010028',NULL,NULL,'16 (1)',NULL,1,21,21,21,2,'2020-08-25 11:00:47','2020-09-11 05:21:40'),(22,'FERNANDA','NOVELO','EUAN',11,'NOEF081104MYNVNRA4','M','uploads/fotoalumno/o1vnSX4BeErz9xM7XWVJe4pxrgpCvOY5lQ2sGLAL.jpeg','C.23 #178 X 20 Y 22 COL. SAMPOOL   HUNUCMA,YUC.','9992252441',NULL,NULL,'16 (1)',NULL,1,22,22,22,2,'2020-08-25 11:10:54','2020-09-11 05:22:49'),(23,'RUSSELL  EMANUEL','PECH','CARDEÑA',12,'PECR080216HYNCRSA4','H','uploads/fotoalumno/hNHL1cgRWZ4IQHAQ81tnEoph6YCaxg322NG5SnxA.jpeg','C.24 #232 X 37 Y 39 COL.SAN VICENTE  HUNUCMA,YUC.','9991725484',NULL,NULL,'14 (3)',NULL,1,23,23,23,2,'2020-08-25 11:26:24','2020-09-11 05:24:11'),(24,'ANDREA DARIANA','QUINTAL','NOVELO',11,'QUNA080912MYNNVNA7','M','uploads/fotoalumno/ENbiCorL5xjBiBA9Uw5MKQjEQcuFi1qebsVxFK0Z.jpeg','C.23 #190E X 26 Y 26A  CENTRO  HUNUCMA,YUC.','9991392913',NULL,NULL,'14 (2)',NULL,1,24,24,24,2,'2020-08-25 11:35:59','2020-09-11 05:25:37'),(25,'DANNA GERALDINE','ROMERO','EUAN',11,'ROED081111MYNMNNA6','M','uploads/fotoalumno/SiUfMVKDJRYvb4t3hDLBC97qubic7TR7y342J1YK.jpeg','C.39 #237 X 38 Y 40 COL.FATIMA  HUNUCMA,YUC.','9992080489',NULL,NULL,'14 (3)',NULL,1,25,25,25,2,'2020-08-25 11:46:42','2020-09-11 05:27:15'),(26,'CAMILA DE JESUS','TZAB','CETINA',11,'TACC081017MYNZTMA7','M','uploads/fotoalumno/3Buu88Iv23etdkDTFmeIz5ctwJGy52RPaWYsW18c.jpeg','C.32 #362 X 21 Y 23 FRACC.JUAN PABLO II  MERIDA,YUC.','9992350630 - 9999680987','camilatzab1@gmail.com',NULL,'14 (2)',NULL,1,26,26,26,2,'2020-08-26 22:16:08','2020-09-11 05:28:12'),(27,'YAZMIN SIBEL','UC','MAY',11,'UXMY081216MYNCYZA8','M','uploads/fotoalumno/VSy0Syiky4jzXKUhcYAorhRb6jJGYkTlpdwJsPXl.jpeg','C.31 #252 X 36 Y 38 COL.SANTIAGUITO  HUNUCMA,YUC.','9992620259','yazminucmay@gmail.com',NULL,'30 (2)',NULL,1,27,27,27,2,'2020-08-26 12:37:58','2020-09-11 05:29:41'),(28,'YARED NEFTALY','UICAB','PUERTO',12,'UIPY080808MYNCRRA6','M','uploads/fotoalumno/JamvOsCSeNybPczgdJt49TFGKGQ69Re5F7CiT9yP.jpeg','C.23 #214 X 32 Y 34  CENTRO  HUNUCMA,YUC.','9991749277','yaredpuerto@gmail.com',NULL,'18 (2)',NULL,1,28,28,28,2,'2020-08-27 06:30:40','2020-09-11 05:31:10'),(29,'KEVIN SAUL','YAMA','PEÑA',11,'YAPK081013HYNMXVA0','H','uploads/fotoalumno/2RaM63rvQzT0fJ2folEfY8E3lNJiY7fiOD2b1rFL.jpeg','C.17 S/N X 34 Y 36 COL. SANTO DOMINGO','9995109006','yamakevin041@gmail.com',NULL,'16 (1)',NULL,1,29,29,29,2,'2020-08-27 06:38:47','2020-09-11 05:32:12'),(30,'SILVANA HELEU','ADRIAN','BOJORQUEZ',12,'AIBS080417MYNDJLA9','M',NULL,'C.27 #181  X 24 Y 26  CENTRO  HUNUCMA,YUC.','9992164104','Adriansilvana07@gmail.com',NULL,'12 (3)',NULL,1,30,30,30,2,'2020-08-27 06:19:49',NULL),(31,'ODETTE GERALDINE','BALAM','ESQUIVEL',11,'BAEO081007MYNLSDA5','M',NULL,'C.3 #1902 X 36 Y 38  SISAL   HUNUCMA,YUC.','9995082636','odettebalam07@gmail.com',NULL,'14 (2)',NULL,1,31,31,31,2,'2020-08-27 06:35:41',NULL),(32,'MIGUEL ALEXANDER','BARCENAS','CANUL',12,'BACM080801HQRRNGA6','H',NULL,'C.21 #230  X 36 Y 38 COL.SANTO DOMINGO  HUNUCMA,YUC.','9981079836','miguelbarcenas2008@gmail.com',NULL,'16 (2)',NULL,1,32,32,32,2,'2020-08-27 06:58:18',NULL),(33,'JOHANN ESAU','BOJORQUEZ','KOYOC',12,'BOKJ080229HYNJYHA0','H',NULL,'C.15A #137A X 30 Y 32  .COL.SANTO DOMINGO  HUNUCMA,YUC','9971014651','johannesaubojorquez@gmail.com',NULL,'30 + 3cm. largo',NULL,1,33,33,33,2,'2020-08-28 22:48:17',NULL),(34,'ROMINA ALESANDRA','CAN','BALAM',12,'CABR080223MYNNLMA1','M',NULL,'C.7 S/N X 30 Y 32 COL. NAH-OX  HUNUCMA,YUC.','9994570357','rominacanbalam@gmail.com',NULL,'16 -2',NULL,1,34,34,34,2,'2020-08-28 23:02:18',NULL),(35,'CIELO IRAISS','CANUL','EK',12,'CAEC080221MYNNKLA8','M',NULL,'C.32 #149 X 17 Y 17A  COL.SANTO DOMINGO  HUNUCMA,YUC.','9992165653','Canulekcieloiraiss@gmail.com',NULL,'16 (2)',NULL,1,35,35,35,2,'2020-08-28 23:13:07',NULL),(36,'DAVID ALEXANDER','CAUICH','CHAVEZ',11,'CACD081111HYNCHVA8','H',NULL,'C.30 #201 X 41 Y 49 FRACC.RESIDENCIAS COL.GUADALUPE  HUNUCMA,YUC.','9991522075','Davidalexandercauichchavez@gmail.com',NULL,'12 - 2',NULL,1,36,36,36,2,'2020-08-28 23:37:28',NULL),(37,'EDDY ALEXANDER','CEBALLOS','CHUC',12,'CECE070913HYNBHDA6','H',NULL,'C.44 #230 X 41 Y 43 COL.FATIMA  HUNUCMA,YUC.','9993607720','eddyceballos13@gmail.com',NULL,'14 (1)',NULL,1,37,37,37,2,'2020-08-29 05:19:59','2020-08-29 00:21:44'),(38,'EMIR ABISAI','CHI','ARGAEZ',11,'CIAE081105HYNHRMA4','H',NULL,'C.32 #203A X 33 Y 31  CENTRO   HUNUCMA,YUC.','9991263459','emir.abisai.ca@gmail.com',NULL,'14 (2)',NULL,1,38,38,38,2,'2020-08-29 00:36:42',NULL),(41,'MELANIE ALTAIR','CHI','EUAN',12,'CIEM080315MQRHNLA9','M',NULL,'.C.11 #202A X 22 Y 24 COL.ITZIMNA  HUNUCMA,YUC','9991307583','melaniechi555@gmail.com',NULL,'12 (2)',NULL,1,41,41,41,2,'2020-09-17 06:16:52',NULL),(42,'KAMILA ALEJANDRA','COB','NOVELO',12,'CONK080821MYNBVMA2','M',NULL,'C.31 #217 X 32 Y 34  CENTRO  HUNUCMA,YUCATAN','9994233337','kamilacob21@gmail.com',NULL,'12 (2)',NULL,1,42,42,42,2,'2020-09-22 02:27:51',NULL),(43,'ISABELLA','DZUL','MENDOZA',12,'DUMI080812MYNZNSA9','M',NULL,'C.27 #201 X 30 Y 32  CENTRO  HUNUCMA,YUCATAN','9999956212','DzulMendozaIsabella12@gmail.com',NULL,'12  (1)',NULL,1,43,43,43,2,'2020-09-22 23:23:44',NULL),(44,'BRISIAN YANET','EK','EK',12,'EXEB080226MYNKKRA8','M',NULL,'DOMICILIO CONOCIDO  HUNCANAB  HUNUCMA,YUCATAN','9881053967  9996439462','Yanet.ek@gmail.com',NULL,'18 (2)',NULL,1,44,44,44,2,'2020-09-23 00:07:10',NULL),(45,'VALERIA GAIL','GARCIA','RODRIGUEZ',12,'GARV080315MYNRDLA8','M',NULL,'C.31 #168A  X 24 Y 26  CENTRO  HUNUCMA,YUCATAN','9992207589','valeriagailgarciarodriguez@gmail.com',NULL,'14  (2)',NULL,1,45,45,45,2,'2020-09-23 05:21:58','2020-09-23 00:23:21'),(46,'MAYLI SALET','MANZO','FRANCO',12,'MAFM080806MYNNRYA7','M',NULL,'C.30 #212A X 33 Y 35  CENTRO  HUNUCMA,YUCATAN','9992659269','maylimanzo@gmail.com',NULL,'30 (2)',NULL,1,46,46,46,2,'2020-09-23 00:58:23',NULL),(47,'HILLARY VALENTINA','MARTIN','GOMEZ',12,'MAGH080302MYNRMLA8','M',NULL,'C.37 #204 X 30 Y 32 COLONIA GUADALUPE  HUNUCMA,YUCATAN','9995498440','hillarymartin629@gmail.com',NULL,'14 (1)',NULL,1,47,47,47,2,'2020-09-23 01:13:13',NULL),(48,'AILYN SARAI','MAY','NOVELO',12,'MANA080725MYNYVLA5','M',NULL,'C.18  S/N X 19 Y 21  SISAL  HUNUCMA,YUCATAN','9992606816','Ailynnovelo25@gmail.com',NULL,'16 (2)',NULL,1,48,48,48,2,'2020-09-23 01:23:53',NULL),(49,'NEMESIO RAFAEL','MENENDEZ','ESCALANTE',11,'MEEN081109HYNNSMA3','H',NULL,'C.117C  DIAGONAL 941 X 106C Y 106F ALMENDROS 3  CD.CAUCEL  MERIDA,YUCATAN','9995989972   9992737239','rafael.menendz12@gmail.com',NULL,'16 (2)',NULL,1,49,49,49,2,'2020-09-23 01:50:51',NULL),(50,'XIMENA NAHARI','MEX','BOJORQUEZ',12,'MEBX080318MYNXJMA0','M',NULL,'C.32 #166A X 19 Y 21 CENTRO  HUNUCMA,YUCATEN','+1(425)2213078     9991873409','ximenamex6@gmail.com','ESTA EN TRAMITE SU REVALIDACION DE ESTUDIOS','14 (2)',NULL,1,50,50,50,2,'2020-09-23 02:08:54',NULL),(51,'JESUS CAMILO','NOVELO','CANUL',11,'NOCJ081012HYNVNSA2','H',NULL,'C.34 #183B X 23 Y 25  STO.DOMINGO  HUNUCMA,YUCATAN','9991907686','camilonovelo12@gmail.com',NULL,'14 (3)',NULL,1,51,51,51,2,'2020-09-23 02:17:31',NULL),(52,'GAEL ALEJANDRO','POOT','AVILA',11,'POAG080906HYNTVLA0','H',NULL,'C.30 #230 X 37 Y 39  CENTRO  HUNUCMA,YUCATAN','9991000234','gaelpootavila08@gmail.com',NULL,'14 (1)',NULL,1,52,52,52,2,'2020-09-23 02:26:07',NULL),(53,'ABRAHAM ISAEL','SANDOVAL','CHAN',12,'SACA080607HYNNHBA8','H',NULL,'#232E  X 36 Y 38  COL.SANTIAGO  HUNUCMA,YUCATAN','9991542200','abrahamsandoval0706@gmail.com',NULL,'30 (2)',NULL,1,53,53,53,2,'2020-09-23 02:37:59',NULL),(54,'VALENTINA DANELY','VARGUEZ','LARA',13,'VALV070809MYNRRLA4','M',NULL,'C.18 #114 X 31 Y 29 COL.BALTAZAR CEBALLOS','9991868605','valentinalara4321@gmail.com',NULL,'16 (2)',NULL,1,54,54,54,2,'2020-09-23 02:47:05',NULL),(55,'DANIEL ADRIAN','ALEJANDRO','ROMERO',13,'AERD070101HYNLMNA7','H',NULL,'C.28A  #80 X 7 Y 9  COL.SAN JUAN II  HUNUCMA,YUCATAN','9991302418','alejandro.danieladrian@gmail.com',NULL,'14 (1)','40% SEP',2,55,55,55,2,'2020-09-24 08:22:55','2020-09-24 22:01:07'),(56,'SANTIAGO SAEL','BALAM','NOVELO',13,'BANS070323HYNLVNA7','H',NULL,'C.35A #127A  X 18 Y 18A  COL.BALTAZAR CEBALLOS   HUNUCMA,YUCATAN','9994123868','balamsael@gmail.com',NULL,'14  (2)','40% SEP',2,56,56,56,2,'2020-09-25 02:24:58',NULL),(57,'JOSUE RUBEN','CAAMAL','CAUICH',13,'CACJ070208HYNMCSA8','H',NULL,'C.17A #216  X 30 Y 32  COL.SAN MARTIN  HUNUCMA,YUCATAN','9994969705','caamal.josueruben@gmail.com',NULL,'38 (2)',NULL,2,57,57,57,2,'2020-09-25 02:35:53',NULL),(58,'VICTOR ALEXANDER','CEBALLOS','CANUL',12,'CECV071006HYNBNCA5','H',NULL,'C.30 #203A  X 31 Y 33  CENTRO   HUNUCMA,YUCATAN','9991819684','alexanderceballoscanul31@gmail.com',NULL,'16 (2)',NULL,2,58,58,58,2,'2020-09-25 02:46:15',NULL),(59,'LUIS EDWUARD','CHAY','ASCORRA',13,'CAAL070713HYNHSSA7','H',NULL,'C.13 #252  X 36 COL.SN EDUARDO  HUNUCMA,YUCATAN','9992968718','chay.edwuard@gmail.com',NULL,'16 (2)',NULL,2,59,59,59,2,'2020-09-25 02:54:51',NULL),(60,'MARIA FERNANDA','CHUC','HERNANDEZ',12,'CUHF070927MYNHRRA7','M',NULL,'C.25 #195C  X 28 Y 30  CENTRO  HUNUCMA,YUCATAN','9841804980','mariafernandachuc75@gmail.com',NULL,'16 (2)',NULL,2,60,60,60,2,'2020-09-26 23:35:57','2020-09-26 20:04:05'),(61,'RUSSEL DANIEL','DIAZ','CETINA',13,'DICR061126HYNZTSA7','H',NULL,'C.21 #223B  X 34 Y 36  COL.SANTO DOMINGO  HUNUCMA,YUCATAN','9991917957','russeldanieldc@gmail.com',NULL,'16 (2)',NULL,2,61,61,61,2,'2020-09-26 23:55:16','2020-09-26 20:05:36'),(62,'MARIRENE ELIZABETH','FLORES','GALAZ',13,'FOGM070306MYNLLRB7','M',NULL,'C.21 #100   SISAL    HUNUCMA,YUCATAN','9992647810','marirenegalaz@gmail.com',NULL,'30 (2)',NULL,2,62,62,62,2,'2020-09-27 00:21:53','2020-09-26 20:06:40'),(63,'EDUARDO JESUS','GIO','PEÑA',12,'GIPE071216HYNXXDA7','H',NULL,'C.17 #190H  X 26A Y 26B  FRACC.SAN JUAN  HUNUCMA,YUCATAN','9991548779','eduarjes16@gmail.com',NULL,'14  (1)   16 (1)',NULL,2,63,63,63,2,'2020-09-27 00:37:17','2020-09-26 20:07:35'),(64,'MONTSERRAT ARACELLY','GOMEZ','PERAZA',12,'GOPM070918MYNMRNA9','M',NULL,'C.28 #173C  X 17 Y 19  COL.SAN JUAN   HUNUCMA,YUCATAN','9889678444','montserrat.gomezperaza@gmail.com',NULL,'14 (1)',NULL,2,64,64,64,2,'2020-09-27 00:47:59','2020-09-26 20:08:34'),(65,'MARIA ESPERANZA','HEREDIA','COB',13,'HECE070725MYNRRSA1','M',NULL,'C.31 #213  X 30 Y 32  CENTRO   HUNUCMA,YUCATAN','9994193222','herediacob.esperanza@gmail.com',NULL,'18 (1)',NULL,2,65,65,65,2,'2020-09-26 20:01:20',NULL),(66,'REGINA VIANEY','COL','CAUICH',13,'COCR070630MQRLCGA6','M',NULL,'C.32A #114  X 11 Y 13  COL. NAH-OX   HUNUCMA,YUCATAN','9992285897','col.reginavianey@gmail.com',NULL,'16 (2)',NULL,2,66,66,66,2,'2020-09-26 20:20:32',NULL),(67,'YAIR EMMANUEL','KOH','BOJORQUEZ',13,'KOBY070723HYNHJRA5','H',NULL,'C.31 #215  X 32 Y 34  CENTRO   HUNUCMA,YUCATAN','9889 9310133','kohyair@gmail.com',NULL,'18 (1)',NULL,2,67,67,67,2,'2020-09-27 15:07:27',NULL),(68,'FANNY BELEM','KU','NOVELO',13,'KUNF070413MYNXVNA2','M',NULL,'C.37 S/N  X 44 Y 46 COL.FATIMA  HUNUCMA,YUCATAN','9889660590','fannykunovelo@gmail.com',NULL,'14 (1)',NULL,2,68,68,68,2,'2020-09-27 15:46:16',NULL),(69,'AMERICA NEFTALY','LEON','CHUC',13,'LECA070808MYNNHMA3','M',NULL,'C.36 #199A  X 31 Y 33 COL.SANTIAGUITO  HUNUCMA,YUCATAN','9992635108    9889578393','leon.americaneftali@gamial.com',NULL,'16 (2)',NULL,2,69,69,69,2,'2020-09-27 16:06:47',NULL),(70,'SUEMY EUNICE','LEON','ROMERO',13,'LERS070321MYNNMMA0','M',NULL,'C.32 #219   X 35 Y 37  CENTRO  HUNUCMA,YUCATAN','9992973550','suemy.leon0321@gmail.com',NULL,'16 (2)',NULL,2,70,70,70,2,'2020-09-27 16:21:45',NULL),(71,'DOMINIC EMMANUEL','NOH','CANUL',13,'NOCD070609HYNHNMA4','H',NULL,'C.35 #197  X 28 Y 30  CENTRO  HUNUCMA,YUCATAN','9999072790','doom6907@gmail.com',NULL,'16 (2)',NULL,2,71,71,71,2,'2020-09-27 16:56:21',NULL),(72,'ZAZIL-HA  DE LOS ANGELES','PANTOJA','TRUJEQUE',13,'PATZ070306MYNNRZA0','M',NULL,'C.26 #188E  X 21 Y 23  CENTRO  HUNUCMA,YUCATAN','9999940298','zazilhapantoja13@gmail.com',NULL,'18 (1)',NULL,2,72,72,72,2,'2020-09-27 17:05:51',NULL),(73,'ANADALY DE LOS ANGELES','PECH','CANUL',12,'PECA071017MYNCNNA6','M',NULL,'C.23 #112A  X 26 Y 28  SISAL  HUNUCMA,YUCATAN','9994163530','canulanadaly@gmail.com',NULL,'16 (2)',NULL,2,73,73,73,2,'2020-09-27 19:40:05',NULL),(74,'MARELY GIOMARY','PECH','NOVELO',13,'PENM070705MYNCVRA2','M',NULL,'C.25 #205  X 30 Y 32  CENTRO   HUNUCMA,YUCATAN','9991972717','pechnovelo.marely@gmail.com',NULL,'16 (1)',NULL,2,74,74,74,2,'2020-09-27 19:51:39',NULL),(75,'VALERI NICOLE','PEREZ','CHUC',13,'PECV070130MYNRHLA0','M',NULL,'C.32 #228  X 39 Y 41 COL.ALVARO OBREGON  HUNUCMA,YUCATAN','9992722303','perez.valerinicole@gmail.com',NULL,'34 (2)',NULL,2,75,75,75,2,'2020-09-27 20:05:52',NULL),(76,'DIANA SOFIA','PEÑA','CHUC',12,'PECD070911MYNXHNA2','M',NULL,'C.21 #225D  X 36 Y 38 COL.SANTO DOMINGO  HUNUCMA,YUCATAN','9994419789     9992597622','sofiapena090@gmail.com',NULL,'16 (2)',NULL,2,76,76,76,2,'2020-09-27 20:15:41',NULL),(77,'HASSAN EMANUEL','QUIJANO','GONZALEZ',13,'QUGH070821HYNJNSA5','H',NULL,'C.31 #188  X 26 Y 28  CENTRO  HUNUCMA,YUCATAN','9991585151','hassanquijano45@gmail.com',NULL,'16 (2)',NULL,2,77,77,77,1,'2020-09-27 20:24:55',NULL),(78,'ANTUAN EMMANUEL','SILVEIRA','FRANCO',12,'SIFA071002HYNLRNA6','H',NULL,'C.20A #168  X 26  FRACC. HUNUCMA    HUNUCMA,YUCATAN','9993359445','silveira.antuan@gmail.com','ingresa a 2°A   promedio de 1°  8.7','36 (3)',NULL,2,78,78,78,2,'2020-09-27 20:44:53',NULL),(79,'MANUEL EDUARDO','SOLIS','QUINTAL',13,'SOQM070507HYNLNNA7','H',NULL,'C.32 S/N  X 25 Y 23  CENTRO  HUNUCMA,YUCATAN','9991935287','manueleduardosolis123@gmail.com',NULL,'16 (2)','40% SEP',2,79,79,79,2,'2020-09-28 06:54:13','2020-09-27 21:46:39'),(80,'JOAQUIN ISMAEL','TZAB','POOT',13,'TAPJ070821HYNZTQA1','H',NULL,'C.11 #176A  X 28 Y 28A  COL.FLORES MAGON  HUNUCMA,YUCATAN','9992037960','joaquin.tzab12@gmail.com',NULL,'14  (2)',NULL,2,80,80,80,2,'2020-09-27 21:21:57',NULL),(81,'YOSMAR MANUEL','UICAB','CHAN',12,'UICY071028HYNCHSA0','H',NULL,'C.29 #305  X 46 Y 48  COL.STA.ROSA DE LIMA   HUNUCMA,YUCATAN','9999100697','uicabyosmar066@gmail.com',NULL,'16 (2)','40% SEP',2,81,81,81,2,'2020-09-27 21:34:35',NULL),(82,'MATEO','VARGUEZ','CHI',13,'VACM070617HYNRHTA5','H',NULL,'C.24 #201A X 31 Y 33  COL. SAN VICENTE   HUNUCMA,YUCATAN','9881032070     9992058779','mateovargue89@gmail.com',NULL,'16 (3)',NULL,2,82,82,82,2,'2020-09-27 21:45:33',NULL),(83,'PEDRO EMMANUEL','ALCOCER','GOMEZ',13,'AOGP070520HYNLMDA2','H',NULL,'C.37 #219A  X 38 Y 40  COL. FATIMA   HUNUCMA,YUCATAN','9992767655','pedroxtu@gmail.com',NULL,'16 (2)',NULL,2,83,83,83,2,'2020-09-27 22:06:34',NULL),(84,'IRVIN JAVIER','CANUL','CANUL',12,'CACI071007HYNNNRA6','H',NULL,'C.27 #204  X 34 Y 36 COL.5 CALLES  HUNUCMA,YUCATAN','9889576947','irvincanul0@gmail.com',NULL,'18 (1)',NULL,2,84,84,84,2,'2020-09-27 22:15:52',NULL),(85,'JOEL DE JESUS','CANUL','KOYOK',13,'CAKJ070626HYNNYLA1','H',NULL,'C.39  S/N  X 24 Y 26  COL.SAN VICENTE  HUNUCMA,YUCATAN','9993642498','joelcanul781@gmail.com',NULL,'30 (2)',NULL,2,85,85,85,2,'2020-09-27 22:28:15',NULL),(86,'MONSERRAT AMAYRANI','CANUL','NOVELO',13,'CANM070116MYNNVNA9','M',NULL,'C.30 #178E  X 23 Y 25   CENTRO   HUNUCMA,YUCATAN','9881036448','monserratcanul@gmail.com',NULL,'30 (3)',NULL,2,86,86,86,2,'2020-09-27 22:39:09',NULL),(87,'URIEL ARCANGEL','CASTRO','UC',14,'CAUU060408HYNSCRA3','H',NULL,'C.35 S/N  X 30 Y 32  CENTRO  HUNUCMA,YUCATAN','9881053407','castrouriel124@gmail.com',NULL,'32 (2)',NULL,2,87,87,87,2,'2020-09-27 22:53:57',NULL),(88,'ANGEL GABRIEL','CEBALLOS','VENTURA',12,'CEVA071202HYNBNNA6','H',NULL,'C.40 S/N  X 41 Y 43  COL.FATIMA  HUNUCMA,YUCATAN','9991129003','7angel.ceballos@gmail.com',NULL,'12 + 3 cm largo','PASYC',2,88,88,88,2,'2020-09-27 23:16:01',NULL),(89,'GUILLERMO  ENRIQUE','CEBALLOS','VENTURA',13,'CEVG070629HYNBNLB5','H',NULL,'C.20 #112  X 27 Y 29  COL.BALTAZAR CEBALLOS  HUNUCMA,YUCATAN','9991200876','29guillermoceballos@gmail.com',NULL,'18 (1)','PASYC',2,89,89,89,2,'2020-09-27 23:27:58',NULL),(90,'DARIANA BEATRIZ','CHAN','CETINA',13,'CACD070321MYNHTRA6','M',NULL,'C.47A S/N  X 36A Y 36B  COL.LOURDES  HUNUCMA,YUCATAN','9889677994','darichancetina@gmail.com',NULL,'18 (2)',NULL,2,90,90,90,2,'2020-09-28 00:18:36',NULL),(91,'YASURI BEATRIZ','CHI','UICAB',12,'CIUY070925MYNHCSA3','M',NULL,'C.30 #232  X 37 Y 39  COL.GUADALUPE  HUNUCMA,YUCATAN','9992601329','yasurichiuicab@gmail.com',NULL,'18 (1)',NULL,2,91,91,91,2,'2020-09-28 00:29:20',NULL),(92,'EDGARDO DE JESUS','CHUC','EK',13,'CUEE070406HYNNHKDA1','H',NULL,'C.25 #218C  X 32 Y 34  CENTRO  HUNUCMA,YUCATAN','9997469044','edgardo.chucek@gmail.com',NULL,'14 + 3cm largo  (2)','100 % SEP',2,92,92,92,2,'2020-09-28 00:41:13',NULL),(93,'ASAEL FRANCISCO','CHUC','MENDEZ',13,'CUMA070723HYNHNSA7','H',NULL,'C.42 S/N  X 37A Y 37B  COL.FATIMA  HUNUCMA,YUCATAN','9992313765','asaelchuc8@gmail.com',NULL,'16 (2)',NULL,2,93,93,93,2,'2020-09-28 16:40:14',NULL),(94,'BARBARA NAYBILI','EK','KU',12,'EXKB071003MYNKXRA6','M',NULL,'DOMICILIO CONOCIDO     SAN ANTONIO CHEL   HUNUCMA,YUCATAN','9997464789   9991497939','barbaraekku03@gmail.com',NULL,'18 (2)',NULL,2,94,94,94,2,'2020-09-28 16:56:04',NULL),(95,'MARIO YUMILAIM','GIO','KOYOC',13,'GIKM070618HYNXYRA4','H',NULL,'C.28 #202  X 33 Y 35  CENTRO  HUNUCMA,YUCATAN','9994210189','yumilupis18@gmail.com',NULL,'18 (2)','40% SEP',2,95,95,95,2,'2020-09-28 17:17:05',NULL),(96,'DANIELA AMAYRANI','HERRERA','TORRES',12,'HETD071226MYNRRNA2','M',NULL,'C.24 #188  X 23 Y 25  CENTRO  HUNUCMA,YUCATAN','9991920491   9994478259','daniela.herrera2class@gmail.com',NULL,'14 (1)',NULL,2,96,96,96,2,'2020-09-28 17:30:53',NULL),(97,'MARIA FERNANDA','HU','PUC',13,'HUPF070128MYNXCRA1','M',NULL,'C.34 #210  X 33 Y 35  CENTRO  HUNUCMA,YUCATAN','9997381927','hupucfernanda@gmail.com',NULL,'18 (2)',NULL,2,97,97,97,2,'2020-09-28 17:43:18',NULL),(98,'LAURA MARITERE','MALDONADO','TZAB',12,'MATL070918MYNLZRA5','M',NULL,'C.33 #188A  X 20 Y 22 COL.BALTAZAR CEBALLOS  HUNUCMA,YUCATAN','9991154884  9991015953','mariteremaldonado613@gmail.com',NULL,'12 (2)',NULL,2,98,98,98,2,'2020-09-28 17:55:09',NULL),(99,'ELEAZAR ESAU','MEX','CHUC',13,'MECE070814HYNXHLA9','H',NULL,'C.17 #190S  X 26 Y 26A FRACC. SAN JUAN  HUNUCMA,YUCATAN','9992202595','mexeleazaresau@gmail.com',NULL,'14  (2)',NULL,2,99,99,99,2,'2020-09-28 18:03:52',NULL),(100,'BRAULIO JAVIER','PAT','COOL',13,'PACB070601HYNTLRA2','H',NULL,'C.32 #162  X 17 Y 19  COL.SAN MARTIN  HUNUCMA,YUCATAN','9991189834','brauliojavierpatcool@gmail.com',NULL,'16 (2)',NULL,2,100,100,100,2,'2020-09-28 18:19:20',NULL),(101,'BERTY GUADALUPE','PECH','CHUC',12,'PECB071027MYNCHRA0','M',NULL,'C.39 #231A  X 36 Y 38 COL.FATIMA  HUNUCMA,YUCATAN','9991306800','bertitapech2@gmail.com',NULL,'18 (2)',NULL,2,101,101,101,2,'2020-09-28 23:29:09','2020-09-28 18:32:37'),(102,'JOSE DE JESUS','PEREZ','CANUL',12,'PECJ070912HYNRNSA1','H',NULL,'C.27 #212  X 34 Y 36 COL.SANTA ROSA  HUNUCMA,YUCATAN','9889 310621','joseperez12sep@gmail.com',NULL,'18 (2)',NULL,2,102,102,102,2,'2020-09-28 18:47:05',NULL),(103,'NATALY GUADALUPE','PEÑA','EK',13,'PEEN070725MYNXKTA3','M',NULL,'C.28 #226H   X 37 Y 39  COL.SAN VICENTE  HUNUCMA,YUCATAN','9994099200   9999923473','natalypenaek@gmail.com',NULL,'16 (2)',NULL,2,103,103,103,2,'2020-09-28 23:57:52','2020-09-28 19:01:39'),(104,'BETSABE','PEÑA','KOYOC',12,'PEKB071209MYNXYTA4','M',NULL,'C.25 S/N  X 22 Y 24  CENTRO  HUNUCMA,YUCATAN','9889310769    9991919509','betsypk09gmail.com',NULL,'16 (1)',NULL,2,104,104,104,2,'2020-09-28 19:13:46',NULL),(105,'ALEX ESAU','POOT','ACEVEDO',13,'POAA070704HYNTCLA3','H',NULL,'C.30 #230E  X 37 Y 39  CENTRO  HUNUCMA,YUCATAN','9991452621','esaubikers@gmail.com',NULL,'18 (2)',NULL,2,105,105,105,2,'2020-09-28 19:22:30',NULL),(106,'SANTIAGO DANIEL','QUINTAL','EUAN',13,'QUES070624HYNNNNA0','H',NULL,'C.21 #203C  X 30 Y 32  CENTRO  HUNUCMA,YUCATAN','9881036550','santiquintaleuan@gmail.com',NULL,'14 (1)',NULL,2,106,106,106,2,'2020-09-28 21:36:58',NULL),(107,'ANGELA NOEMI','VAZQUEZ','YAM',13,'VAYA070309MYNZMNA3','M',NULL,'C.11 #214  X 20 Y 22 COL.FLORES MAGON   HUNUCMA,YUCATAN','9889673049','angelavy225@gmail.com',NULL,'18 (2)',NULL,2,107,107,107,2,'2020-09-28 21:50:41',NULL),(108,'ANELY ASUNCION','BOJORQUEZ','PERAZA',13,'BOPA061024MYNJRNA0','M',NULL,'C.27 #201  X 30 Y 32  CENTRO  HUNUCMA,YUCATAN','9993544118','anelybojorquez24@gmail.com',NULL,'16 (1)',NULL,3,108,108,108,2,'2020-09-29 01:44:49',NULL),(109,'JOSE  ELIAS','CAAMAL','COB',14,'CACE060314HYNMBLA9','H',NULL,'C.23 #198  X 28 Y 30 CENTRO  HUNUCMA,YUCATAN','9992620588','eliascob3@gmail.com',NULL,'32 (2)',NULL,3,109,109,109,2,'2020-09-29 01:53:24',NULL),(110,'DIEGO MAXIMILIANO','CASTILLA','DURAN',13,'CADD061006HYNSRGA3','H',NULL,'C.32  S/N  X 17 Y 15 COL.SANTO DOMINGO  HUNUCMA,YUCATAN','9992065923','lourdesdurancob@gmail.com',NULL,'14  (2)',NULL,3,110,110,110,2,'2020-09-29 02:02:04',NULL),(111,'DAFNE GUADALUPE','CAUICH','CHAVEZ',14,'CACD061207MYNCHFA0','M',NULL,'C.30 #201 X 41 Y 49  COL.GUADALUPE  HUNUCMA,YUCATAN','9991522075','dafnecauich123@gmail.com',NULL,'12 (2)',NULL,3,111,111,111,2,'2020-09-29 02:12:47',NULL),(112,'LEONEL DE JESUS','CORDOVA','CANUL',14,'COCL060417HYNRNNA7','H',NULL,'C.27 #235G  X 38 Y 40 COL.SANTA ROSA  HUNUCMA,YUCATAN','9993972918','cordovaleonel1706@gmail.com',NULL,'30',NULL,3,112,112,112,2,'2020-09-29 02:22:26',NULL),(113,'ALBERTH ISUAEL','DZUL','DZIB',14,'DUDA060118HYNZZLA4','H',NULL,'C.21 #97C  X 16 Y 18  CENTRO   KINCHIL,YUCATAN','9992387335','alberth.dzul.dzib@gmail.com',NULL,'18 (1)',NULL,3,113,113,113,2,'2020-09-29 20:30:13',NULL),(114,'ANGEL JESUS','GALAZ','CANUL',14,'GACA060108HYNLNNA4','H',NULL,'C.23 #403C  X 30 Y 32  CENTRO  HUNUCMA,YUCATAN','9991194452','angelgalaz703@gmail.com',NULL,'14  (2)',NULL,3,114,114,114,2,'2020-09-30 00:43:21',NULL),(115,'RAFAEL ALBERTO','KOYOC','POOT',13,'KOPR061029HYNYTFA9','H',NULL,'C.20 #73  X 11 Y 13   TETIZ,YUCATAN','9999582612','luis1081.1k@gmail.com',NULL,'12 (2)',NULL,3,115,115,115,2,'2020-09-30 00:56:14',NULL),(116,'KARLA NEFTHALY','MENDEZ','AVILA',14,'MEAK060811MYNNVRA5','M',NULL,'C.37 #207H  X 22 Y 24  COL.SAN VICENTE  HUNUCMA,YUC','9991870795   9994952729','ka5290081@gmail.com',NULL,'30 (2)',NULL,3,116,116,116,2,'2020-09-30 01:05:30',NULL),(117,'EMMANUEL ENRIQUE','MENDEZ','PEÑA',13,'MEPE061206HYNNXMA8','H',NULL,'C.26 S/N  X 5  COL.SAN JUAN II  HUNUCMA,YUCATAN','9994923891','emmanuel30jordan@gmail.com',NULL,'16 (2)',NULL,3,117,117,117,2,'2020-09-30 01:15:39',NULL),(118,'DANIELA ALEJANDRA','MONSREAL','CHAC',14,'MOCD060611MYNNHNA8','M',NULL,'C.34A #199C  X 23 Y 35 COL.SANTA ROSA  HUNUCMA,YUCATAN','9993551468','daniela.monschac@gmail.com',NULL,'12 (2)',NULL,3,118,118,118,2,'2020-09-30 01:42:22',NULL),(119,'WILBERTH DE JESUS','PACHECO','POOT',14,'PAPW051031HYNCTLA3','H',NULL,'C.34 S/N  X 15 Y 17 COL.STO.DOMINGO  HUNUCMA,YUCATAN','9994940093','wilberthdejesuspachecopoot@gmail.com',NULL,'16 (1)',NULL,3,119,119,119,2,'2020-09-30 01:50:04',NULL),(120,'AMAIRANI ASUNCION','PERAZA','CANUL',14,'PECA060807MYNRNMA6','M',NULL,'C.32 #195A X 25 Y 27  CENTRO  HUNUCMA,YUCATAN','9993280885','perazacanulamairani@gmail.com',NULL,'12 + 3 cm largo',NULL,3,120,120,120,2,'2020-09-30 02:01:27',NULL),(121,'JOEL ALEXANDER','ROMERO','PUERTO',14,'ROPJ060823HYNMRLA3','H',NULL,'C.41 #198A  x 26 Y 28  COL.SAN VICENTE   HUNUCMA,YUCATAN','9991996933','joelromeropuerto@gmail.com',NULL,'18 (2)',NULL,3,121,121,121,2,'2020-09-30 03:19:05',NULL),(122,'WILMER FERNANDO','ROMERO','SOLIS',15,'ROSW050317HYNLXLA4','H',NULL,'C.9  #20A  X 28 Y 30  HUNUCMA,YUCATAN','5568665967','wilmerfernandoromerosolis@gmail.com',NULL,'18 (2)',NULL,3,122,122,122,2,'2020-09-30 03:38:52',NULL),(123,'KRISTY JULIANY','SOLIS','MARTIN',14,'SOMK060107MYNLRRA9','M',NULL,'C.32 #189B  X 25 Y 23  CENTRO   HUNUCMA,YUCATAN','9992228713   9992621521','kristyj.solis@gmail.com',NULL,'32 (1)',NULL,3,123,123,123,2,'2020-09-30 03:49:10',NULL),(124,'GIANCARLO  SERGEI','SOLIS','TUM',14,'SOTG060530HYNLMNA9','H',NULL,'C.28 #192  X 23 Y 25  CENTRO  HUNUCMA,YUCATAN','9992605303','sergeisolis@gmail.com',NULL,'14  (2)',NULL,3,124,124,124,2,'2020-09-30 04:00:33',NULL),(125,'CESAR MANUEL','UC','PEÑA',14,'UXPC060417HYNCXSA1','H',NULL,'C.33 #214  X 32 Y 34  CENTRO  HUNUCMA,YUCATAN','9991013315','uccesar23@gmail.com',NULL,'34 (3)',NULL,3,125,125,125,2,'2020-09-30 04:08:06',NULL),(126,'VALERIA GUADALUPE','BOJORQUEZ','NOVELO',14,'BONV060113MYNJVLA8','M',NULL,'C.21 #1301  X 28 Y 30  SISAL   HUNUCMA,YUCATAN','9993528749','bojorqueznovelovaleria@gmail.com',NULL,'30',NULL,3,126,126,126,2,'2020-09-30 04:46:38',NULL),(127,'PAOLA GUADALUPE','BOJORQUEZ','TZAB',14,'BOTP060724MYNJZLA5','M',NULL,'C.33 #166 X 22 Y 24 COL. BALTAZAR CEBALLOS   HUNUCMA, YUCATAN','9992732195','Paola.BojorquezTZ@gmail.com',NULL,'16 (2)',NULL,3,127,127,127,2,'2020-09-30 04:55:28',NULL),(128,'PABLO DAVID','CAAMAL','CANUL',14,'CACP060816HYNMNBA8','H',NULL,'C.36 S/N  X 15 Y 17  COL.SANTO DOMINGO  HUNUCMA,YUCATAN','9991601495','pablo.caamal123@gmail.com',NULL,'16 (1)',NULL,3,128,128,128,2,'2020-09-30 05:03:37',NULL),(129,'JUAN PABLO','CEN','KOYOC',14,'CEKJ060217HYNNYNA5','H',NULL,'C.13 #100B  X 26 Y 26A  COL. FLORES MAGON   HUNUCMA,YUCATAN','9991291739','pablocen578@gmail.com',NULL,'18 (2)',NULL,3,129,129,129,2,'2020-09-30 05:19:07',NULL),(130,'JOSHUA AZAEL','CHACON','CHOCH',13,'CACJ061216HYNHHSA2','H',NULL,'C.19 #210  X 32 Y 34  COL.STO. DOMINGO  HUNUCMA,YUCATAN','9842118193','joshuachacon477@gmail.com',NULL,'30 (2)',NULL,3,130,130,130,2,'2020-09-30 05:28:07',NULL),(131,'VIVIAN DEL CARMEN','CHIN','CHACON',13,'CICV060912MYNHHVA3','M',NULL,'C.32 #210A  X 35 Y 37  CENTRO  HUNUCMA,YUCATAN','9994995207','chinchaconvivian@gmail.com',NULL,'12 (2)',NULL,3,131,131,131,2,'2020-09-30 05:36:46',NULL),(132,'MOISES ESAU','CHUC','MOLINA',14,'CUMM060204HYNHLSA4','H',NULL,'C.28 #75  X 9 Y 11  COL.SAN MARTIN  HUNUCMA,YUCATAN','9992093923','moiseschuc999@gmial.com',NULL,'14  (2)',NULL,3,132,132,132,2,'2020-09-30 05:43:14',NULL),(133,'ALFONSO JAVIER','EK','TOME',15,'EXTA050401HYNKMLA2','H',NULL,'C.26A #151  X 11 Y 13  COL. SAN JUAN II   HUNUCMA,YUCATAN','9995067388','ekalfonso685@gmail.com',NULL,'30 (2)',NULL,3,133,133,133,2,'2020-09-30 05:49:51',NULL),(134,'NATALIA GUADALUPE','EUAN','BALAM',13,'EUBN061229MYNNLTA9','M',NULL,'C.32 #182  X 23 Y 25  CENTRO   HUNUCMA,YUCATAN','9889679568','nataliaeuan29@gmail.com',NULL,'14 (1)',NULL,3,134,134,134,2,'2020-09-30 05:57:36',NULL),(135,'ADAMARI SARAI','FRANCO','LOPEZ',13,'FALA061009MYNRPDA1','M',NULL,'C.33 #210  X 30 Y 32  CENTRO  HUNUCMA,YUCATAN','9991075892','adisaralopez8@gmail.com',NULL,'12',NULL,3,135,135,135,2,'2020-09-30 06:07:00',NULL),(136,'IKER GUILLERMO','MOO','MEX',14,'MOMI060329HYNXXKA0','H',NULL,'C.32 #212  X 33 Y 35  CENTRO  HUNUCMA,YUCATAN','9991846473','moo.iker216@gmail.com',NULL,'18 (3) + 2cm. largo',NULL,3,136,136,136,2,'2020-09-30 06:14:24',NULL),(137,'MONSERRAT ALEJANDRA','NOH','BALAM',14,'NOBM060120MYNHLNA9','M',NULL,'C.24 #194A  X 23 Y 25   HUNUCMA,YUCATAN','9889672884','monserratnoh647@gmail.com',NULL,'18 (1)',NULL,3,137,137,137,2,'2020-09-30 06:23:14',NULL),(138,'MARIA ALEJANDRA','NOVELO','HERNANDEZ',15,'NOHA060702MYNVRLA2','M',NULL,'C.17 S/N  X18 Y 20  SISAL   HUNUCMA,YUCATAN','9992324256   9994509171','ale02mariahernandez@gmail.com',NULL,'14 (3)',NULL,3,138,138,138,2,'2020-09-30 06:37:21',NULL),(139,'JARED ALEJANDRO','NOVELO','PACHECO',16,'NOPJ031020HYNVCRA8','H',NULL,'C.23 #203  X 30 Y 32  CENTRO  HUNUCMA,YUCATAN','9889676236','jarednovelopacheco20@gmail.com',NULL,'36 (2)',NULL,3,139,139,139,2,'2020-09-30 06:45:50',NULL),(140,'JOSE ALBERTO','PECH','CHIN',14,'PECA060324HYNCHLA5','H',NULL,'C.24 #232  X 37 Y 39  COL.SAN VICENTE   HUNUCMA,YUCATAN','9991438829','jose.pech2406@gmail.com',NULL,'30 (2)',NULL,3,140,140,140,2,'2020-09-30 06:53:25',NULL),(141,'LIZARDO DANAEL','QUINTAL','PUC',16,'QUPL040501HYNNCZA0','H',NULL,'C.35 #243  X 38 Y 40  COL.FATIMA   HUNUCMA,YUCATAN','9993672412','danael.01quintal@gmail.com',NULL,'16 (2)',NULL,3,141,141,141,2,'2020-09-30 07:01:40',NULL),(142,'JOSAEL MODESTO','UICAB','CASANOVA',14,'UICJ060726HYNCSSA8','H',NULL,'C.32 #206  X 33 Y 35  CENTRO  HUNUCMA,YUCATAN','9991298667','josaeluicab@gmail.com',NULL,'18 (2)',NULL,3,142,142,142,2,'2020-09-30 07:21:08',NULL),(143,'ESAU  YOEL','VENTURA','NOVELO',15,'VENE040913HYNNVSA1','H',NULL,'C.24 #210A  X 31 Y 33   CENTRO   HUNUCMA,YUCATAN','9992641062','esauventura72@gmail.com',NULL,'16 (3)',NULL,3,143,143,143,2,'2020-09-30 07:30:46',NULL),(144,'VALERIA','ROMERO','FRANCO',14,'ROFV061231MYNMRLA6','M',NULL,'C.39 #196  X 28 Y 30   CENTRO  HUNUCMA,YUCATAN','9991278636','valeria.romerofranco@gmail.com','ingresa a 3°B  promedio 1° 8.1  -  2° 8.4','32 (2)',NULL,3,144,144,144,2,'2020-09-30 07:48:35',NULL);
/*!40000 ALTER TABLE `alumnos` ENABLE KEYS */;
UNLOCK TABLES;

--
-- Table structure for table `asignaturas`
--

DROP TABLE IF EXISTS `asignaturas`;
/*!40101 SET @saved_cs_client     = @@character_set_client */;
/*!40101 SET character_set_client = utf8 */;
CREATE TABLE `asignaturas` (
  `id` bigint(20) unsigned NOT NULL AUTO_INCREMENT,
  `nombre` varchar(191) COLLATE utf8mb4_unicode_ci NOT NULL,
  `creditos` int(11) NOT NULL,
  `created_at` timestamp NULL DEFAULT NULL,
  `updated_at` timestamp NULL DEFAULT NULL,
  PRIMARY KEY (`id`),
  UNIQUE KEY `asignaturas_nombre_unique` (`nombre`)
) ENGINE=InnoDB AUTO_INCREMENT=14 DEFAULT CHARSET=utf8mb4 COLLATE=utf8mb4_unicode_ci;
/*!40101 SET character_set_client = @saved_cs_client */;

--
-- Dumping data for table `asignaturas`
--

LOCK TABLES `asignaturas` WRITE;
/*!40000 ALTER TABLE `asignaturas` DISABLE KEYS */;
INSERT INTO `asignaturas` VALUES (1,'ESPAÑOL',100,'2020-07-04 06:49:51',NULL),(2,'MATEMATICAS',100,'2020-08-03 23:41:59',NULL),(3,'INGLES',100,'2020-08-03 23:42:39',NULL),(4,'CIENCIAS',100,'2020-08-03 23:43:16',NULL),(5,'GEOGRAFIA',100,'2020-08-03 23:44:07',NULL),(6,'HISTORIA',100,'2020-08-03 23:44:51',NULL),(7,'FORM.CIV.ÉTI.',100,'2020-08-03 23:45:48',NULL),(8,'TECNOLOGIA',100,'2020-08-03 23:46:29',NULL),(9,'EDUC.FISICA',100,'2020-08-03 23:46:51',NULL),(10,'ARTISTICA',100,'2020-08-03 23:47:45','2020-10-30 15:43:50'),(11,'TUTORIA',100,'2020-08-03 23:48:01',NULL),(12,'VALORES',100,'2020-08-03 23:50:54',NULL),(13,'VIDA SALUDABLE',100,'2020-09-23 04:37:15','2020-09-23 04:48:20');
/*!40000 ALTER TABLE `asignaturas` ENABLE KEYS */;
UNLOCK TABLES;

--
-- Table structure for table `calificaciones_periodo`
--

DROP TABLE IF EXISTS `calificaciones_periodo`;
/*!40101 SET @saved_cs_client     = @@character_set_client */;
/*!40101 SET character_set_client = utf8 */;
CREATE TABLE `calificaciones_periodo` (
  `id` bigint(20) unsigned NOT NULL AUTO_INCREMENT,
  `calificacionA` double DEFAULT NULL,
  `calificacionB` double DEFAULT NULL,
  `promedio` decimal(10,1) unsigned DEFAULT NULL,
  `faltas` int(10) unsigned DEFAULT NULL,
  `clase_id` bigint(20) unsigned NOT NULL,
  `alumno_id` bigint(20) unsigned NOT NULL,
  `periodo_id` bigint(20) unsigned NOT NULL,
  `created_at` timestamp NULL DEFAULT NULL,
  `updated_at` timestamp NULL DEFAULT NULL,
  PRIMARY KEY (`id`),
  KEY `calificaciones_periodo_clase_id_foreign` (`clase_id`),
  KEY `calificaciones_periodo_alumno_id_foreign` (`alumno_id`),
  KEY `calificaciones_periodo_periodo_id_foreign` (`periodo_id`),
  CONSTRAINT `calificaciones_periodo_alumno_id_foreign` FOREIGN KEY (`alumno_id`) REFERENCES `alumnos` (`id`),
  CONSTRAINT `calificaciones_periodo_clase_id_foreign` FOREIGN KEY (`clase_id`) REFERENCES `clases` (`id`),
  CONSTRAINT `calificaciones_periodo_periodo_id_foreign` FOREIGN KEY (`periodo_id`) REFERENCES `periodos` (`id`)
) ENGINE=InnoDB AUTO_INCREMENT=2005 DEFAULT CHARSET=utf8mb4 COLLATE=utf8mb4_unicode_ci;
/*!40101 SET character_set_client = @saved_cs_client */;

--
-- Dumping data for table `calificaciones_periodo`
--

LOCK TABLES `calificaciones_periodo` WRITE;
/*!40000 ALTER TABLE `calificaciones_periodo` DISABLE KEYS */;
INSERT INTO `calificaciones_periodo` VALUES (1,10,10,10.0,NULL,35,56,2,'2020-10-04 02:54:42','2020-10-04 02:54:42'),(2,10,10,10.0,NULL,35,55,2,'2020-10-04 07:54:42','2020-10-04 07:54:42'),(3,8.9,6,7.0,NULL,35,57,2,'2020-10-03 16:54:42','2020-10-03 16:54:42'),(4,7.7,8,8.0,NULL,35,58,2,'2020-10-03 01:54:42','2020-10-03 01:54:42'),(5,8.8,7.5,8.0,NULL,35,59,2,'2020-10-03 01:54:42','2020-10-03 01:54:42'),(6,8.2,9.7,9.0,NULL,35,60,2,'2020-10-02 15:54:42','2020-10-02 15:54:42'),(7,6.8,6.8,7.0,NULL,35,66,2,'2020-10-02 15:54:42','2020-10-02 15:54:42'),(8,9.7,9.7,10.0,NULL,35,63,2,'2020-10-02 15:54:42','2020-10-02 15:54:42'),(9,7.4,9,8.0,NULL,35,61,2,'2020-10-02 15:54:42','2020-10-02 15:54:42'),(10,9.3,9.7,10.0,NULL,35,64,2,'2020-10-02 15:54:42','2020-10-02 15:54:42'),(11,7,5,6.0,NULL,35,62,2,'2020-10-02 15:54:42','2020-10-02 15:54:42'),(12,8.9,5,7.0,NULL,35,67,2,'2020-10-02 15:54:42','2020-10-02 15:54:42'),(13,6,8.2,7.0,NULL,35,68,2,'2020-10-02 15:54:42','2020-10-02 15:54:42'),(14,7,8,8.0,NULL,35,65,2,'2020-10-03 21:54:42','2020-10-03 21:54:42'),(15,9.1,10,10.0,NULL,35,69,2,'2020-10-02 15:54:42','2020-10-02 15:54:42'),(16,8.7,8.6,9.0,NULL,35,70,2,'2020-10-02 15:54:42','2020-10-02 15:54:42'),(17,6.7,10,8.0,NULL,35,71,2,'2020-10-02 15:54:42','2020-10-02 15:54:42'),(18,7.8,8.3,8.0,NULL,35,72,2,'2020-10-02 15:54:42','2020-10-02 15:54:42'),(19,6,5,5.5,NULL,35,73,2,'2020-10-02 20:54:42','2020-10-02 20:54:42'),(20,8.9,9.1,9.0,NULL,35,74,2,'2020-10-02 15:54:42','2020-10-02 15:54:42'),(21,8.4,9.1,9.0,NULL,35,75,2,'2020-10-02 15:54:42','2020-10-02 15:54:42'),(22,10,10,10.0,NULL,35,76,2,'2020-10-02 15:54:42','2020-10-02 15:54:42'),(23,9.2,8.5,9.0,NULL,35,77,2,'2020-10-02 15:54:42','2020-10-02 15:54:42'),(24,7.4,7.5,7.0,NULL,35,78,2,'2020-10-02 15:54:42','2020-10-02 15:54:42'),(25,7.6,8.5,8.0,NULL,35,80,2,'2020-10-02 20:54:42','2020-10-02 20:54:42'),(26,9.9,10,10.0,NULL,35,79,2,'2020-10-02 15:54:42','2020-10-02 15:54:42'),(27,9.9,9.2,10.0,NULL,35,81,2,'2020-10-02 15:54:42','2020-10-02 15:54:42'),(28,7,7.7,7.0,NULL,35,82,2,'2020-10-02 15:54:42','2020-10-02 15:54:42'),(29,9.2,9,9.0,NULL,36,83,2,'2020-10-02 18:02:26','2020-10-02 18:02:26'),(30,8.9,9.7,9.0,NULL,36,84,2,'2020-10-02 18:02:26','2020-10-02 18:02:26'),(31,5,5,5.0,NULL,36,85,2,'2020-10-02 18:02:26','2020-10-02 18:02:26'),(32,7.4,8.2,8.0,NULL,36,86,2,'2020-10-02 18:02:26','2020-10-02 18:02:26'),(33,6,6.6,6.0,NULL,36,87,2,'2020-10-03 04:02:26','2020-10-03 04:02:26'),(34,6,5,6.0,NULL,36,88,2,'2020-10-02 18:02:26','2020-10-02 18:02:26'),(35,9.7,10,10.0,NULL,36,90,2,'2020-10-02 18:02:26','2020-10-02 18:02:26'),(36,5,5,5.0,NULL,36,92,2,'2020-10-02 23:02:26','2020-10-02 23:02:26'),(37,5,5.2,5.0,NULL,36,91,2,'2020-10-02 23:02:26','2020-10-02 23:02:26'),(38,7.3,8.7,8.0,NULL,36,94,2,'2020-10-02 18:02:26','2020-10-02 18:02:26'),(39,8.4,8.2,8.0,NULL,36,96,2,'2020-10-02 18:02:26','2020-10-02 18:02:26'),(40,10,9.4,10.0,NULL,36,95,2,'2020-10-02 18:02:26','2020-10-02 18:02:26'),(41,5.2,7.6,6.0,NULL,36,89,2,'2020-10-02 18:02:26','2020-10-02 18:02:26'),(42,8.7,7.1,8.0,NULL,36,93,2,'2020-10-02 18:02:26','2020-10-02 18:02:26'),(43,10,10,10.0,NULL,36,97,2,'2020-10-02 18:02:26','2020-10-02 18:02:26'),(44,7.4,7.1,7.0,NULL,36,98,2,'2020-10-02 18:02:26','2020-10-02 18:02:26'),(45,8.8,7.5,8.0,NULL,36,99,2,'2020-10-02 18:02:26','2020-10-02 18:02:26'),(46,6,6,6.0,NULL,36,100,2,'2020-10-03 04:02:26','2020-10-03 04:02:26'),(47,8.4,9.8,9.0,NULL,36,101,2,'2020-10-02 18:02:26','2020-10-02 18:02:26'),(48,7.9,5.6,7.0,NULL,36,102,2,'2020-10-02 18:02:26','2020-10-02 18:02:26'),(49,8.9,9.5,9.0,NULL,36,106,2,'2020-10-02 18:02:26','2020-10-02 18:02:26'),(50,8,7.5,8.0,NULL,36,104,2,'2020-10-02 18:02:26','2020-10-02 18:02:26'),(51,9.6,9.6,10.0,NULL,36,105,2,'2020-10-02 23:02:26','2020-10-02 23:02:26'),(52,7.8,8.2,8.0,NULL,36,103,2,'2020-10-02 23:02:26','2020-10-02 23:02:26'),(53,8.6,7.9,8.0,NULL,36,107,2,'2020-10-02 18:02:26','2020-10-02 18:02:26'),(54,10,10,10.0,NULL,57,5,2,'2020-10-03 14:26:40','2020-10-03 14:26:40'),(55,10,10,10.0,NULL,57,6,2,'2020-10-03 14:26:40','2020-10-03 14:26:40'),(56,10,10,10.0,NULL,57,7,2,'2020-10-03 14:26:40','2020-10-03 14:26:40'),(57,10,9,10.0,NULL,57,8,2,'2020-10-03 14:26:41','2020-10-03 14:26:41'),(58,10,10,10.0,NULL,57,9,2,'2020-10-03 14:26:41','2020-10-03 14:26:41'),(59,10,10,10.0,NULL,57,10,2,'2020-10-03 14:26:41','2020-10-03 14:26:41'),(60,10,10,10.0,NULL,57,11,2,'2020-10-03 14:26:41','2020-10-03 14:26:41'),(61,10,10,10.0,NULL,57,15,2,'2020-10-03 14:26:41','2020-10-03 14:26:41'),(62,10,10,10.0,NULL,57,13,2,'2020-10-03 14:26:41','2020-10-03 14:26:41'),(63,10,10,10.0,NULL,57,14,2,'2020-10-03 14:26:41','2020-10-03 14:26:41'),(64,10,10,10.0,NULL,57,12,2,'2020-10-03 14:26:41','2020-10-03 14:26:41'),(65,10,10,10.0,NULL,57,17,2,'2020-10-03 09:26:41','2020-10-03 09:26:41'),(66,10,10,10.0,NULL,57,16,2,'2020-10-03 14:26:41','2020-10-03 14:26:41'),(67,10,10,10.0,NULL,57,21,2,'2020-10-03 09:26:41','2020-10-03 09:26:41'),(68,10,10,10.0,NULL,57,20,2,'2020-10-03 14:26:41','2020-10-03 14:26:41'),(69,10,10,10.0,NULL,57,18,2,'2020-10-03 14:26:41','2020-10-03 14:26:41'),(70,10,10,10.0,NULL,57,23,2,'2020-10-03 09:26:41','2020-10-03 09:26:41'),(71,10,9,10.0,NULL,57,22,2,'2020-10-03 09:26:41','2020-10-03 09:26:41'),(72,10,10,10.0,NULL,57,19,2,'2020-10-03 09:26:41','2020-10-03 09:26:41'),(73,10,10,10.0,NULL,57,24,2,'2020-10-03 09:26:41','2020-10-03 09:26:41'),(74,10,10,10.0,NULL,57,25,2,'2020-10-03 09:26:41','2020-10-03 09:26:41'),(75,10,10,10.0,NULL,57,26,2,'2020-10-03 09:26:41','2020-10-03 09:26:41'),(76,10,10,10.0,NULL,57,28,2,'2020-10-03 09:26:41','2020-10-03 09:26:41'),(77,10,10,10.0,NULL,57,29,2,'2020-10-03 09:26:41','2020-10-03 09:26:41'),(78,10,10,10.0,NULL,57,27,2,'2020-10-03 09:26:41','2020-10-03 09:26:41'),(79,9.2,9.5,9.0,NULL,4,5,2,'2020-10-03 13:00:25','2020-10-03 13:00:25'),(80,9.9,8.9,9.0,NULL,4,6,2,'2020-10-03 13:00:25','2020-10-03 13:00:25'),(81,9.8,9.7,10.0,NULL,4,7,2,'2020-10-03 13:00:25','2020-10-03 13:00:25'),(82,9.1,9.4,9.0,NULL,4,8,2,'2020-10-03 08:00:25','2020-10-03 08:00:25'),(83,9.9,8.9,9.0,NULL,4,9,2,'2020-10-03 08:00:25','2020-10-03 08:00:25'),(84,9.1,9.5,9.0,NULL,4,10,2,'2020-10-03 08:00:25','2020-10-03 08:00:25'),(85,9.5,9.7,10.0,NULL,4,11,2,'2020-10-03 08:00:25','2020-10-03 08:00:25'),(86,9.1,9.1,9.0,NULL,4,15,2,'2020-10-03 08:00:25','2020-10-03 08:00:25'),(87,9.6,9.7,10.0,NULL,4,13,2,'2020-10-03 08:00:25','2020-10-03 08:00:25'),(88,9.6,9.7,10.0,NULL,4,14,2,'2020-10-03 08:00:25','2020-10-03 08:00:25'),(89,9.5,9.6,10.0,NULL,4,12,2,'2020-10-03 08:00:25','2020-10-03 08:00:25'),(90,9.9,9.8,10.0,NULL,4,17,2,'2020-10-03 08:00:25','2020-10-03 08:00:25'),(91,9.5,9.7,10.0,NULL,4,16,2,'2020-10-03 08:00:25','2020-10-03 08:00:25'),(92,9.6,9.6,10.0,NULL,4,21,2,'2020-10-03 08:00:25','2020-10-03 08:00:25'),(93,9.4,9.3,9.0,NULL,4,20,2,'2020-10-03 08:00:25','2020-10-03 08:00:25'),(94,9.1,9.1,9.0,NULL,4,18,2,'2020-10-03 08:00:25','2020-10-03 08:00:25'),(95,9.9,9.8,10.0,NULL,4,23,2,'2020-10-03 13:00:25','2020-10-03 13:00:25'),(96,8.3,9.2,9.0,NULL,4,22,2,'2020-10-03 23:00:25','2020-10-03 23:00:25'),(97,9.8,8.6,9.0,NULL,4,19,2,'2020-10-03 08:00:25','2020-10-03 08:00:25'),(98,9.9,9.4,10.0,NULL,4,24,2,'2020-10-03 08:00:25','2020-10-03 08:00:25'),(99,9.8,9.1,9.0,NULL,4,25,2,'2020-10-03 08:00:25','2020-10-03 08:00:25'),(100,9.8,9.1,9.0,NULL,4,26,2,'2020-10-03 08:00:25','2020-10-03 08:00:25'),(101,9.8,9.7,10.0,NULL,4,28,2,'2020-10-03 08:00:25','2020-10-03 08:00:25'),(102,9.4,9.7,10.0,NULL,4,29,2,'2020-10-03 08:00:25','2020-10-03 08:00:25'),(103,9.8,9.3,10.0,NULL,4,27,2,'2020-10-03 08:00:25','2020-10-03 08:00:25'),(104,9.2,9.1,9.0,NULL,2,5,2,'2020-10-03 13:02:32','2020-10-03 13:02:32'),(105,9.3,9.3,9.0,NULL,2,6,2,'2020-10-03 08:02:32','2020-10-03 08:02:32'),(106,9.5,9.8,10.0,NULL,2,7,2,'2020-10-03 08:02:32','2020-10-03 08:02:32'),(107,9.3,9.2,9.0,NULL,2,8,2,'2020-10-03 13:02:32','2020-10-03 13:02:32'),(108,9.1,9,9.0,NULL,2,9,2,'2020-10-03 08:02:32','2020-10-03 08:02:32'),(109,9.3,9.4,9.0,NULL,2,10,2,'2020-10-03 13:02:32','2020-10-03 13:02:32'),(110,9.5,10,10.0,NULL,2,11,2,'2020-10-03 13:02:32','2020-10-03 13:02:32'),(111,9.3,8.3,9.0,NULL,2,15,2,'2020-10-03 08:02:32','2020-10-03 08:02:32'),(112,9.7,10,10.0,NULL,2,13,2,'2020-10-03 13:02:32','2020-10-03 13:02:32'),(113,9.7,10,10.0,NULL,2,14,2,'2020-10-03 08:02:32','2020-10-03 08:02:32'),(114,9.5,10,10.0,NULL,2,12,2,'2020-10-03 13:02:32','2020-10-03 13:02:32'),(115,10,10,10.0,NULL,2,17,2,'2020-10-03 08:02:32','2020-10-03 08:02:32'),(116,9.2,8.6,9.0,NULL,2,16,2,'2020-10-03 13:02:32','2020-10-03 13:02:32'),(117,9.5,9.7,10.0,NULL,2,21,2,'2020-10-03 08:02:32','2020-10-03 08:02:32'),(118,9.2,9.3,9.0,NULL,2,20,2,'2020-10-03 13:02:32','2020-10-03 13:02:32'),(119,9.5,10,10.0,NULL,2,18,2,'2020-10-03 08:02:32','2020-10-03 08:02:32'),(120,9.7,10,10.0,NULL,2,23,2,'2020-10-03 08:02:32','2020-10-03 08:02:32'),(121,9.2,8.2,9.0,NULL,2,22,2,'2020-10-03 08:02:32','2020-10-03 08:02:32'),(122,9.2,8.9,9.0,NULL,2,19,2,'2020-10-03 13:02:32','2020-10-03 13:02:32'),(123,9.5,9.7,10.0,NULL,2,24,2,'2020-10-03 08:02:32','2020-10-03 08:02:32'),(124,9.2,9.5,9.0,NULL,2,25,2,'2020-10-03 08:02:32','2020-10-03 08:02:32'),(125,9.3,9.7,10.0,NULL,2,26,2,'2020-10-03 13:02:32','2020-10-03 13:02:32'),(126,9.3,9.6,9.0,NULL,2,28,2,'2020-10-03 13:02:33','2020-10-03 13:02:33'),(127,9.7,9.4,10.0,NULL,2,29,2,'2020-10-03 08:02:33','2020-10-03 08:02:33'),(128,9.2,9.3,9.0,NULL,2,27,2,'2020-10-03 13:02:33','2020-10-03 13:02:33'),(129,8.2,10,9.0,NULL,19,31,2,'2020-10-03 13:04:03','2020-10-03 13:04:03'),(130,9.5,10,10.0,NULL,19,33,2,'2020-10-03 18:04:03','2020-10-03 18:04:03'),(131,8.9,10,9.0,NULL,19,32,2,'2020-10-03 13:04:03','2020-10-03 13:04:03'),(132,8,5,7.0,1,19,34,2,'2020-10-03 13:04:03','2020-10-03 13:04:03'),(133,9.3,10,10.0,NULL,19,35,2,'2020-10-03 13:04:03','2020-10-03 13:04:03'),(134,6.6,5.3,6.0,NULL,19,30,2,'2020-10-03 23:04:03','2020-10-03 23:04:03'),(135,8.8,5,7.0,5,19,36,2,'2020-10-03 13:04:03','2020-10-03 13:04:03'),(136,8.4,7,8.0,NULL,19,38,2,'2020-10-03 13:04:03','2020-10-03 13:04:03'),(137,8,7,8.0,NULL,19,37,2,'2020-10-03 13:04:03','2020-10-03 13:04:03'),(138,8.4,8.2,8.0,NULL,19,41,2,'2020-10-03 13:04:03','2020-10-03 13:04:03'),(139,8.1,9,9.0,NULL,19,42,2,'2020-10-03 13:04:03','2020-10-03 13:04:03'),(140,7.6,5,6.0,3,19,44,2,'2020-10-03 13:04:03','2020-10-03 13:04:03'),(141,8.8,7.4,8.0,NULL,19,43,2,'2020-10-03 13:04:03','2020-10-03 13:04:03'),(142,8.9,9.2,9.0,NULL,19,45,2,'2020-10-03 13:04:03','2020-10-03 13:04:03'),(143,8.9,9,9.0,NULL,19,46,2,'2020-10-03 18:04:03','2020-10-03 18:04:03'),(144,9.4,8.4,9.0,NULL,19,47,2,'2020-10-03 18:04:03','2020-10-03 18:04:03'),(145,9.1,9.3,9.0,NULL,19,48,2,'2020-10-03 18:04:03','2020-10-03 18:04:03'),(146,9.4,10,10.0,NULL,19,49,2,'2020-10-03 18:04:03','2020-10-03 18:04:03'),(147,6.2,7,7.0,1,19,52,2,'2020-10-03 18:04:03','2020-10-03 18:04:03'),(148,9.3,5.6,7.0,NULL,19,51,2,'2020-10-03 13:04:03','2020-10-03 13:04:03'),(149,7.9,10,9.0,NULL,19,50,2,'2020-10-03 13:04:03','2020-10-03 13:04:03'),(150,9.8,10,10.0,NULL,19,53,2,'2020-10-03 13:04:03','2020-10-03 13:04:03'),(151,8.9,10,9.0,NULL,19,54,2,'2020-10-03 13:04:03','2020-10-03 13:04:03'),(152,9.5,9.7,10.0,NULL,14,31,2,'2020-10-03 14:45:20','2020-10-03 14:45:20'),(153,9.5,10,10.0,NULL,14,33,2,'2020-10-03 14:45:20','2020-10-03 14:45:20'),(154,9.7,10,10.0,NULL,14,32,2,'2020-10-03 14:45:20','2020-10-03 14:45:20'),(155,8.9,6.3,8.0,NULL,14,34,2,'2020-10-03 14:45:20','2020-10-03 14:45:20'),(156,9.7,10,10.0,NULL,14,35,2,'2020-10-03 14:45:20','2020-10-03 14:45:20'),(157,9.3,10,10.0,NULL,14,30,2,'2020-10-03 14:45:20','2020-10-03 14:45:20'),(158,9.7,7.6,9.0,NULL,14,36,2,'2020-10-03 14:45:20','2020-10-03 14:45:20'),(159,8.9,7.1,8.0,NULL,14,38,2,'2020-10-03 14:45:20','2020-10-03 14:45:20'),(160,9.1,8.7,9.0,NULL,14,37,2,'2020-10-03 19:45:20','2020-10-03 19:45:20'),(161,9.3,9.3,9.0,NULL,14,41,2,'2020-10-03 14:45:20','2020-10-03 14:45:20'),(162,9.3,9.3,9.0,NULL,14,42,2,'2020-10-03 14:45:20','2020-10-03 14:45:20'),(163,9.1,5.8,7.0,NULL,14,44,2,'2020-10-03 14:45:20','2020-10-03 14:45:20'),(164,10,8.9,9.0,NULL,14,43,2,'2020-10-03 14:45:20','2020-10-03 14:45:20'),(165,9.5,9.7,10.0,NULL,14,45,2,'2020-10-03 14:45:20','2020-10-03 14:45:20'),(166,9.7,10,10.0,NULL,14,46,2,'2020-10-03 19:45:20','2020-10-03 19:45:20'),(167,9.5,10,10.0,NULL,14,47,2,'2020-10-03 14:45:20','2020-10-03 14:45:20'),(168,9.3,10,10.0,NULL,14,48,2,'2020-10-03 19:45:20','2020-10-03 19:45:20'),(169,9.7,8.7,9.0,NULL,14,49,2,'2020-10-03 14:45:20','2020-10-03 14:45:20'),(170,9,9.8,9.0,NULL,14,52,2,'2020-10-03 19:45:20','2020-10-03 19:45:20'),(171,9.1,9,9.0,NULL,14,51,2,'2020-10-03 19:45:20','2020-10-03 19:45:20'),(172,7.7,9.9,9.0,NULL,14,50,2,'2020-10-03 19:45:20','2020-10-03 19:45:20'),(173,9.3,10,10.0,NULL,14,53,2,'2020-10-03 14:45:20','2020-10-03 14:45:20'),(174,9,9.8,9.0,NULL,14,54,2,'2020-10-03 14:45:20','2020-10-03 14:45:20'),(175,9.7,9.7,10.0,NULL,15,56,2,'2020-10-03 19:45:25','2020-10-03 19:45:25'),(176,9.7,9.6,10.0,NULL,15,55,2,'2020-10-03 19:45:25','2020-10-03 19:45:25'),(177,9.2,8,9.0,NULL,15,57,2,'2020-10-03 19:45:25','2020-10-03 19:45:25'),(178,9.3,8.7,9.0,NULL,15,58,2,'2020-10-03 19:45:25','2020-10-03 19:45:25'),(179,9.5,9.9,10.0,NULL,15,59,2,'2020-10-03 14:45:25','2020-10-03 14:45:25'),(180,9.7,9.2,9.0,NULL,15,60,2,'2020-10-03 14:45:25','2020-10-03 14:45:25'),(181,9.2,9.2,9.0,NULL,15,66,2,'2020-10-03 14:45:25','2020-10-03 14:45:25'),(182,9.7,10,10.0,NULL,15,63,2,'2020-10-03 19:45:25','2020-10-03 19:45:25'),(183,9.3,8.9,9.0,NULL,15,61,2,'2020-10-03 19:45:25','2020-10-03 19:45:25'),(184,10,10,10.0,NULL,15,64,2,'2020-10-03 14:45:25','2020-10-03 14:45:25'),(185,8.9,9,9.0,NULL,15,62,2,'2020-10-03 14:45:25','2020-10-03 14:45:25'),(186,9.3,8.3,9.0,NULL,15,67,2,'2020-10-03 14:45:25','2020-10-03 14:45:25'),(187,9.5,8.2,9.0,NULL,15,68,2,'2020-10-03 14:45:25','2020-10-03 14:45:25'),(188,9.3,8.6,9.0,NULL,15,65,2,'2020-10-03 14:45:25','2020-10-03 14:45:25'),(189,9.7,10,10.0,NULL,15,69,2,'2020-10-03 14:45:25','2020-10-03 14:45:25'),(190,9.7,8.5,9.0,NULL,15,70,2,'2020-10-03 14:45:25','2020-10-03 14:45:25'),(191,9.2,8.3,9.0,NULL,15,71,2,'2020-10-03 14:45:25','2020-10-03 14:45:25'),(192,9.2,8,9.0,NULL,15,72,2,'2020-10-03 19:45:25','2020-10-03 19:45:25'),(193,5,8.1,7.0,NULL,15,73,2,'2020-10-03 19:45:25','2020-10-03 19:45:25'),(194,9.7,9.2,9.0,NULL,15,74,2,'2020-10-03 19:45:25','2020-10-03 19:45:25'),(195,9.7,9.7,10.0,NULL,15,75,2,'2020-10-03 19:45:25','2020-10-03 19:45:25'),(196,9.7,9.2,9.0,NULL,15,76,2,'2020-10-03 19:45:25','2020-10-03 19:45:25'),(197,9.1,8.3,9.0,NULL,15,77,2,'2020-10-03 19:45:25','2020-10-03 19:45:25'),(198,9.7,9.5,10.0,NULL,15,78,2,'2020-10-03 19:45:25','2020-10-03 19:45:25'),(199,9.5,8.2,9.0,NULL,15,80,2,'2020-10-03 19:45:25','2020-10-03 19:45:25'),(200,9.7,10,10.0,NULL,15,79,2,'2020-10-03 19:45:25','2020-10-03 19:45:25'),(201,9.7,9.4,10.0,NULL,15,81,2,'2020-10-03 14:45:25','2020-10-03 14:45:25'),(202,9.5,8.6,9.0,NULL,15,82,2,'2020-10-03 14:45:25','2020-10-03 14:45:25'),(203,9.2,9.3,9.0,NULL,16,83,2,'2020-10-03 14:45:30','2020-10-03 14:45:30'),(204,9.5,9.6,10.0,NULL,16,84,2,'2020-10-03 14:45:30','2020-10-03 14:45:30'),(205,7.6,5,6.0,4,16,85,2,'2020-10-03 19:45:30','2020-10-03 19:45:30'),(206,9.5,9.8,10.0,NULL,16,86,2,'2020-10-03 14:45:30','2020-10-03 14:45:30'),(207,8.9,7.6,8.0,NULL,16,87,2,'2020-10-03 14:45:30','2020-10-03 14:45:30'),(208,8.9,8.4,9.0,NULL,16,88,2,'2020-10-03 14:45:30','2020-10-03 14:45:30'),(209,9.5,9.9,10.0,NULL,16,90,2,'2020-10-03 14:45:30','2020-10-03 14:45:30'),(210,5,7.2,6.0,NULL,16,92,2,'2020-10-03 14:45:30','2020-10-03 14:45:30'),(211,8.9,8.3,9.0,NULL,16,91,2,'2020-10-03 14:45:30','2020-10-03 14:45:30'),(212,9.2,9.7,9.0,NULL,16,94,2,'2020-10-03 14:45:30','2020-10-03 14:45:30'),(213,9.7,10,10.0,NULL,16,96,2,'2020-10-03 14:45:30','2020-10-03 14:45:30'),(214,9.5,10,10.0,NULL,16,95,2,'2020-10-03 14:45:30','2020-10-03 14:45:30'),(215,7.6,8.2,8.0,NULL,16,89,2,'2020-10-03 14:45:30','2020-10-03 14:45:30'),(216,9,9,9.0,NULL,16,93,2,'2020-10-03 14:45:30','2020-10-03 14:45:30'),(217,9.7,10,10.0,NULL,16,97,2,'2020-10-03 14:45:30','2020-10-03 14:45:30'),(218,9.1,8,9.0,NULL,16,98,2,'2020-10-03 14:45:30','2020-10-03 14:45:30'),(219,9.2,7.8,9.0,NULL,16,99,2,'2020-10-03 14:45:30','2020-10-03 14:45:30'),(220,7.1,7.1,7.0,NULL,16,100,2,'2020-10-03 14:45:30','2020-10-03 14:45:30'),(221,9.7,10,10.0,NULL,16,101,2,'2020-10-03 14:45:30','2020-10-03 14:45:30'),(222,9,8.4,9.0,NULL,16,102,2,'2020-10-03 14:45:30','2020-10-03 14:45:30'),(223,9.5,10,10.0,NULL,16,106,2,'2020-10-03 14:45:30','2020-10-03 14:45:30'),(224,10,9.3,10.0,NULL,16,104,2,'2020-10-03 14:45:30','2020-10-03 14:45:30'),(225,9.7,10,10.0,NULL,16,105,2,'2020-10-03 14:45:30','2020-10-03 14:45:30'),(226,9.2,9.4,9.0,NULL,16,103,2,'2020-10-03 14:45:30','2020-10-03 14:45:30'),(227,9.5,9,9.0,NULL,16,107,2,'2020-10-03 14:45:30','2020-10-03 14:45:30'),(228,8.6,9.1,9.0,NULL,8,31,2,'2020-10-04 07:56:12','2020-10-04 07:56:12'),(229,9,9.4,9.0,NULL,8,33,2,'2020-10-04 07:56:12','2020-10-04 07:56:12'),(230,8.5,9,9.0,NULL,8,32,2,'2020-10-04 07:56:12','2020-10-04 07:56:12'),(231,7.9,6.2,7.0,NULL,8,34,2,'2020-10-04 07:56:12','2020-10-04 07:56:12'),(232,8.6,9.2,9.0,NULL,8,35,2,'2020-10-04 07:56:12','2020-10-04 07:56:12'),(233,7.9,9.4,9.0,NULL,8,30,2,'2020-10-04 07:56:12','2020-10-04 07:56:12'),(234,9.1,8.2,9.0,NULL,8,36,2,'2020-10-04 07:56:12','2020-10-04 07:56:12'),(235,8.3,9.1,9.0,NULL,8,38,2,'2020-10-04 07:56:12','2020-10-04 07:56:12'),(236,9.2,9.3,9.0,NULL,8,37,2,'2020-10-04 07:56:12','2020-10-04 07:56:12'),(237,8.3,8.2,8.0,NULL,8,41,2,'2020-10-04 07:56:12','2020-10-04 07:56:12'),(238,9.5,9.2,9.0,NULL,8,42,2,'2020-10-04 07:56:12','2020-10-04 07:56:12'),(239,8.5,5,7.0,NULL,8,44,2,'2020-10-04 07:56:12','2020-10-04 07:56:12'),(240,9.1,9.2,9.0,NULL,8,43,2,'2020-10-04 12:56:12','2020-10-04 12:56:12'),(241,9.5,8.8,9.0,NULL,8,45,2,'2020-10-04 07:56:12','2020-10-04 07:56:12'),(242,9.1,9.2,9.0,NULL,8,46,2,'2020-10-04 07:56:12','2020-10-04 07:56:12'),(243,9.1,9.4,9.0,NULL,8,47,2,'2020-10-04 07:56:12','2020-10-04 07:56:12'),(244,9.1,9.1,9.0,NULL,8,48,2,'2020-10-04 07:56:12','2020-10-04 07:56:12'),(245,9.2,9.2,9.0,NULL,8,49,2,'2020-10-04 07:56:12','2020-10-04 07:56:12'),(246,6.6,8.8,8.0,NULL,8,52,2,'2020-10-04 07:56:12','2020-10-04 07:56:12'),(247,7.1,8.1,8.0,NULL,8,51,2,'2020-10-04 07:56:12','2020-10-04 07:56:12'),(248,9.1,9.5,9.0,NULL,8,50,2,'2020-10-04 07:56:12','2020-10-04 07:56:12'),(249,9,9.1,9.0,NULL,8,53,2,'2020-10-04 07:56:12','2020-10-04 07:56:12'),(250,8.9,9.4,9.0,NULL,8,54,2,'2020-10-04 07:56:12','2020-10-04 07:56:12'),(251,9.5,9.4,9.0,NULL,9,56,2,'2020-10-04 03:24:22','2020-10-04 03:24:22'),(252,9.9,9.7,10.0,NULL,9,55,2,'2020-10-04 03:24:22','2020-10-04 03:24:22'),(253,9.1,6.9,8.0,NULL,9,57,2,'2020-10-04 03:24:22','2020-10-04 03:24:22'),(254,9.2,9,9.0,NULL,9,58,2,'2020-10-04 03:24:22','2020-10-04 03:24:22'),(255,8.9,9.6,9.0,NULL,9,59,2,'2020-10-04 03:24:22','2020-10-04 03:24:22'),(256,9.3,9.5,9.0,NULL,9,60,2,'2020-10-04 03:24:22','2020-10-04 03:24:22'),(257,8.2,8.9,9.0,NULL,9,66,2,'2020-10-04 03:24:22','2020-10-04 03:24:22'),(258,9.8,9.7,10.0,NULL,9,63,2,'2020-10-04 03:24:22','2020-10-04 03:24:22'),(259,9.6,9.2,9.0,NULL,9,61,2,'2020-10-04 03:24:22','2020-10-04 03:24:22'),(260,9.9,9.7,10.0,NULL,9,64,2,'2020-10-04 03:24:22','2020-10-04 03:24:22'),(261,7,6.8,7.0,NULL,9,62,2,'2020-10-04 03:24:22','2020-10-04 03:24:22'),(262,7.2,8.6,8.0,NULL,9,67,2,'2020-10-04 03:24:22','2020-10-04 03:24:22'),(263,9,9.2,9.0,NULL,9,68,2,'2020-10-04 03:24:22','2020-10-04 03:24:22'),(264,8.2,9.2,9.0,NULL,9,65,2,'2020-10-04 03:24:22','2020-10-04 03:24:22'),(265,9.5,9.7,10.0,NULL,9,69,2,'2020-10-04 03:24:22','2020-10-04 03:24:22'),(266,9.7,9.6,10.0,NULL,9,70,2,'2020-10-04 03:24:22','2020-10-04 03:24:22'),(267,8.9,9.1,9.0,NULL,9,71,2,'2020-10-04 03:24:22','2020-10-04 03:24:22'),(268,8.2,9.1,9.0,NULL,9,72,2,'2020-10-04 03:24:22','2020-10-04 03:24:22'),(269,7.1,8.8,8.0,NULL,9,73,2,'2020-10-04 03:24:22','2020-10-04 03:24:22'),(270,9.5,9.6,10.0,NULL,9,74,2,'2020-10-04 03:24:22','2020-10-04 03:24:22'),(271,9.2,9.4,9.0,NULL,9,75,2,'2020-10-04 03:24:22','2020-10-04 03:24:22'),(272,9.5,9.7,10.0,NULL,9,76,2,'2020-10-04 03:24:22','2020-10-04 03:24:22'),(273,9.2,8.9,9.0,NULL,9,77,2,'2020-10-04 08:24:22','2020-10-04 08:24:22'),(274,8.9,9.5,9.0,NULL,9,78,2,'2020-10-04 08:24:22','2020-10-04 08:24:22'),(275,9.3,9.2,9.0,NULL,9,80,2,'2020-10-04 03:24:22','2020-10-04 03:24:22'),(276,9.6,9.7,10.0,NULL,9,79,2,'2020-10-04 03:24:22','2020-10-04 03:24:22'),(277,9.9,9.6,10.0,NULL,9,81,2,'2020-10-04 03:24:22','2020-10-04 03:24:22'),(278,9.2,9.2,9.0,NULL,9,82,2,'2020-10-04 03:24:22','2020-10-04 03:24:22'),(279,8.4,8.6,9.0,NULL,11,83,2,'2020-10-04 03:26:48','2020-10-04 03:26:48'),(280,8.8,8.6,9.0,NULL,11,84,2,'2020-10-04 03:26:48','2020-10-04 03:26:48'),(281,6.2,6,6.0,NULL,11,85,2,'2020-10-04 03:26:48','2020-10-04 03:26:48'),(282,8.5,8.6,9.0,NULL,11,86,2,'2020-10-04 03:26:48','2020-10-04 03:26:48'),(283,7.8,7,7.0,NULL,11,87,2,'2020-10-04 08:26:48','2020-10-04 08:26:48'),(284,6.3,7,7.0,NULL,11,88,2,'2020-10-04 03:26:48','2020-10-04 03:26:48'),(285,8.9,9.1,9.0,NULL,11,90,2,'2020-10-04 03:26:48','2020-10-04 03:26:48'),(286,8.1,6.8,7.0,NULL,11,92,2,'2020-10-04 03:26:48','2020-10-04 03:26:48'),(287,6.3,6.2,6.0,NULL,11,91,2,'2020-10-04 03:26:48','2020-10-04 03:26:48'),(288,8.1,8.9,9.0,NULL,11,94,2,'2020-10-04 03:26:48','2020-10-04 03:26:48'),(289,9.2,9.6,9.0,NULL,11,96,2,'2020-10-04 08:26:48','2020-10-04 08:26:48'),(290,9,9.6,9.0,NULL,11,95,2,'2020-10-04 03:26:48','2020-10-04 03:26:48'),(291,6.5,7.3,7.0,NULL,11,89,2,'2020-10-04 03:26:48','2020-10-04 03:26:48'),(292,8.3,8.1,8.0,NULL,11,93,2,'2020-10-04 03:26:48','2020-10-04 03:26:48'),(293,9.2,9.5,9.0,NULL,11,97,2,'2020-10-04 03:26:48','2020-10-04 03:26:48'),(294,7,8.9,8.0,NULL,11,98,2,'2020-10-04 08:26:48','2020-10-04 08:26:48'),(295,8.9,8.6,9.0,NULL,11,99,2,'2020-10-04 08:26:48','2020-10-04 08:26:48'),(296,7.5,9.2,8.0,NULL,11,100,2,'2020-10-04 03:26:48','2020-10-04 03:26:48'),(297,9.3,9.3,9.0,NULL,11,101,2,'2020-10-04 03:26:48','2020-10-04 03:26:48'),(298,8.1,9,9.0,NULL,11,102,2,'2020-10-04 03:26:48','2020-10-04 03:26:48'),(299,8.9,9.2,9.0,NULL,11,106,2,'2020-10-04 03:26:48','2020-10-04 03:26:48'),(300,8.9,9.1,9.0,NULL,11,104,2,'2020-10-04 03:26:48','2020-10-04 03:26:48'),(301,9.1,9.5,9.0,NULL,11,105,2,'2020-10-04 03:26:48','2020-10-04 03:26:48'),(302,9,9.4,9.0,NULL,11,103,2,'2020-10-04 03:26:48','2020-10-04 03:26:48'),(303,8.5,9.2,9.0,NULL,11,107,2,'2020-10-04 03:26:48','2020-10-04 03:26:48'),(304,8.2,7.9,8.0,NULL,12,109,2,'2020-10-04 03:29:01','2020-10-04 03:29:01'),(305,8.8,9.2,9.0,NULL,12,108,2,'2020-10-04 03:29:01','2020-10-04 03:29:01'),(306,9,8.8,9.0,NULL,12,110,2,'2020-10-04 03:29:01','2020-10-04 03:29:01'),(307,8.9,8.8,9.0,NULL,12,111,2,'2020-10-04 03:29:01','2020-10-04 03:29:01'),(308,8.7,8.9,9.0,NULL,12,114,2,'2020-10-04 03:29:01','2020-10-04 03:29:01'),(309,8.3,8.9,9.0,NULL,12,112,2,'2020-10-04 03:29:01','2020-10-04 03:29:01'),(310,9.1,9.2,9.0,NULL,12,113,2,'2020-10-04 03:29:01','2020-10-04 03:29:01'),(311,8.4,8.8,9.0,NULL,12,115,2,'2020-10-04 03:29:01','2020-10-04 03:29:01'),(312,8.9,9,9.0,NULL,12,116,2,'2020-10-04 03:29:01','2020-10-04 03:29:01'),(313,7.6,6.6,7.0,NULL,12,117,2,'2020-10-04 03:29:01','2020-10-04 03:29:01'),(314,9.4,9.4,9.0,NULL,12,118,2,'2020-10-04 03:29:01','2020-10-04 03:29:01'),(315,9.3,9.2,9.0,NULL,12,120,2,'2020-10-04 03:29:01','2020-10-04 03:29:01'),(316,6.1,6.6,6.0,NULL,12,119,2,'2020-10-04 03:29:01','2020-10-04 03:29:01'),(317,8.8,8.1,8.0,NULL,12,121,2,'2020-10-04 03:29:01','2020-10-04 03:29:01'),(318,6.1,7.1,7.0,NULL,12,122,2,'2020-10-04 03:29:01','2020-10-04 03:29:01'),(319,8,6.7,7.0,NULL,12,125,2,'2020-10-04 03:29:01','2020-10-04 03:29:01'),(320,7.4,7.9,8.0,NULL,12,124,2,'2020-10-04 03:29:01','2020-10-04 03:29:01'),(321,8.3,6.4,7.0,NULL,12,123,2,'2020-10-04 03:29:01','2020-10-04 03:29:01'),(322,8,8,8.0,NULL,13,126,2,'2020-10-04 03:29:53','2020-10-04 03:29:53'),(323,9.4,9.3,9.0,NULL,13,127,2,'2020-10-04 03:29:53','2020-10-04 03:29:53'),(324,9.5,9.1,9.0,NULL,13,128,2,'2020-10-04 03:29:53','2020-10-04 03:29:53'),(325,9.3,9.3,9.0,NULL,13,131,2,'2020-10-04 03:29:53','2020-10-04 03:29:53'),(326,7,5,6.0,NULL,13,132,2,'2020-10-04 03:29:53','2020-10-04 03:29:53'),(327,9.2,9.1,9.0,NULL,13,130,2,'2020-10-04 03:29:53','2020-10-04 03:29:53'),(328,8.9,7.6,8.0,NULL,13,133,2,'2020-10-04 03:29:53','2020-10-04 03:29:53'),(329,8.9,8.8,9.0,NULL,13,129,2,'2020-10-04 03:29:53','2020-10-04 03:29:53'),(330,9.7,9.6,10.0,NULL,13,135,2,'2020-10-04 03:29:53','2020-10-04 03:29:53'),(331,9.5,9,9.0,NULL,13,134,2,'2020-10-04 03:29:53','2020-10-04 03:29:53'),(332,8.2,8.8,9.0,NULL,13,137,2,'2020-10-04 03:29:53','2020-10-04 03:29:53'),(333,9.3,9.6,9.0,NULL,13,138,2,'2020-10-04 03:29:53','2020-10-04 03:29:53'),(334,8.9,5,7.0,NULL,13,136,2,'2020-10-04 03:29:53','2020-10-04 03:29:53'),(335,8.4,6.1,7.0,NULL,13,139,2,'2020-10-04 03:29:53','2020-10-04 03:29:53'),(336,9.5,7,8.0,NULL,13,140,2,'2020-10-04 03:29:53','2020-10-04 03:29:53'),(337,9.2,8.5,9.0,NULL,13,141,2,'2020-10-04 08:29:53','2020-10-04 08:29:53'),(338,5,5,5.0,NULL,13,143,2,'2020-10-04 03:29:53','2020-10-04 03:29:53'),(339,9.5,9.4,9.0,NULL,13,142,2,'2020-10-04 03:29:53','2020-10-04 03:29:53'),(340,9.2,9.1,9.0,NULL,13,144,2,'2020-10-04 03:29:53','2020-10-04 03:29:53'),(341,9.9,10,10.0,NULL,25,5,2,'2020-10-04 18:55:11','2020-10-04 18:55:11'),(342,8,9.3,9.0,NULL,25,6,2,'2020-10-04 08:55:11','2020-10-04 08:55:11'),(343,9.5,9.4,9.0,NULL,25,7,2,'2020-10-04 08:55:11','2020-10-04 08:55:11'),(344,8.4,10,9.0,NULL,25,8,2,'2020-10-04 08:55:11','2020-10-04 08:55:11'),(345,9.5,7.6,9.0,NULL,25,9,2,'2020-10-04 08:55:11','2020-10-04 08:55:11'),(346,10,8.9,9.0,NULL,25,10,2,'2020-10-04 08:55:11','2020-10-04 08:55:11'),(347,9.8,10,10.0,NULL,25,11,2,'2020-10-04 08:55:11','2020-10-04 08:55:11'),(348,8.5,8.9,9.0,NULL,25,15,2,'2020-10-04 08:55:11','2020-10-04 08:55:11'),(349,10,10,10.0,NULL,25,13,2,'2020-10-04 08:55:11','2020-10-04 08:55:11'),(350,10,10,10.0,NULL,25,14,2,'2020-10-04 08:55:11','2020-10-04 08:55:11'),(351,10,10,10.0,NULL,25,12,2,'2020-10-04 08:55:11','2020-10-04 08:55:11'),(352,10,8.2,9.0,NULL,25,17,2,'2020-10-04 08:55:11','2020-10-04 08:55:11'),(353,10,10,10.0,NULL,25,16,2,'2020-10-04 08:55:11','2020-10-04 08:55:11'),(354,9.9,10,10.0,NULL,25,21,2,'2020-10-04 08:55:11','2020-10-04 08:55:11'),(355,9.1,10,10.0,NULL,25,20,2,'2020-10-04 08:55:11','2020-10-04 08:55:11'),(356,9.3,8.9,9.0,NULL,25,18,2,'2020-10-04 08:55:11','2020-10-04 08:55:11'),(357,9.8,10,10.0,NULL,25,23,2,'2020-10-04 08:55:11','2020-10-04 08:55:11'),(358,8.5,7.3,8.0,NULL,25,22,2,'2020-10-04 08:55:11','2020-10-04 08:55:11'),(359,8.1,6.6,7.0,NULL,25,19,2,'2020-10-04 08:55:11','2020-10-04 08:55:11'),(360,10,10,10.0,NULL,25,24,2,'2020-10-04 08:55:11','2020-10-04 08:55:11'),(361,8.4,8.9,9.0,NULL,25,25,2,'2020-10-04 08:55:11','2020-10-04 08:55:11'),(362,10,10,10.0,NULL,25,26,2,'2020-10-04 08:55:11','2020-10-04 08:55:11'),(363,9.8,10,10.0,NULL,25,28,2,'2020-10-04 08:55:11','2020-10-04 08:55:11'),(364,9.6,10,10.0,NULL,25,29,2,'2020-10-04 08:55:11','2020-10-04 08:55:11'),(365,9.8,9.3,10.0,NULL,25,27,2,'2020-10-04 08:55:11','2020-10-04 08:55:11'),(366,9.8,8.2,9.0,NULL,31,5,2,'2020-10-15 20:33:41','2020-10-15 20:33:41'),(367,9.5,9.3,9.0,NULL,31,6,2,'2020-10-15 20:33:41','2020-10-15 20:33:41'),(368,9.7,9.6,10.0,NULL,31,7,2,'2020-10-15 20:33:41','2020-10-15 20:33:41'),(369,9.5,9.5,10.0,NULL,31,8,2,'2020-10-15 20:33:41','2020-10-15 20:33:41'),(370,9.2,9.6,9.0,NULL,31,9,2,'2020-10-15 15:33:41','2020-10-15 15:33:41'),(371,9.2,7.7,8.0,NULL,31,10,2,'2020-10-15 15:33:41','2020-10-15 15:33:41'),(372,9.7,10,10.0,NULL,31,11,2,'2020-10-15 15:33:41','2020-10-15 15:33:41'),(373,8.5,9,9.0,NULL,31,15,2,'2020-10-15 15:33:41','2020-10-15 15:33:41'),(374,9.8,9.7,10.0,NULL,31,13,2,'2020-10-15 15:33:41','2020-10-15 15:33:41'),(375,10,9.3,10.0,NULL,31,14,2,'2020-10-15 15:33:41','2020-10-15 15:33:41'),(376,9.2,9.5,9.0,NULL,31,12,2,'2020-10-15 15:33:41','2020-10-15 15:33:41'),(377,10,9.8,10.0,NULL,31,17,2,'2020-10-15 15:33:41','2020-10-15 15:33:41'),(378,9.3,9.5,9.0,NULL,31,16,2,'2020-10-15 15:33:41','2020-10-15 15:33:41'),(379,9.4,10,10.0,NULL,31,21,2,'2020-10-15 15:33:41','2020-10-15 15:33:41'),(380,9.3,9.5,9.0,NULL,31,20,2,'2020-10-15 15:33:41','2020-10-15 15:33:41'),(381,9.7,8.1,9.0,NULL,31,18,2,'2020-10-15 15:33:41','2020-10-15 15:33:41'),(382,10,10,10.0,NULL,31,23,2,'2020-10-15 15:33:41','2020-10-15 15:33:41'),(383,8.8,8.1,8.0,NULL,31,22,2,'2020-10-15 15:33:42','2020-10-15 15:33:42'),(384,7.7,6.5,7.0,NULL,31,19,2,'2020-10-15 15:33:42','2020-10-15 15:33:42'),(385,9.7,9.8,10.0,NULL,31,24,2,'2020-10-15 15:33:42','2020-10-15 15:33:42'),(386,8.4,8.6,9.0,NULL,31,25,2,'2020-10-15 20:33:42','2020-10-15 20:33:42'),(387,9.2,10,10.0,NULL,31,26,2,'2020-10-15 15:33:42','2020-10-15 15:33:42'),(388,9.8,9.6,10.0,NULL,31,28,2,'2020-10-15 15:33:42','2020-10-15 15:33:42'),(389,9.6,9.6,10.0,NULL,31,29,2,'2020-10-15 15:33:42','2020-10-15 15:33:42'),(390,9.7,9.7,10.0,NULL,31,27,2,'2020-10-15 15:33:42','2020-10-15 15:33:42'),(391,9.2,9.9,10.0,NULL,17,109,2,'2020-10-27 17:52:42','2020-10-27 17:52:42'),(392,10,10,10.0,NULL,17,108,2,'2020-10-27 17:52:42','2020-10-27 17:52:42'),(393,9.8,9.8,10.0,NULL,17,110,2,'2020-10-27 11:52:42','2020-10-27 11:52:42'),(394,9.3,9.6,9.0,NULL,17,111,2,'2020-10-27 11:52:42','2020-10-27 11:52:42'),(395,9.6,9.5,10.0,NULL,17,114,2,'2020-10-27 11:52:42','2020-10-27 11:52:42'),(396,9.2,9.6,9.0,NULL,17,112,2,'2020-10-27 11:52:42','2020-10-27 11:52:42'),(397,9.6,10,10.0,NULL,17,113,2,'2020-10-27 11:52:42','2020-10-27 11:52:42'),(398,8.9,9.2,9.0,NULL,17,115,2,'2020-10-27 11:52:42','2020-10-27 11:52:42'),(399,9.6,10,10.0,NULL,17,116,2,'2020-10-27 11:52:42','2020-10-27 11:52:42'),(400,7.4,6.8,7.0,NULL,17,117,2,'2020-10-27 11:52:42','2020-10-27 11:52:42'),(401,9.2,10,10.0,NULL,17,118,2,'2020-10-27 11:52:42','2020-10-27 11:52:42'),(402,9.6,10,10.0,NULL,17,120,2,'2020-10-27 11:52:42','2020-10-27 11:52:42'),(403,7.6,5,6.0,NULL,17,119,2,'2020-10-27 11:52:42','2020-10-27 11:52:42'),(404,8.9,9.5,9.0,NULL,17,121,2,'2020-10-27 11:52:42','2020-10-27 11:52:42'),(405,5,9.5,7.0,NULL,17,122,2,'2020-10-27 11:52:42','2020-10-27 11:52:42'),(406,8.1,9,9.0,NULL,17,125,2,'2020-10-27 11:52:42','2020-10-27 11:52:42'),(407,5,5.6,5.3,NULL,17,124,2,'2020-10-27 11:52:42','2020-10-27 11:52:42'),(408,8.9,5.3,7.0,NULL,17,123,2,'2020-10-27 11:52:42','2020-10-27 11:52:42'),(409,9.2,9.2,9.0,NULL,18,126,2,'2020-10-27 11:52:45','2020-10-27 11:52:45'),(410,9.6,9.9,10.0,NULL,18,127,2,'2020-10-27 05:52:45','2020-10-27 05:52:45'),(411,9.6,10,10.0,NULL,18,128,2,'2020-10-27 05:52:45','2020-10-27 05:52:45'),(412,9.5,9.9,10.0,NULL,18,131,2,'2020-10-27 05:52:45','2020-10-27 05:52:45'),(413,7.7,6.1,7.0,NULL,18,132,2,'2020-10-27 05:52:45','2020-10-27 05:52:45'),(414,8.7,9.4,9.0,NULL,18,130,2,'2020-10-27 05:52:45','2020-10-27 05:52:45'),(415,8.6,9.1,9.0,NULL,18,133,2,'2020-10-27 05:52:45','2020-10-27 05:52:45'),(416,9.4,9.7,10.0,NULL,18,129,2,'2020-10-27 05:52:45','2020-10-27 05:52:45'),(417,9.6,10,10.0,NULL,18,135,2,'2020-10-27 05:52:45','2020-10-27 05:52:45'),(418,9.4,9.1,9.0,NULL,18,134,2,'2020-10-27 05:52:45','2020-10-27 05:52:45'),(419,8.9,7.2,8.0,NULL,18,137,2,'2020-10-27 05:52:45','2020-10-27 05:52:45'),(420,10,10,10.0,NULL,18,138,2,'2020-10-27 05:52:45','2020-10-27 05:52:45'),(421,8.9,7,8.0,NULL,18,136,2,'2020-10-27 05:52:45','2020-10-27 05:52:45'),(422,8.9,9,9.0,NULL,18,139,2,'2020-10-27 05:52:45','2020-10-27 05:52:45'),(423,7.7,6.8,7.0,NULL,18,140,2,'2020-10-27 05:52:45','2020-10-27 05:52:45'),(424,8.7,9.1,9.0,NULL,18,141,2,'2020-10-27 05:52:45','2020-10-27 05:52:45'),(425,5,5,5.0,NULL,18,143,2,'2020-10-27 05:52:45','2020-10-27 05:52:45'),(426,9.4,10,10.0,NULL,18,142,2,'2020-10-27 05:52:45','2020-10-27 05:52:45'),(427,9.2,9.8,10.0,NULL,18,144,2,'2020-10-27 05:52:45','2020-10-27 05:52:45'),(428,8.5,9,9.0,NULL,22,5,2,'2020-10-29 17:27:41','2020-10-29 17:27:41'),(429,9.7,8.5,9.0,NULL,22,6,2,'2020-10-29 11:27:41','2020-10-29 11:27:41'),(430,9.4,9.5,9.0,NULL,22,7,2,'2020-10-29 11:27:41','2020-10-29 11:27:41'),(431,7.8,8.7,8.0,NULL,22,8,2,'2020-10-29 05:27:41','2020-10-29 05:27:41'),(432,9.5,9.6,10.0,NULL,22,9,2,'2020-10-28 23:27:41','2020-10-28 23:27:41'),(433,9.1,8.3,9.0,NULL,22,10,2,'2020-10-30 05:27:41','2020-10-30 05:27:41'),(434,9.5,10,10.0,NULL,22,11,2,'2020-10-29 23:27:41','2020-10-29 23:27:41'),(435,7.8,8.8,8.0,NULL,22,15,2,'2020-10-29 05:27:41','2020-10-29 05:27:41'),(436,10,9.6,10.0,NULL,22,13,2,'2020-10-28 23:27:41','2020-10-28 23:27:41'),(437,9.9,9.9,10.0,NULL,22,14,2,'2020-10-29 05:27:41','2020-10-29 05:27:41'),(438,9.1,8.6,9.0,NULL,22,12,2,'2020-10-28 23:27:41','2020-10-28 23:27:41'),(439,10,8.8,9.0,NULL,22,17,2,'2020-10-28 23:27:41','2020-10-28 23:27:41'),(440,9.6,9.8,10.0,NULL,22,16,2,'2020-10-29 17:27:41','2020-10-29 17:27:41'),(441,9.8,9.4,10.0,NULL,22,21,2,'2020-10-28 23:27:41','2020-10-28 23:27:41'),(442,9.4,8.9,9.0,NULL,22,20,2,'2020-10-29 05:27:41','2020-10-29 05:27:41'),(443,8.9,8.1,9.0,NULL,22,18,2,'2020-10-28 23:27:41','2020-10-28 23:27:41'),(444,9.6,9.9,10.0,NULL,22,23,2,'2020-10-28 23:27:41','2020-10-28 23:27:41'),(445,8.1,7,8.0,NULL,22,22,2,'2020-10-28 23:27:41','2020-10-28 23:27:41'),(446,8.1,7.7,8.0,NULL,22,19,2,'2020-10-28 23:27:41','2020-10-28 23:27:41'),(447,9.4,8.7,9.0,NULL,22,24,2,'2020-10-29 05:27:41','2020-10-29 05:27:41'),(448,7.4,7.1,7.0,NULL,22,25,2,'2020-10-28 23:27:41','2020-10-28 23:27:41'),(449,9.6,8.7,9.0,NULL,22,26,2,'2020-10-28 23:27:41','2020-10-28 23:27:41'),(450,9.3,10,10.0,NULL,22,28,2,'2020-10-28 23:27:41','2020-10-28 23:27:41'),(451,9,9,9.0,NULL,22,29,2,'2020-10-28 23:27:41','2020-10-28 23:27:41'),(452,8.9,9,9.0,NULL,22,27,2,'2020-10-28 23:27:41','2020-10-28 23:27:41'),(453,10,10,10.0,NULL,23,56,2,'2020-10-28 23:34:29','2020-10-28 23:34:29'),(454,9.8,10,10.0,NULL,23,55,2,'2020-10-28 23:34:29','2020-10-28 23:34:29'),(455,9.8,8.4,9.0,NULL,23,57,2,'2020-10-28 23:34:29','2020-10-28 23:34:29'),(456,8.9,6.5,8.0,NULL,23,58,2,'2020-10-28 23:34:29','2020-10-28 23:34:29'),(457,9.6,9,9.0,NULL,23,59,2,'2020-10-28 23:34:29','2020-10-28 23:34:29'),(458,9.6,9.1,9.0,NULL,23,60,2,'2020-10-28 23:34:29','2020-10-28 23:34:29'),(459,8.1,6.1,7.0,NULL,23,66,2,'2020-10-28 23:34:29','2020-10-28 23:34:29'),(460,10,9.6,10.0,NULL,23,63,2,'2020-10-28 23:34:29','2020-10-28 23:34:29'),(461,9.5,8.5,9.0,NULL,23,61,2,'2020-10-28 23:34:29','2020-10-28 23:34:29'),(462,10,10,10.0,NULL,23,64,2,'2020-10-28 23:34:29','2020-10-28 23:34:29'),(463,7.1,6,7.0,NULL,23,62,2,'2020-10-28 23:34:29','2020-10-28 23:34:29'),(464,9.9,8.3,9.0,NULL,23,67,2,'2020-10-28 23:34:29','2020-10-28 23:34:29'),(465,8.6,8,8.0,NULL,23,68,2,'2020-10-28 23:34:29','2020-10-28 23:34:29'),(466,9.1,8.3,9.0,NULL,23,65,2,'2020-10-28 23:34:29','2020-10-28 23:34:29'),(467,9.8,10,10.0,NULL,23,69,2,'2020-10-28 23:34:29','2020-10-28 23:34:29'),(468,9.7,8.4,9.0,NULL,23,70,2,'2020-10-28 23:34:29','2020-10-28 23:34:29'),(469,8.6,8.1,8.0,NULL,23,71,2,'2020-10-28 23:34:29','2020-10-28 23:34:29'),(470,9.6,8.1,9.0,NULL,23,72,2,'2020-10-28 23:34:29','2020-10-28 23:34:29'),(471,8.5,5,7.0,NULL,23,73,2,'2020-10-28 23:34:29','2020-10-28 23:34:29'),(472,9.6,9.3,9.0,NULL,23,74,2,'2020-10-28 23:34:29','2020-10-28 23:34:29'),(473,10,8.7,9.0,NULL,23,75,2,'2020-10-28 23:34:29','2020-10-28 23:34:29'),(474,9.6,10,10.0,NULL,23,76,2,'2020-10-28 23:34:29','2020-10-28 23:34:29'),(475,9.7,8.2,9.0,NULL,23,77,2,'2020-10-28 23:34:29','2020-10-28 23:34:29'),(476,9.2,7.3,8.0,NULL,23,78,2,'2020-10-28 23:34:29','2020-10-28 23:34:29'),(477,9.8,8.7,9.0,NULL,23,80,2,'2020-10-28 23:34:29','2020-10-28 23:34:29'),(478,10,10,10.0,NULL,23,79,2,'2020-10-28 23:34:29','2020-10-28 23:34:29'),(479,9.8,10,10.0,NULL,23,81,2,'2020-10-28 23:34:29','2020-10-28 23:34:29'),(480,8.5,8.1,8.0,NULL,23,82,2,'2020-10-28 23:34:29','2020-10-28 23:34:29'),(481,9.5,9.4,9.0,NULL,24,83,2,'2020-10-29 00:16:57','2020-10-29 00:16:57'),(482,9.4,9.7,10.0,NULL,24,84,2,'2020-10-29 00:16:57','2020-10-29 00:16:57'),(483,6,5,6.0,NULL,24,85,2,'2020-10-29 00:16:57','2020-10-29 00:16:57'),(484,9,6,8.0,NULL,24,86,2,'2020-10-29 00:16:57','2020-10-29 00:16:57'),(485,8.6,6.3,7.0,NULL,24,87,2,'2020-10-29 00:16:57','2020-10-29 00:16:57'),(486,7.3,5,6.0,NULL,24,88,2,'2020-10-28 18:16:57','2020-10-28 18:16:57'),(487,9.5,9.5,10.0,NULL,24,90,2,'2020-10-28 18:16:57','2020-10-28 18:16:57'),(488,5,5,5.0,NULL,24,92,2,'2020-10-28 18:16:57','2020-10-28 18:16:57'),(489,7.5,5,6.0,NULL,24,91,2,'2020-10-28 18:16:57','2020-10-28 18:16:57'),(490,9.1,8.3,9.0,NULL,24,94,2,'2020-10-28 18:16:57','2020-10-28 18:16:57'),(491,9.4,8.1,9.0,NULL,24,96,2,'2020-10-28 18:16:57','2020-10-28 18:16:57'),(492,9.8,9.7,10.0,NULL,24,95,2,'2020-10-28 18:16:57','2020-10-28 18:16:57'),(493,7.9,7.5,8.0,NULL,24,89,2,'2020-10-28 18:16:57','2020-10-28 18:16:57'),(494,9.2,6.7,8.0,NULL,24,93,2,'2020-10-28 18:16:57','2020-10-28 18:16:57'),(495,9.8,10,10.0,NULL,24,97,2,'2020-10-28 18:16:57','2020-10-28 18:16:57'),(496,7.8,8.3,8.0,NULL,24,98,2,'2020-10-28 18:16:57','2020-10-28 18:16:57'),(497,9.8,8.8,9.0,NULL,24,99,2,'2020-10-28 18:16:57','2020-10-28 18:16:57'),(498,8.2,7.4,8.0,NULL,24,100,2,'2020-10-29 00:16:57','2020-10-29 00:16:57'),(499,9.3,9.8,10.0,NULL,24,101,2,'2020-10-28 18:16:57','2020-10-28 18:16:57'),(500,9.6,7.1,8.0,NULL,24,102,2,'2020-10-28 18:16:57','2020-10-28 18:16:57'),(501,9.8,9.8,10.0,NULL,24,106,2,'2020-10-28 18:16:57','2020-10-28 18:16:57'),(502,9.7,7,8.0,NULL,24,104,2,'2020-10-28 18:16:57','2020-10-28 18:16:57'),(503,9.8,9.5,10.0,NULL,24,105,2,'2020-10-28 18:16:57','2020-10-28 18:16:57'),(504,9.3,9,9.0,NULL,24,103,2,'2020-10-28 18:16:57','2020-10-28 18:16:57'),(505,9.1,9.5,9.0,NULL,24,107,2,'2020-10-28 18:16:57','2020-10-28 18:16:57'),(506,7.9,9.6,9.0,NULL,26,31,2,'2020-10-28 12:29:46','2020-10-28 12:29:46'),(507,10,10,10.0,NULL,26,33,2,'2020-10-28 12:29:46','2020-10-28 12:29:46'),(508,9.9,9,9.0,NULL,26,32,2,'2020-10-28 12:29:46','2020-10-28 12:29:46'),(509,8,5,7.0,NULL,26,34,2,'2020-10-28 12:29:46','2020-10-28 12:29:46'),(510,9.6,10,10.0,NULL,26,35,2,'2020-10-28 12:29:46','2020-10-28 12:29:46'),(511,8,8.3,8.0,NULL,26,30,2,'2020-10-28 12:29:46','2020-10-28 12:29:46'),(512,9.9,8,9.0,NULL,26,36,2,'2020-10-28 12:29:46','2020-10-28 12:29:46'),(513,9.5,6.1,8.0,NULL,26,38,2,'2020-10-28 12:29:46','2020-10-28 12:29:46'),(514,7.8,6,7.0,NULL,26,37,2,'2020-10-28 12:29:46','2020-10-28 12:29:46'),(515,8.8,9,9.0,NULL,26,41,2,'2020-10-28 12:29:46','2020-10-28 12:29:46'),(516,9.3,10,10.0,NULL,26,42,2,'2020-10-28 12:29:46','2020-10-28 12:29:46'),(517,8.1,5.1,7.0,NULL,26,44,2,'2020-10-28 12:29:46','2020-10-28 12:29:46'),(518,8.4,7.9,8.0,NULL,26,43,2,'2020-10-28 12:29:46','2020-10-28 12:29:46'),(519,9.9,10,10.0,NULL,26,45,2,'2020-10-28 12:29:46','2020-10-28 12:29:46'),(520,9.5,9.7,10.0,NULL,26,46,2,'2020-10-28 12:29:47','2020-10-28 12:29:47'),(521,9.9,9.3,10.0,NULL,26,47,2,'2020-10-28 12:29:47','2020-10-28 12:29:47'),(522,10,8.4,9.0,NULL,26,48,2,'2020-10-28 12:29:47','2020-10-28 12:29:47'),(523,9.3,10,10.0,NULL,26,49,2,'2020-10-28 12:29:47','2020-10-28 12:29:47'),(524,7.7,7.5,8.0,NULL,26,52,2,'2020-10-28 12:29:47','2020-10-28 12:29:47'),(525,8.6,8,8.0,NULL,26,51,2,'2020-10-28 12:29:47','2020-10-28 12:29:47'),(526,10,10,10.0,NULL,26,50,2,'2020-10-28 12:29:47','2020-10-28 12:29:47'),(527,10,10,10.0,NULL,26,53,2,'2020-10-28 12:29:47','2020-10-28 12:29:47'),(528,9.6,10,10.0,NULL,26,54,2,'2020-10-28 12:29:47','2020-10-28 12:29:47'),(529,10,10,10.0,NULL,27,56,2,'2020-10-28 12:30:33','2020-10-28 12:30:33'),(530,10,10,10.0,NULL,27,55,2,'2020-10-28 12:30:33','2020-10-28 12:30:33'),(531,8.5,8.8,9.0,NULL,27,57,2,'2020-10-28 12:30:33','2020-10-28 12:30:33'),(532,7.7,8.7,8.0,NULL,27,58,2,'2020-10-28 12:30:33','2020-10-28 12:30:33'),(533,8.9,10,9.0,NULL,27,59,2,'2020-10-28 12:30:33','2020-10-28 12:30:33'),(534,9.6,10,10.0,NULL,27,60,2,'2020-10-28 12:30:33','2020-10-28 12:30:33'),(535,8,8,8.0,NULL,27,66,2,'2020-10-28 12:30:33','2020-10-28 12:30:33'),(536,10,10,10.0,NULL,27,63,2,'2020-10-28 12:30:33','2020-10-28 12:30:33'),(537,7.3,9.8,9.0,NULL,27,61,2,'2020-10-28 12:30:33','2020-10-28 12:30:33'),(538,9.8,10,10.0,NULL,27,64,2,'2020-10-28 12:30:33','2020-10-28 12:30:33'),(539,7.2,5,6.0,NULL,27,62,2,'2020-10-28 12:30:33','2020-10-28 12:30:33'),(540,9.2,8.4,9.0,NULL,27,67,2,'2020-10-28 12:30:33','2020-10-28 12:30:33'),(541,7.1,9.2,8.0,NULL,27,68,2,'2020-10-28 12:30:33','2020-10-28 12:30:33'),(542,8,9.7,9.0,NULL,27,65,2,'2020-10-28 12:30:33','2020-10-28 12:30:33'),(543,9.9,10,10.0,NULL,27,69,2,'2020-10-28 12:30:33','2020-10-28 12:30:33'),(544,9.6,10,10.0,NULL,27,70,2,'2020-10-28 12:30:33','2020-10-28 12:30:33'),(545,7.7,9.9,9.0,NULL,27,71,2,'2020-10-28 12:30:33','2020-10-28 12:30:33'),(546,7.6,9.4,9.0,NULL,27,72,2,'2020-10-28 12:30:33','2020-10-28 12:30:33'),(547,6.8,5,6.0,NULL,27,73,2,'2020-10-28 12:30:33','2020-10-28 12:30:33'),(548,9.4,10,10.0,NULL,27,74,2,'2020-10-28 12:30:33','2020-10-28 12:30:33'),(549,9.2,10,10.0,NULL,27,75,2,'2020-10-28 12:30:33','2020-10-28 12:30:33'),(550,8.4,10,9.0,NULL,27,76,2,'2020-10-28 12:30:33','2020-10-28 12:30:33'),(551,9.8,10,10.0,NULL,27,77,2,'2020-10-28 12:30:33','2020-10-28 12:30:33'),(552,10,10,10.0,NULL,27,78,2,'2020-10-28 12:30:33','2020-10-28 12:30:33'),(553,7.7,10,9.0,NULL,27,80,2,'2020-10-28 12:30:33','2020-10-28 12:30:33'),(554,10,10,10.0,NULL,27,79,2,'2020-10-28 12:30:33','2020-10-28 12:30:33'),(555,10,10,10.0,NULL,27,81,2,'2020-10-28 12:30:33','2020-10-28 12:30:33'),(556,8,8.4,8.0,NULL,27,82,2,'2020-10-28 12:30:33','2020-10-28 12:30:33'),(557,9.3,8.9,9.0,NULL,28,83,2,'2020-10-28 12:33:54','2020-10-28 12:33:54'),(558,10,9.8,10.0,NULL,28,84,2,'2020-10-28 12:33:54','2020-10-28 12:33:54'),(559,5,5.5,5.0,NULL,28,85,2,'2020-10-28 12:33:54','2020-10-28 12:33:54'),(560,8.1,10,9.0,NULL,28,86,2,'2020-10-28 12:33:54','2020-10-28 12:33:54'),(561,7.6,6.7,7.0,NULL,28,87,2,'2020-10-28 12:33:54','2020-10-28 12:33:54'),(562,6.6,7,7.0,NULL,28,88,2,'2020-10-28 12:33:54','2020-10-28 12:33:54'),(563,9,10,10.0,NULL,28,90,2,'2020-10-28 12:33:55','2020-10-28 12:33:55'),(564,5,5,5.0,NULL,28,92,2,'2020-10-28 12:33:55','2020-10-28 12:33:55'),(565,5,5,5.0,NULL,28,91,2,'2020-10-28 12:33:55','2020-10-28 12:33:55'),(566,9.2,7.1,8.0,NULL,28,94,2,'2020-10-28 12:33:55','2020-10-28 12:33:55'),(567,10,10,10.0,NULL,28,96,2,'2020-10-28 12:33:55','2020-10-28 12:33:55'),(568,10,10,10.0,NULL,28,95,2,'2020-10-28 12:33:55','2020-10-28 12:33:55'),(569,5.7,6.4,6.0,NULL,28,89,2,'2020-10-28 12:33:55','2020-10-28 12:33:55'),(570,9.1,8.7,9.0,NULL,28,93,2,'2020-10-28 12:33:55','2020-10-28 12:33:55'),(571,10,10,10.0,NULL,28,97,2,'2020-10-28 12:33:55','2020-10-28 12:33:55'),(572,7.1,8.2,8.0,NULL,28,98,2,'2020-10-28 12:33:55','2020-10-28 12:33:55'),(573,7.9,9.2,9.0,NULL,28,99,2,'2020-10-28 12:33:55','2020-10-28 12:33:55'),(574,6,8.6,7.0,NULL,28,100,2,'2020-10-28 12:33:55','2020-10-28 12:33:55'),(575,9.9,10,10.0,NULL,28,101,2,'2020-10-28 12:33:55','2020-10-28 12:33:55'),(576,6.4,8.6,8.0,NULL,28,102,2,'2020-10-28 12:33:55','2020-10-28 12:33:55'),(577,10,10,10.0,NULL,28,106,2,'2020-10-28 12:33:55','2020-10-28 12:33:55'),(578,7.7,10,9.0,NULL,28,104,2,'2020-10-28 12:33:55','2020-10-28 12:33:55'),(579,10,10,10.0,NULL,28,105,2,'2020-10-28 12:33:55','2020-10-28 12:33:55'),(580,10,10,10.0,NULL,28,103,2,'2020-10-28 12:33:55','2020-10-28 12:33:55'),(581,9.6,10,10.0,NULL,28,107,2,'2020-10-28 12:33:55','2020-10-28 12:33:55'),(601,10,10,10.0,NULL,66,5,2,'2020-10-28 07:47:31','2020-10-28 07:47:31'),(602,9.8,10,10.0,NULL,66,6,2,'2020-10-28 07:47:32','2020-10-28 07:47:32'),(603,10,9.9,10.0,NULL,66,7,2,'2020-10-28 07:47:33','2020-10-28 07:47:33'),(604,9.7,9.9,10.0,NULL,66,8,2,'2020-10-28 07:47:33','2020-10-28 07:47:33'),(605,9.9,9.8,10.0,NULL,66,9,2,'2020-10-28 07:47:33','2020-10-28 07:47:33'),(606,9.8,10,10.0,NULL,66,10,2,'2020-10-28 07:47:33','2020-10-28 07:47:33'),(607,10,9.9,10.0,NULL,66,11,2,'2020-10-28 07:47:33','2020-10-28 07:47:33'),(608,10,9.2,10.0,NULL,66,15,2,'2020-10-28 07:47:33','2020-10-28 07:47:33'),(609,10,10,10.0,NULL,66,13,2,'2020-10-28 07:47:34','2020-10-28 07:47:34'),(610,10,10,10.0,NULL,66,14,2,'2020-10-28 07:47:34','2020-10-28 07:47:34'),(611,9.7,9.9,10.0,NULL,66,12,2,'2020-10-28 07:47:34','2020-10-28 07:47:34'),(612,10,9.9,10.0,NULL,66,17,2,'2020-10-28 07:47:34','2020-10-28 07:47:34'),(613,10,9.7,10.0,NULL,66,16,2,'2020-10-28 07:47:34','2020-10-28 07:47:34'),(614,10,10,10.0,NULL,66,21,2,'2020-10-28 07:47:34','2020-10-28 07:47:34'),(615,9.9,9.9,10.0,NULL,66,20,2,'2020-10-28 07:47:34','2020-10-28 07:47:34'),(616,9.9,9.9,10.0,NULL,66,18,2,'2020-10-28 07:47:34','2020-10-28 07:47:34'),(617,10,10,10.0,NULL,66,23,2,'2020-10-28 13:47:34','2020-10-28 13:47:34'),(618,8.5,7.7,8.0,NULL,66,22,2,'2020-10-28 13:47:34','2020-10-28 13:47:34'),(619,9.7,8,9.0,NULL,66,19,2,'2020-10-28 07:47:34','2020-10-28 07:47:34'),(620,9.9,10,10.0,NULL,66,24,2,'2020-10-28 07:47:34','2020-10-28 07:47:34'),(621,9.9,9.5,10.0,NULL,66,25,2,'2020-10-28 13:47:34','2020-10-28 13:47:34'),(622,10,10,10.0,NULL,66,26,2,'2020-10-28 07:47:35','2020-10-28 07:47:35'),(623,9.9,10,10.0,NULL,66,28,2,'2020-10-28 07:47:35','2020-10-28 07:47:35'),(624,9.9,9.8,10.0,NULL,66,29,2,'2020-10-28 07:47:35','2020-10-28 07:47:35'),(625,9.9,10,10.0,NULL,66,27,2,'2020-10-28 07:47:35','2020-10-28 07:47:35'),(631,9,7.6,8.0,NULL,68,109,2,'2020-10-28 08:13:52','2020-10-28 08:13:52'),(632,10,9.9,10.0,NULL,68,108,2,'2020-10-28 08:13:52','2020-10-28 08:13:52'),(633,9.7,9.6,10.0,NULL,68,110,2,'2020-10-28 08:13:52','2020-10-28 08:13:52'),(634,10,9.7,10.0,NULL,68,111,2,'2020-10-28 08:13:52','2020-10-28 08:13:52'),(635,10,10,10.0,NULL,68,114,2,'2020-10-28 08:13:52','2020-10-28 08:13:52'),(636,10,10,10.0,NULL,68,112,2,'2020-10-28 14:13:52','2020-10-28 14:13:52'),(637,9.9,10,10.0,NULL,68,113,2,'2020-10-28 08:13:52','2020-10-28 08:13:52'),(638,9.7,9.9,10.0,NULL,68,115,2,'2020-10-28 08:13:52','2020-10-28 08:13:52'),(639,10,9.9,10.0,NULL,68,116,2,'2020-10-28 14:13:52','2020-10-28 14:13:52'),(640,9.1,6,8.0,NULL,68,117,2,'2020-10-28 08:13:52','2020-10-28 08:13:52'),(641,10,10,10.0,NULL,68,118,2,'2020-10-28 08:13:52','2020-10-28 08:13:52'),(642,10,10,10.0,NULL,68,120,2,'2020-10-28 08:13:52','2020-10-28 08:13:52'),(643,6.7,7.2,7.0,NULL,68,119,2,'2020-10-28 08:13:52','2020-10-28 08:13:52'),(644,9.6,9.6,10.0,NULL,68,121,2,'2020-10-28 20:13:52','2020-10-28 20:13:52'),(645,8.8,9.5,9.0,NULL,68,122,2,'2020-10-28 08:13:52','2020-10-28 08:13:52'),(646,9.5,8.8,9.0,NULL,68,125,2,'2020-10-28 08:13:52','2020-10-28 08:13:52'),(647,7,8.6,8.0,NULL,68,124,2,'2020-10-28 08:13:52','2020-10-28 08:13:52'),(648,9.9,9.8,10.0,NULL,68,123,2,'2020-10-28 08:13:52','2020-10-28 08:13:52'),(650,10,9.7,10.0,NULL,67,83,2,'2020-10-28 08:19:28','2020-10-28 08:19:28'),(651,9.8,10,10.0,NULL,67,84,2,'2020-10-28 08:19:28','2020-10-28 08:19:28'),(652,9.3,7.5,8.0,NULL,67,85,2,'2020-10-28 08:19:28','2020-10-28 08:19:28'),(653,10,10,10.0,NULL,67,86,2,'2020-10-28 08:19:28','2020-10-28 08:19:28'),(654,8.6,9.3,9.0,NULL,67,87,2,'2020-10-28 08:19:28','2020-10-28 08:19:28'),(655,9.8,5,7.0,NULL,67,88,2,'2020-10-28 08:19:28','2020-10-28 08:19:28'),(656,9.9,10,10.0,NULL,67,90,2,'2020-10-28 08:19:28','2020-10-28 08:19:28'),(657,5,6,6.0,NULL,67,92,2,'2020-10-28 08:19:28','2020-10-28 08:19:28'),(658,9,8.5,9.0,NULL,67,91,2,'2020-10-28 08:19:29','2020-10-28 08:19:29'),(659,10,9.8,10.0,NULL,67,94,2,'2020-10-28 08:19:29','2020-10-28 08:19:29'),(660,9.9,9.9,10.0,NULL,67,96,2,'2020-10-28 08:19:29','2020-10-28 08:19:29'),(661,10,9.9,10.0,NULL,67,95,2,'2020-10-28 08:19:29','2020-10-28 08:19:29'),(662,7,9.5,8.0,NULL,67,89,2,'2020-10-28 08:19:29','2020-10-28 08:19:29'),(663,9.7,9.1,9.0,NULL,67,93,2,'2020-10-28 08:19:29','2020-10-28 08:19:29'),(664,10,10,10.0,NULL,67,97,2,'2020-10-28 14:19:29','2020-10-28 14:19:29'),(665,9.1,9.9,10.0,NULL,67,98,2,'2020-10-28 08:19:29','2020-10-28 08:19:29'),(666,9.9,9.8,10.0,NULL,67,99,2,'2020-10-28 08:19:29','2020-10-28 08:19:29'),(667,9.3,9.5,9.0,NULL,67,100,2,'2020-10-28 14:19:29','2020-10-28 14:19:29'),(668,10,10,10.0,NULL,67,101,2,'2020-10-28 08:19:29','2020-10-28 08:19:29'),(669,9.3,9.9,10.0,NULL,67,102,2,'2020-10-28 08:19:29','2020-10-28 08:19:29'),(670,10,10,10.0,NULL,67,106,2,'2020-10-28 08:19:29','2020-10-28 08:19:29'),(671,10,9.8,10.0,NULL,67,104,2,'2020-10-28 08:19:29','2020-10-28 08:19:29'),(672,10,10,10.0,NULL,67,105,2,'2020-10-28 08:19:29','2020-10-28 08:19:29'),(673,10,10,10.0,NULL,67,103,2,'2020-10-28 08:19:29','2020-10-28 08:19:29'),(674,9.9,9.8,10.0,NULL,67,107,2,'2020-10-28 08:19:29','2020-10-28 08:19:29'),(676,9,10,10.0,NULL,58,31,2,'2020-10-30 08:53:53','2020-10-30 08:53:53'),(677,10,10,10.0,NULL,58,33,2,'2020-10-30 02:53:53','2020-10-30 02:53:53'),(678,10,10,10.0,NULL,58,32,2,'2020-10-30 08:53:53','2020-10-30 08:53:53'),(679,10,9,10.0,NULL,58,34,2,'2020-10-30 08:53:53','2020-10-30 08:53:53'),(680,10,10,10.0,NULL,58,35,2,'2020-10-30 02:53:53','2020-10-30 02:53:53'),(681,9,10,10.0,NULL,58,30,2,'2020-10-30 08:53:53','2020-10-30 08:53:53'),(682,10,10,10.0,NULL,58,36,2,'2020-10-30 08:53:53','2020-10-30 08:53:53'),(683,10,10,10.0,NULL,58,38,2,'2020-10-30 08:53:53','2020-10-30 08:53:53'),(684,10,10,10.0,NULL,58,37,2,'2020-10-30 08:53:53','2020-10-30 08:53:53'),(685,10,10,10.0,NULL,58,41,2,'2020-10-30 08:53:53','2020-10-30 08:53:53'),(686,10,10,10.0,NULL,58,42,2,'2020-10-30 08:53:53','2020-10-30 08:53:53'),(687,9,9,9.0,NULL,58,44,2,'2020-10-30 08:53:53','2020-10-30 08:53:53'),(688,10,10,10.0,NULL,58,43,2,'2020-10-30 08:53:53','2020-10-30 08:53:53'),(689,10,10,10.0,NULL,58,45,2,'2020-10-30 08:53:53','2020-10-30 08:53:53'),(690,10,10,10.0,NULL,58,46,2,'2020-10-30 02:53:53','2020-10-30 02:53:53'),(691,10,10,10.0,NULL,58,47,2,'2020-10-30 08:53:53','2020-10-30 08:53:53'),(692,10,10,10.0,NULL,58,48,2,'2020-10-30 08:53:53','2020-10-30 08:53:53'),(693,10,10,10.0,NULL,58,49,2,'2020-10-30 02:53:53','2020-10-30 02:53:53'),(694,9,10,10.0,NULL,58,52,2,'2020-10-30 02:53:53','2020-10-30 02:53:53'),(695,10,10,10.0,NULL,58,51,2,'2020-10-30 02:53:54','2020-10-30 02:53:54'),(696,9,10,10.0,NULL,58,50,2,'2020-10-30 02:53:54','2020-10-30 02:53:54'),(697,10,10,10.0,NULL,58,53,2,'2020-10-30 02:53:54','2020-10-30 02:53:54'),(698,10,10,10.0,NULL,58,54,2,'2020-10-30 02:53:54','2020-10-30 02:53:54'),(702,10,10,10.0,NULL,59,56,2,'2020-10-29 21:14:02','2020-10-29 21:14:02'),(703,10,10,10.0,NULL,59,55,2,'2020-10-30 03:14:02','2020-10-30 03:14:02'),(704,10,10,10.0,NULL,59,57,2,'2020-10-29 09:14:02','2020-10-29 09:14:02'),(705,10,10,10.0,NULL,59,58,2,'2020-10-29 09:14:02','2020-10-29 09:14:02'),(706,10,10,10.0,NULL,59,59,2,'2020-10-29 09:14:03','2020-10-29 09:14:03'),(707,10,10,10.0,NULL,59,60,2,'2020-10-29 09:14:03','2020-10-29 09:14:03'),(708,10,9,10.0,NULL,59,66,2,'2020-10-29 09:14:03','2020-10-29 09:14:03'),(709,10,10,10.0,NULL,59,63,2,'2020-10-29 15:14:03','2020-10-29 15:14:03'),(710,10,10,10.0,NULL,59,61,2,'2020-10-29 09:14:03','2020-10-29 09:14:03'),(711,10,10,10.0,NULL,59,64,2,'2020-10-29 09:14:03','2020-10-29 09:14:03'),(712,10,10,10.0,NULL,59,62,2,'2020-10-29 09:14:03','2020-10-29 09:14:03'),(713,10,9,10.0,NULL,59,67,2,'2020-10-29 09:14:03','2020-10-29 09:14:03'),(714,10,10,10.0,NULL,59,68,2,'2020-10-29 09:14:03','2020-10-29 09:14:03'),(715,10,10,10.0,NULL,59,65,2,'2020-10-29 09:14:03','2020-10-29 09:14:03'),(716,10,10,10.0,NULL,59,69,2,'2020-10-29 15:14:03','2020-10-29 15:14:03'),(717,10,10,10.0,NULL,59,70,2,'2020-10-29 09:14:03','2020-10-29 09:14:03'),(718,10,10,10.0,NULL,59,71,2,'2020-10-29 09:14:04','2020-10-29 09:14:04'),(719,10,10,10.0,NULL,59,72,2,'2020-10-29 03:14:04','2020-10-29 03:14:04'),(720,10,8,9.0,NULL,59,73,2,'2020-10-29 03:14:04','2020-10-29 03:14:04'),(721,10,10,10.0,NULL,59,74,2,'2020-10-29 03:14:04','2020-10-29 03:14:04'),(722,10,10,10.0,NULL,59,75,2,'2020-10-29 03:14:04','2020-10-29 03:14:04'),(723,10,10,10.0,NULL,59,76,2,'2020-10-29 03:14:04','2020-10-29 03:14:04'),(724,10,9,10.0,NULL,59,77,2,'2020-10-29 03:14:04','2020-10-29 03:14:04'),(725,10,10,10.0,NULL,59,78,2,'2020-10-29 03:14:05','2020-10-29 03:14:05'),(726,10,10,10.0,NULL,59,80,2,'2020-10-29 09:14:05','2020-10-29 09:14:05'),(727,10,10,10.0,NULL,59,79,2,'2020-10-29 03:14:05','2020-10-29 03:14:05'),(728,10,10,10.0,NULL,59,81,2,'2020-10-29 09:14:05','2020-10-29 09:14:05'),(729,10,10,10.0,NULL,59,82,2,'2020-10-29 09:14:05','2020-10-29 09:14:05'),(732,10,10,10.0,NULL,60,83,2,'2020-10-29 15:19:14','2020-10-29 15:19:14'),(733,10,10,10.0,NULL,60,84,2,'2020-10-29 15:19:14','2020-10-29 15:19:14'),(734,10,10,10.0,NULL,60,85,2,'2020-10-29 15:19:14','2020-10-29 15:19:14'),(735,10,10,10.0,NULL,60,86,2,'2020-10-29 15:19:14','2020-10-29 15:19:14'),(736,10,10,10.0,NULL,60,87,2,'2020-10-29 15:19:14','2020-10-29 15:19:14'),(737,10,10,10.0,NULL,60,88,2,'2020-10-29 09:19:14','2020-10-29 09:19:14'),(738,10,10,10.0,NULL,60,90,2,'2020-10-29 09:19:15','2020-10-29 09:19:15'),(739,10,8,9.0,NULL,60,92,2,'2020-10-29 15:19:15','2020-10-29 15:19:15'),(740,10,10,10.0,NULL,60,91,2,'2020-10-29 15:19:15','2020-10-29 15:19:15'),(741,10,10,10.0,NULL,60,94,2,'2020-10-29 15:19:15','2020-10-29 15:19:15'),(742,10,10,10.0,NULL,60,96,2,'2020-10-29 15:19:15','2020-10-29 15:19:15'),(743,10,10,10.0,NULL,60,95,2,'2020-10-29 15:19:15','2020-10-29 15:19:15'),(744,10,10,10.0,NULL,60,89,2,'2020-10-29 15:19:15','2020-10-29 15:19:15'),(745,10,9,10.0,NULL,60,93,2,'2020-10-29 09:19:15','2020-10-29 09:19:15'),(746,10,10,10.0,NULL,60,97,2,'2020-10-29 09:19:15','2020-10-29 09:19:15'),(747,10,10,10.0,NULL,60,98,2,'2020-10-29 15:19:15','2020-10-29 15:19:15'),(748,10,10,10.0,NULL,60,99,2,'2020-10-29 09:19:15','2020-10-29 09:19:15'),(749,10,10,10.0,NULL,60,100,2,'2020-10-29 09:19:15','2020-10-29 09:19:15'),(750,10,10,10.0,NULL,60,101,2,'2020-10-29 15:19:15','2020-10-29 15:19:15'),(751,10,10,10.0,NULL,60,102,2,'2020-10-29 15:19:15','2020-10-29 15:19:15'),(752,10,10,10.0,NULL,60,106,2,'2020-10-29 15:19:15','2020-10-29 15:19:15'),(753,10,10,10.0,NULL,60,104,2,'2020-10-29 15:19:15','2020-10-29 15:19:15'),(754,10,10,10.0,NULL,60,105,2,'2020-10-29 15:19:15','2020-10-29 15:19:15'),(755,10,10,10.0,NULL,60,103,2,'2020-10-29 15:19:15','2020-10-29 15:19:15'),(756,10,10,10.0,NULL,60,107,2,'2020-10-29 15:19:15','2020-10-29 15:19:15'),(758,9,10,10.0,NULL,61,109,2,'2020-10-29 09:24:40','2020-10-29 09:24:40'),(759,10,10,10.0,NULL,61,108,2,'2020-10-29 09:24:40','2020-10-29 09:24:40'),(760,9,10,10.0,NULL,61,110,2,'2020-10-29 09:24:40','2020-10-29 09:24:40'),(761,10,10,10.0,NULL,61,111,2,'2020-10-29 09:24:40','2020-10-29 09:24:40'),(762,10,10,10.0,NULL,61,114,2,'2020-10-29 15:24:40','2020-10-29 15:24:40'),(763,10,10,10.0,NULL,61,112,2,'2020-10-29 09:24:40','2020-10-29 09:24:40'),(764,10,10,10.0,NULL,61,113,2,'2020-10-29 09:24:40','2020-10-29 09:24:40'),(765,10,10,10.0,NULL,61,115,2,'2020-10-29 09:24:40','2020-10-29 09:24:40'),(766,10,10,10.0,NULL,61,116,2,'2020-10-29 09:24:40','2020-10-29 09:24:40'),(767,10,9,10.0,NULL,61,117,2,'2020-10-29 09:24:40','2020-10-29 09:24:40'),(768,10,10,10.0,NULL,61,118,2,'2020-10-29 09:24:40','2020-10-29 09:24:40'),(769,10,10,10.0,NULL,61,120,2,'2020-10-29 09:24:40','2020-10-29 09:24:40'),(770,10,10,10.0,NULL,61,119,2,'2020-10-29 09:24:40','2020-10-29 09:24:40'),(771,10,10,10.0,NULL,61,121,2,'2020-10-29 09:24:40','2020-10-29 09:24:40'),(772,9,10,10.0,NULL,61,122,2,'2020-10-29 09:24:41','2020-10-29 09:24:41'),(773,10,10,10.0,NULL,61,125,2,'2020-10-29 09:24:41','2020-10-29 09:24:41'),(774,9,7,8.0,NULL,61,124,2,'2020-10-29 09:24:41','2020-10-29 09:24:41'),(775,10,10,10.0,NULL,61,123,2,'2020-10-29 15:24:41','2020-10-29 15:24:41'),(778,10,10,10.0,NULL,62,126,2,'2020-10-29 09:30:38','2020-10-29 09:30:38'),(779,10,10,10.0,NULL,62,127,2,'2020-10-29 09:30:38','2020-10-29 09:30:38'),(780,10,10,10.0,NULL,62,128,2,'2020-10-29 09:30:38','2020-10-29 09:30:38'),(781,10,10,10.0,NULL,62,131,2,'2020-10-29 09:30:38','2020-10-29 09:30:38'),(782,8,8,8.0,NULL,62,132,2,'2020-10-29 09:30:38','2020-10-29 09:30:38'),(783,10,10,10.0,NULL,62,130,2,'2020-10-29 09:30:38','2020-10-29 09:30:38'),(784,9,9,9.0,NULL,62,133,2,'2020-10-29 15:30:38','2020-10-29 15:30:38'),(785,10,10,10.0,NULL,62,129,2,'2020-10-29 09:30:38','2020-10-29 09:30:38'),(786,10,10,10.0,NULL,62,135,2,'2020-10-29 09:30:38','2020-10-29 09:30:38'),(787,10,10,10.0,NULL,62,134,2,'2020-10-29 09:30:39','2020-10-29 09:30:39'),(788,10,10,10.0,NULL,62,137,2,'2020-10-29 15:30:39','2020-10-29 15:30:39'),(789,10,10,10.0,NULL,62,138,2,'2020-10-29 09:30:39','2020-10-29 09:30:39'),(790,9,8,9.0,NULL,62,136,2,'2020-10-29 09:30:39','2020-10-29 09:30:39'),(791,9,9,9.0,NULL,62,139,2,'2020-10-29 09:30:39','2020-10-29 09:30:39'),(792,10,9,10.0,NULL,62,140,2,'2020-10-29 09:30:39','2020-10-29 09:30:39'),(793,10,10,10.0,NULL,62,141,2,'2020-10-29 09:30:39','2020-10-29 09:30:39'),(794,8,8,8.0,NULL,62,143,2,'2020-10-29 09:30:39','2020-10-29 09:30:39'),(795,10,10,10.0,NULL,62,142,2,'2020-10-29 09:30:39','2020-10-29 09:30:39'),(796,10,10,10.0,NULL,62,144,2,'2020-10-29 09:30:39','2020-10-29 09:30:39'),(798,8.7,9.6,9.0,NULL,63,31,2,'2020-10-28 09:46:33','2020-10-28 09:46:33'),(799,9.9,9.9,10.0,NULL,63,33,2,'2020-10-28 15:46:33','2020-10-28 15:46:33'),(800,9.9,9.6,10.0,NULL,63,32,2,'2020-10-28 15:46:33','2020-10-28 15:46:33'),(801,7,5,6.0,NULL,63,34,2,'2020-10-28 15:46:33','2020-10-28 15:46:33'),(802,10,10,10.0,NULL,63,35,2,'2020-10-28 15:46:33','2020-10-28 15:46:33'),(803,5.9,9.6,8.0,NULL,63,30,2,'2020-10-29 15:46:33','2020-10-29 15:46:33'),(804,9.6,5,7.0,NULL,63,36,2,'2020-10-28 15:46:33','2020-10-28 15:46:33'),(805,9.8,9.4,10.0,NULL,63,38,2,'2020-10-28 15:46:34','2020-10-28 15:46:34'),(806,9.9,9.7,10.0,NULL,63,37,2,'2020-10-28 15:46:34','2020-10-28 15:46:34'),(807,9.4,9.8,10.0,NULL,63,41,2,'2020-10-28 15:46:34','2020-10-28 15:46:34'),(808,10,8.7,9.0,NULL,63,42,2,'2020-10-28 21:46:34','2020-10-28 21:46:34'),(809,8.6,5,7.0,NULL,63,44,2,'2020-10-28 15:46:34','2020-10-28 15:46:34'),(810,9.4,8.8,9.0,NULL,63,43,2,'2020-10-28 15:46:34','2020-10-28 15:46:34'),(811,9.9,9.9,10.0,NULL,63,45,2,'2020-10-28 15:46:34','2020-10-28 15:46:34'),(812,10,10,10.0,NULL,63,46,2,'2020-10-28 15:46:34','2020-10-28 15:46:34'),(813,9.4,9.2,9.0,NULL,63,47,2,'2020-10-28 15:46:34','2020-10-28 15:46:34'),(814,9.6,8.4,9.0,NULL,63,48,2,'2020-10-28 15:46:34','2020-10-28 15:46:34'),(815,10,9.7,10.0,NULL,63,49,2,'2020-10-28 15:46:34','2020-10-28 15:46:34'),(816,7,7.3,7.0,NULL,63,52,2,'2020-10-28 15:46:34','2020-10-28 15:46:34'),(817,7,6.2,7.0,NULL,63,51,2,'2020-10-28 15:46:34','2020-10-28 15:46:34'),(818,9.5,8.7,9.0,NULL,63,50,2,'2020-10-28 15:46:34','2020-10-28 15:46:34'),(819,9.9,10,10.0,NULL,63,53,2,'2020-10-28 15:46:34','2020-10-28 15:46:34'),(820,9.9,9.8,10.0,NULL,63,54,2,'2020-10-28 15:46:35','2020-10-28 15:46:35'),(821,10,10,10.0,NULL,64,56,2,'2020-10-28 16:14:56','2020-10-28 16:14:56'),(822,10,10,10.0,NULL,64,55,2,'2020-10-28 16:14:56','2020-10-28 16:14:56'),(823,8.9,7.1,8.0,NULL,64,57,2,'2020-10-28 16:14:56','2020-10-28 16:14:56'),(824,6.8,9,8.0,NULL,64,58,2,'2020-10-28 16:14:56','2020-10-28 16:14:56'),(825,10,9.5,10.0,NULL,64,59,2,'2020-10-28 16:14:56','2020-10-28 16:14:56'),(826,9.8,9.9,10.0,NULL,64,60,2,'2020-10-28 16:14:56','2020-10-28 16:14:56'),(827,9.7,8.2,9.0,NULL,64,66,2,'2020-10-28 16:14:56','2020-10-28 16:14:56'),(828,10,9.9,10.0,NULL,64,63,2,'2020-10-28 22:14:56','2020-10-28 22:14:56'),(829,9.2,9.8,10.0,NULL,64,61,2,'2020-10-28 16:14:56','2020-10-28 16:14:56'),(830,10,10,10.0,NULL,64,64,2,'2020-10-28 16:14:56','2020-10-28 16:14:56'),(831,6.6,5,6.0,NULL,64,62,2,'2020-10-28 16:14:56','2020-10-28 16:14:56'),(832,6.7,5,6.0,NULL,64,67,2,'2020-10-28 16:14:56','2020-10-28 16:14:56'),(833,7,10,9.0,NULL,64,68,2,'2020-10-28 22:14:56','2020-10-28 22:14:56'),(834,9.7,10,10.0,NULL,64,65,2,'2020-10-28 16:14:56','2020-10-28 16:14:56'),(835,10,10,10.0,NULL,64,69,2,'2020-10-28 16:14:56','2020-10-28 16:14:56'),(836,10,10,10.0,NULL,64,70,2,'2020-10-28 16:14:56','2020-10-28 16:14:56'),(837,9.4,9.7,10.0,NULL,64,71,2,'2020-10-28 16:14:57','2020-10-28 16:14:57'),(838,9.9,9.7,10.0,NULL,64,72,2,'2020-10-28 16:14:57','2020-10-28 16:14:57'),(839,5,5,5.0,NULL,64,73,2,'2020-10-28 22:14:57','2020-10-28 22:14:57'),(840,9.7,9.6,10.0,NULL,64,74,2,'2020-10-28 16:14:57','2020-10-28 16:14:57'),(841,10,9.8,10.0,NULL,64,75,2,'2020-10-28 16:14:57','2020-10-28 16:14:57'),(842,9.7,10,10.0,NULL,64,76,2,'2020-10-28 16:14:57','2020-10-28 16:14:57'),(843,10,9.1,10.0,NULL,64,77,2,'2020-10-28 16:14:57','2020-10-28 16:14:57'),(844,10,10,10.0,NULL,64,78,2,'2020-10-28 16:14:57','2020-10-28 16:14:57'),(845,9.6,10,10.0,NULL,64,80,2,'2020-10-28 16:14:57','2020-10-28 16:14:57'),(846,10,10,10.0,NULL,64,79,2,'2020-10-28 16:14:57','2020-10-28 16:14:57'),(847,10,10,10.0,NULL,64,81,2,'2020-10-28 16:14:57','2020-10-28 16:14:57'),(848,10,10,10.0,NULL,64,82,2,'2020-10-28 16:14:57','2020-10-28 16:14:57'),(849,9.7,9.5,10.0,NULL,65,126,2,'2020-10-28 16:15:15','2020-10-28 16:15:15'),(850,9.9,9.9,10.0,NULL,65,127,2,'2020-10-28 16:15:15','2020-10-28 16:15:15'),(851,10,10,10.0,NULL,65,128,2,'2020-10-28 16:15:15','2020-10-28 16:15:15'),(852,10,10,10.0,NULL,65,131,2,'2020-10-28 16:15:15','2020-10-28 16:15:15'),(853,5,5,5.0,NULL,65,132,2,'2020-10-28 22:15:15','2020-10-28 22:15:15'),(854,10,10,10.0,NULL,65,130,2,'2020-10-29 04:15:15','2020-10-29 04:15:15'),(855,6.7,8.4,8.0,NULL,65,133,2,'2020-10-28 16:15:15','2020-10-28 16:15:15'),(856,9.9,10,10.0,NULL,65,129,2,'2020-10-29 04:15:15','2020-10-29 04:15:15'),(857,9.9,10,10.0,NULL,65,135,2,'2020-10-28 16:15:15','2020-10-28 16:15:15'),(858,9.8,8.8,9.0,NULL,65,134,2,'2020-10-28 16:15:15','2020-10-28 16:15:15'),(859,5,7.4,6.0,NULL,65,137,2,'2020-10-28 22:15:15','2020-10-28 22:15:15'),(860,10,10,10.0,NULL,65,138,2,'2020-10-28 16:15:15','2020-10-28 16:15:15'),(861,7.6,5,6.0,NULL,65,136,2,'2020-10-28 16:15:15','2020-10-28 16:15:15'),(862,8.9,5,7.0,NULL,65,139,2,'2020-10-28 16:15:15','2020-10-28 16:15:15'),(863,9.9,9.8,10.0,NULL,65,140,2,'2020-10-28 16:15:15','2020-10-28 16:15:15'),(864,9.7,10,10.0,NULL,65,141,2,'2020-10-28 16:15:15','2020-10-28 16:15:15'),(865,5,5,5.0,NULL,65,143,2,'2020-10-29 10:15:15','2020-10-29 10:15:15'),(866,9.7,9.8,10.0,NULL,65,142,2,'2020-10-28 16:15:15','2020-10-28 16:15:15'),(867,9.9,10,10.0,NULL,65,144,2,'2020-10-28 16:15:15','2020-10-28 16:15:15'),(871,7.1,6.5,7.0,NULL,29,109,2,'2020-10-28 22:44:54','2020-10-28 22:44:54'),(872,8.3,9.2,9.0,NULL,29,108,2,'2020-10-29 04:44:54','2020-10-29 04:44:54'),(873,8.3,9,9.0,NULL,29,110,2,'2020-10-28 22:44:54','2020-10-28 22:44:54'),(874,7.3,8.3,8.0,NULL,29,111,2,'2020-10-28 22:44:54','2020-10-28 22:44:54'),(875,8,9.8,9.0,NULL,29,114,2,'2020-10-28 22:44:54','2020-10-28 22:44:54'),(876,7.9,8.6,8.0,NULL,29,112,2,'2020-10-28 22:44:54','2020-10-28 22:44:54'),(877,8.4,9.8,9.0,NULL,29,113,2,'2020-10-28 22:44:54','2020-10-28 22:44:54'),(878,8.2,9.6,9.0,NULL,29,115,2,'2020-10-28 22:44:54','2020-10-28 22:44:54'),(879,7.7,8.4,8.0,NULL,29,116,2,'2020-10-28 22:44:54','2020-10-28 22:44:54'),(880,5,5,5.0,NULL,29,117,2,'2020-10-29 04:44:54','2020-10-29 04:44:54'),(881,6.7,10,8.0,NULL,29,118,2,'2020-10-28 22:44:54','2020-10-28 22:44:54'),(882,8.4,9.7,9.0,NULL,29,120,2,'2020-10-29 10:44:54','2020-10-29 10:44:54'),(883,5,7,6.0,NULL,29,119,2,'2020-10-28 22:44:54','2020-10-28 22:44:54'),(884,6.9,9.5,8.0,NULL,29,121,2,'2020-10-29 10:44:54','2020-10-29 10:44:54'),(885,6.8,8.5,8.0,NULL,29,122,2,'2020-10-29 04:44:54','2020-10-29 04:44:54'),(886,6.1,7.3,7.0,NULL,29,125,2,'2020-10-29 04:44:54','2020-10-29 04:44:54'),(887,5.8,7.8,7.0,NULL,29,124,2,'2020-10-29 04:44:54','2020-10-29 04:44:54'),(888,6.4,8.5,7.0,NULL,29,123,2,'2020-10-29 04:44:54','2020-10-29 04:44:54'),(898,7.2,8.7,8.0,NULL,30,126,2,'2020-10-28 17:06:46','2020-10-28 17:06:46'),(899,8.3,8.9,9.0,NULL,30,127,2,'2020-10-28 17:06:46','2020-10-28 17:06:46'),(900,8.1,10,9.0,NULL,30,128,2,'2020-10-28 17:06:46','2020-10-28 17:06:46'),(901,8.1,9.4,9.0,NULL,30,131,2,'2020-10-28 17:06:47','2020-10-28 17:06:47'),(902,5,5,5.0,NULL,30,132,2,'2020-10-28 17:06:47','2020-10-28 17:06:47'),(903,8.4,9.5,9.0,NULL,30,130,2,'2020-10-28 17:06:47','2020-10-28 17:06:47'),(904,5,5,5.0,NULL,30,133,2,'2020-10-28 17:06:47','2020-10-28 17:06:47'),(905,8.1,10,9.0,NULL,30,129,2,'2020-10-28 17:06:47','2020-10-28 17:06:47'),(906,9.5,10,10.0,NULL,30,135,2,'2020-10-28 17:06:47','2020-10-28 17:06:47'),(907,8.7,10,9.0,NULL,30,134,2,'2020-10-28 17:06:47','2020-10-28 17:06:47'),(908,6.1,5,6.0,NULL,30,137,2,'2020-10-28 17:06:47','2020-10-28 17:06:47'),(909,8.8,9.8,9.0,NULL,30,138,2,'2020-10-28 17:06:47','2020-10-28 17:06:47'),(910,7.7,5,6.0,NULL,30,136,2,'2020-10-28 17:06:47','2020-10-28 17:06:47'),(911,6.2,5,6.0,NULL,30,139,2,'2020-10-28 17:06:47','2020-10-28 17:06:47'),(912,7.6,10,9.0,NULL,30,140,2,'2020-10-28 17:06:47','2020-10-28 17:06:47'),(913,6.3,6,6.0,NULL,30,141,2,'2020-10-28 17:06:47','2020-10-28 17:06:47'),(914,5,5,5.0,NULL,30,143,2,'2020-10-28 17:06:47','2020-10-28 17:06:47'),(915,9.2,10,10.0,NULL,30,142,2,'2020-10-28 17:06:47','2020-10-28 17:06:47'),(916,8.2,8.8,9.0,NULL,30,144,2,'2020-10-28 17:06:47','2020-10-28 17:06:47'),(918,10,10,10.0,0,69,5,2,'2020-10-28 19:02:54','2020-10-28 19:02:54'),(919,10,10,10.0,0,69,6,2,'2020-10-28 19:02:55','2020-10-28 19:02:55'),(920,10,10,10.0,0,69,7,2,'2020-10-29 01:02:55','2020-10-29 01:02:55'),(921,10,6,8.0,0,69,8,2,'2020-10-28 19:02:55','2020-10-28 19:02:55'),(922,10,10,10.0,0,69,9,2,'2020-10-28 19:02:55','2020-10-28 19:02:55'),(923,10,10,10.0,0,69,10,2,'2020-10-28 19:02:55','2020-10-28 19:02:55'),(924,10,10,10.0,0,69,11,2,'2020-10-28 19:02:55','2020-10-28 19:02:55'),(925,10,10,10.0,0,69,15,2,'2020-10-28 19:02:55','2020-10-28 19:02:55'),(926,10,10,10.0,0,69,13,2,'2020-10-28 19:02:55','2020-10-28 19:02:55'),(927,10,10,10.0,0,69,14,2,'2020-10-28 19:02:55','2020-10-28 19:02:55'),(928,10,9,10.0,0,69,12,2,'2020-10-29 01:02:55','2020-10-29 01:02:55'),(929,10,10,10.0,0,69,17,2,'2020-10-28 19:02:55','2020-10-28 19:02:55'),(930,10,10,10.0,0,69,16,2,'2020-10-28 19:02:55','2020-10-28 19:02:55'),(931,10,10,10.0,0,69,21,2,'2020-10-28 19:02:55','2020-10-28 19:02:55'),(932,10,10,10.0,0,69,20,2,'2020-10-28 19:02:55','2020-10-28 19:02:55'),(933,10,9,10.0,0,69,18,2,'2020-10-28 19:02:55','2020-10-28 19:02:55'),(934,10,10,10.0,0,69,23,2,'2020-10-28 19:02:55','2020-10-28 19:02:55'),(935,10,10,10.0,0,69,22,2,'2020-10-28 19:02:55','2020-10-28 19:02:55'),(936,10,10,10.0,0,69,19,2,'2020-10-29 01:02:55','2020-10-29 01:02:55'),(937,10,10,10.0,0,69,24,2,'2020-10-28 19:02:55','2020-10-28 19:02:55'),(938,10,10,10.0,0,69,25,2,'2020-10-29 01:02:55','2020-10-29 01:02:55'),(939,10,10,10.0,0,69,26,2,'2020-10-29 01:02:55','2020-10-29 01:02:55'),(940,10,10,10.0,0,69,28,2,'2020-10-28 19:02:55','2020-10-28 19:02:55'),(941,10,10,10.0,0,69,29,2,'2020-10-28 19:02:55','2020-10-28 19:02:55'),(942,10,10,10.0,0,69,27,2,'2020-10-28 19:02:55','2020-10-28 19:02:55'),(945,9.8,8.4,9.0,NULL,47,5,2,'2020-10-29 15:33:11','2020-10-29 15:33:11'),(946,9.6,8.2,9.0,NULL,47,6,2,'2020-10-29 09:33:11','2020-10-29 09:33:11'),(947,9.9,9.2,10.0,NULL,47,7,2,'2020-10-29 09:33:11','2020-10-29 09:33:11'),(948,9.5,8.6,9.0,NULL,47,8,2,'2020-10-29 15:33:11','2020-10-29 15:33:11'),(949,9.5,9,9.0,NULL,47,9,2,'2020-10-29 15:33:11','2020-10-29 15:33:11'),(950,10,7.6,9.0,NULL,47,10,2,'2020-10-29 09:33:11','2020-10-29 09:33:11'),(951,10,8.3,9.0,NULL,47,11,2,'2020-10-29 09:33:11','2020-10-29 09:33:11'),(952,9.5,8.1,9.0,NULL,47,15,2,'2020-10-29 09:33:11','2020-10-29 09:33:11'),(953,10,9.4,10.0,NULL,47,13,2,'2020-10-29 15:33:11','2020-10-29 15:33:11'),(954,9.8,9.2,10.0,NULL,47,14,2,'2020-10-29 09:33:11','2020-10-29 09:33:11'),(955,10,8.9,9.0,NULL,47,12,2,'2020-10-29 09:33:11','2020-10-29 09:33:11'),(956,10,9.4,10.0,NULL,47,17,2,'2020-10-29 09:33:11','2020-10-29 09:33:11'),(957,9.7,9.2,9.0,NULL,47,16,2,'2020-10-29 09:33:11','2020-10-29 09:33:11'),(958,9.9,9.5,10.0,NULL,47,21,2,'2020-10-29 21:33:11','2020-10-29 21:33:11'),(959,9.7,9.1,9.0,NULL,47,20,2,'2020-10-29 09:33:11','2020-10-29 09:33:11'),(960,10,9.3,10.0,NULL,47,18,2,'2020-10-29 15:33:11','2020-10-29 15:33:11'),(961,10,9.6,10.0,NULL,47,23,2,'2020-10-29 09:33:11','2020-10-29 09:33:11'),(962,9.6,6,8.0,NULL,47,22,2,'2020-10-29 09:33:11','2020-10-29 09:33:11'),(963,7.5,7.6,8.0,NULL,47,19,2,'2020-10-29 09:33:11','2020-10-29 09:33:11'),(964,9.8,8.9,9.0,NULL,47,24,2,'2020-10-29 09:33:11','2020-10-29 09:33:11'),(965,9.5,7.4,8.0,NULL,47,25,2,'2020-10-29 09:33:11','2020-10-29 09:33:11'),(966,9.8,9.3,10.0,NULL,47,26,2,'2020-10-29 09:33:11','2020-10-29 09:33:11'),(967,10,9.8,10.0,NULL,47,28,2,'2020-10-29 09:33:11','2020-10-29 09:33:11'),(968,10,9.2,10.0,NULL,47,29,2,'2020-10-29 09:33:11','2020-10-29 09:33:11'),(969,9,8.6,9.0,NULL,47,27,2,'2020-10-29 09:33:11','2020-10-29 09:33:11'),(970,10,7.7,9.0,NULL,48,31,2,'2020-10-29 09:41:52','2020-10-29 09:41:52'),(971,9.6,9.3,9.0,NULL,48,33,2,'2020-10-29 09:41:52','2020-10-29 09:41:52'),(972,9.9,9.8,10.0,NULL,48,32,2,'2020-10-29 09:41:52','2020-10-29 09:41:52'),(973,9.5,5,7.0,NULL,48,34,2,'2020-10-29 09:41:52','2020-10-29 09:41:52'),(974,9.7,9.2,9.0,NULL,48,35,2,'2020-10-29 09:41:52','2020-10-29 09:41:52'),(975,10,9.5,10.0,NULL,48,30,2,'2020-10-29 09:41:52','2020-10-29 09:41:52'),(976,9.7,7.1,8.0,NULL,48,36,2,'2020-10-29 15:41:52','2020-10-29 15:41:52'),(977,10,8.7,9.0,NULL,48,38,2,'2020-10-29 15:41:52','2020-10-29 15:41:52'),(978,9,6.6,8.0,NULL,48,37,2,'2020-10-29 09:41:52','2020-10-29 09:41:52'),(979,9,7.6,8.0,NULL,48,41,2,'2020-10-29 15:41:52','2020-10-29 15:41:52'),(980,10,8.8,9.0,NULL,48,42,2,'2020-10-29 15:41:52','2020-10-29 15:41:52'),(981,9.7,5,7.0,NULL,48,44,2,'2020-10-29 15:41:52','2020-10-29 15:41:52'),(982,9.5,7.4,8.0,NULL,48,43,2,'2020-10-29 15:41:52','2020-10-29 15:41:52'),(983,10,9.2,10.0,NULL,48,45,2,'2020-10-29 09:41:52','2020-10-29 09:41:52'),(984,10,7.8,9.0,NULL,48,46,2,'2020-10-29 09:41:52','2020-10-29 09:41:52'),(985,10,9.1,10.0,NULL,48,47,2,'2020-10-29 09:41:52','2020-10-29 09:41:52'),(986,9.5,8.5,9.0,NULL,48,48,2,'2020-10-29 09:41:52','2020-10-29 09:41:52'),(987,10,9.2,10.0,NULL,48,49,2,'2020-10-29 09:41:52','2020-10-29 09:41:52'),(988,9,8.4,9.0,NULL,48,52,2,'2020-10-29 09:41:52','2020-10-29 09:41:52'),(989,10,8.5,9.0,NULL,48,51,2,'2020-10-29 09:41:52','2020-10-29 09:41:52'),(990,9.5,9.6,10.0,NULL,48,50,2,'2020-10-29 09:41:52','2020-10-29 09:41:52'),(991,10,9.9,10.0,NULL,48,53,2,'2020-10-29 09:41:52','2020-10-29 09:41:52'),(992,10,9.3,10.0,NULL,48,54,2,'2020-10-29 09:41:52','2020-10-29 09:41:52'),(993,10,9.8,10.0,NULL,49,56,2,'2020-10-29 15:51:04','2020-10-29 15:51:04'),(994,10,9,10.0,NULL,49,55,2,'2020-10-30 03:51:04','2020-10-30 03:51:04'),(995,9.6,9.4,10.0,NULL,49,57,2,'2020-10-29 15:51:04','2020-10-29 15:51:04'),(996,9.4,9.6,10.0,NULL,49,58,2,'2020-10-29 15:51:04','2020-10-29 15:51:04'),(997,9.5,9.2,9.0,NULL,49,59,2,'2020-10-29 15:51:04','2020-10-29 15:51:04'),(998,9,9.4,9.0,NULL,49,60,2,'2020-10-29 21:51:04','2020-10-29 21:51:04'),(999,10,9,10.0,NULL,49,66,2,'2020-10-29 15:51:04','2020-10-29 15:51:04'),(1000,10,8.1,9.0,NULL,49,63,2,'2020-10-29 15:51:04','2020-10-29 15:51:04'),(1001,9.5,8.4,9.0,NULL,49,61,2,'2020-10-29 15:51:04','2020-10-29 15:51:04'),(1002,10,8.6,9.0,NULL,49,64,2,'2020-10-29 21:51:04','2020-10-29 21:51:04'),(1003,9,9.1,9.0,NULL,49,62,2,'2020-10-29 15:51:04','2020-10-29 15:51:04'),(1004,9.9,9.8,10.0,NULL,49,67,2,'2020-10-29 15:51:04','2020-10-29 15:51:04'),(1005,9.5,9.2,9.0,NULL,49,68,2,'2020-10-29 15:51:04','2020-10-29 15:51:04'),(1006,9.5,7.5,9.0,NULL,49,65,2,'2020-10-29 15:51:04','2020-10-29 15:51:04'),(1007,10,8.2,9.0,NULL,49,69,2,'2020-10-29 15:51:04','2020-10-29 15:51:04'),(1008,9.8,8.6,9.0,NULL,49,70,2,'2020-10-29 15:51:04','2020-10-29 15:51:04'),(1009,8.8,9.2,9.0,NULL,49,71,2,'2020-10-29 15:51:04','2020-10-29 15:51:04'),(1010,10,8,9.0,NULL,49,72,2,'2020-10-29 15:51:04','2020-10-29 15:51:04'),(1011,9,8.4,9.0,NULL,49,73,2,'2020-10-29 15:51:04','2020-10-29 15:51:04'),(1012,10,7.8,9.0,NULL,49,74,2,'2020-10-29 15:51:04','2020-10-29 15:51:04'),(1013,10,8.2,9.0,NULL,49,75,2,'2020-10-29 15:51:04','2020-10-29 15:51:04'),(1014,10,9.6,10.0,NULL,49,76,2,'2020-10-29 15:51:04','2020-10-29 15:51:04'),(1015,10,9.7,10.0,NULL,49,77,2,'2020-10-29 15:51:04','2020-10-29 15:51:04'),(1016,9.5,7.6,9.0,NULL,49,78,2,'2020-10-29 15:51:04','2020-10-29 15:51:04'),(1017,10,7.6,9.0,NULL,49,80,2,'2020-10-29 15:51:04','2020-10-29 15:51:04'),(1018,10,9.4,10.0,NULL,49,79,2,'2020-10-29 15:51:04','2020-10-29 15:51:04'),(1019,9.5,9.8,10.0,NULL,49,81,2,'2020-10-29 15:51:04','2020-10-29 15:51:04'),(1020,9.5,8.2,9.0,NULL,49,82,2,'2020-10-29 15:51:04','2020-10-29 15:51:04'),(1021,9.8,8.6,9.0,NULL,50,83,2,'2020-10-29 15:57:17','2020-10-29 15:57:17'),(1022,9.5,8.4,9.0,NULL,50,84,2,'2020-10-29 15:57:17','2020-10-29 15:57:17'),(1023,6.5,5,6.0,NULL,50,85,2,'2020-10-29 15:57:17','2020-10-29 15:57:17'),(1024,10,9.2,10.0,NULL,50,86,2,'2020-10-29 15:57:17','2020-10-29 15:57:17'),(1025,8,7.4,8.0,NULL,50,87,2,'2020-10-29 21:57:17','2020-10-29 21:57:17'),(1026,6.5,6,6.0,NULL,50,88,2,'2020-10-29 21:57:17','2020-10-29 21:57:17'),(1027,9.5,9.6,10.0,NULL,50,90,2,'2020-10-29 21:57:17','2020-10-29 21:57:17'),(1028,5,5,5.0,NULL,50,92,2,'2020-10-29 15:57:17','2020-10-29 15:57:17'),(1029,5,7.4,6.0,NULL,50,91,2,'2020-10-29 15:57:17','2020-10-29 15:57:17'),(1030,10,9.2,10.0,NULL,50,94,2,'2020-10-29 15:57:17','2020-10-29 15:57:17'),(1031,10,8,9.0,NULL,50,96,2,'2020-10-29 15:57:17','2020-10-29 15:57:17'),(1032,10,9.6,10.0,NULL,50,95,2,'2020-10-29 15:57:17','2020-10-29 15:57:17'),(1033,8,7.7,8.0,NULL,50,89,2,'2020-10-29 15:57:17','2020-10-29 15:57:17'),(1034,10,9.8,10.0,NULL,50,93,2,'2020-10-29 15:57:17','2020-10-29 15:57:17'),(1035,10,8.8,9.0,NULL,50,97,2,'2020-10-29 15:57:17','2020-10-29 15:57:17'),(1036,8.3,8.2,8.0,NULL,50,98,2,'2020-10-29 15:57:17','2020-10-29 15:57:17'),(1037,10,8.4,9.0,NULL,50,99,2,'2020-10-29 15:57:17','2020-10-29 15:57:17'),(1038,8,7.2,8.0,NULL,50,100,2,'2020-10-29 21:57:17','2020-10-29 21:57:17'),(1039,10,9.2,10.0,NULL,50,101,2,'2020-10-29 21:57:17','2020-10-29 21:57:17'),(1040,10,8.6,9.0,NULL,50,102,2,'2020-10-29 15:57:17','2020-10-29 15:57:17'),(1041,10,9,10.0,NULL,50,106,2,'2020-10-29 15:57:17','2020-10-29 15:57:17'),(1042,10,9.6,10.0,NULL,50,104,2,'2020-10-29 15:57:17','2020-10-29 15:57:17'),(1043,10,9,10.0,NULL,50,105,2,'2020-10-29 21:57:17','2020-10-29 21:57:17'),(1044,10,8.6,9.0,NULL,50,103,2,'2020-10-29 15:57:17','2020-10-29 15:57:17'),(1045,9.7,8,9.0,NULL,50,107,2,'2020-10-29 21:57:17','2020-10-29 21:57:17'),(1046,10,9.1,10.0,NULL,77,5,2,'2020-10-29 10:02:28','2020-10-29 10:02:28'),(1047,10,7.4,9.0,NULL,77,6,2,'2020-10-29 10:02:28','2020-10-29 10:02:28'),(1048,10,9.6,10.0,NULL,77,7,2,'2020-10-29 10:02:28','2020-10-29 10:02:28'),(1049,10,9.3,10.0,NULL,77,8,2,'2020-10-29 10:02:28','2020-10-29 10:02:28'),(1050,10,9.1,10.0,NULL,77,9,2,'2020-10-29 10:02:28','2020-10-29 10:02:28'),(1051,10,8.6,9.0,NULL,77,10,2,'2020-10-29 10:02:28','2020-10-29 10:02:28'),(1052,10,9.1,10.0,NULL,77,11,2,'2020-10-29 10:02:28','2020-10-29 10:02:28'),(1053,9.7,8.3,9.0,NULL,77,15,2,'2020-10-29 10:02:28','2020-10-29 10:02:28'),(1054,10,10,10.0,NULL,77,13,2,'2020-10-29 16:02:28','2020-10-29 16:02:28'),(1055,10,9,10.0,NULL,77,14,2,'2020-10-29 10:02:28','2020-10-29 10:02:28'),(1056,10,9,10.0,NULL,77,12,2,'2020-10-29 10:02:28','2020-10-29 10:02:28'),(1057,10,8.8,9.0,NULL,77,17,2,'2020-10-29 10:02:28','2020-10-29 10:02:28'),(1058,10,9.1,10.0,NULL,77,16,2,'2020-10-29 10:02:28','2020-10-29 10:02:28'),(1059,10,9.6,10.0,NULL,77,21,2,'2020-10-29 22:02:28','2020-10-29 22:02:28'),(1060,10,8.8,9.0,NULL,77,20,2,'2020-10-29 16:02:28','2020-10-29 16:02:28'),(1061,9.7,8.6,9.0,NULL,77,18,2,'2020-10-29 10:02:28','2020-10-29 10:02:28'),(1062,10,9.5,10.0,NULL,77,23,2,'2020-10-29 10:02:28','2020-10-29 10:02:28'),(1063,10,8.5,9.0,NULL,77,22,2,'2020-10-29 10:02:28','2020-10-29 10:02:28'),(1064,10,7.8,9.0,NULL,77,19,2,'2020-10-29 16:02:28','2020-10-29 16:02:28'),(1065,10,9.3,10.0,NULL,77,24,2,'2020-10-29 10:02:28','2020-10-29 10:02:28'),(1066,9.7,8.2,9.0,NULL,77,25,2,'2020-10-29 10:02:29','2020-10-29 10:02:29'),(1067,9.7,9.4,10.0,NULL,77,26,2,'2020-10-29 10:02:29','2020-10-29 10:02:29'),(1068,10,9.5,10.0,NULL,77,28,2,'2020-10-29 16:02:29','2020-10-29 16:02:29'),(1069,10,9.6,10.0,NULL,77,29,2,'2020-10-29 10:02:29','2020-10-29 10:02:29'),(1070,10,9.3,10.0,NULL,77,27,2,'2020-10-29 10:02:29','2020-10-29 10:02:29'),(1072,9.7,8.7,9.0,NULL,78,31,2,'2020-10-29 10:08:56','2020-10-29 10:08:56'),(1073,10,9.6,10.0,NULL,78,33,2,'2020-10-29 10:08:56','2020-10-29 10:08:56'),(1074,10,9.1,10.0,NULL,78,32,2,'2020-10-29 10:08:56','2020-10-29 10:08:56'),(1075,9.7,5,7.0,NULL,78,34,2,'2020-10-29 10:08:56','2020-10-29 10:08:56'),(1076,9.7,8.9,9.0,NULL,78,35,2,'2020-10-29 10:08:56','2020-10-29 10:08:56'),(1077,10,8.8,9.0,NULL,78,30,2,'2020-10-29 16:08:57','2020-10-29 16:08:57'),(1078,9.7,8.9,9.0,NULL,78,36,2,'2020-10-29 10:08:57','2020-10-29 10:08:57'),(1079,9.7,6,8.0,NULL,78,38,2,'2020-10-29 10:08:57','2020-10-29 10:08:57'),(1080,10,7.4,9.0,NULL,78,37,2,'2020-10-29 10:08:57','2020-10-29 10:08:57'),(1081,9.7,6,8.0,NULL,78,41,2,'2020-10-29 10:08:57','2020-10-29 10:08:57'),(1082,9.7,8.7,9.0,NULL,78,42,2,'2020-10-29 10:08:57','2020-10-29 10:08:57'),(1083,9.7,5,7.0,NULL,78,44,2,'2020-10-29 10:08:57','2020-10-29 10:08:57'),(1084,10,8.5,9.0,NULL,78,43,2,'2020-10-29 10:08:57','2020-10-29 10:08:57'),(1085,10,9.2,10.0,NULL,78,45,2,'2020-10-29 10:08:57','2020-10-29 10:08:57'),(1086,10,8.8,9.0,NULL,78,46,2,'2020-10-29 10:08:57','2020-10-29 10:08:57'),(1087,10,9.2,10.0,NULL,78,47,2,'2020-10-29 16:08:57','2020-10-29 16:08:57'),(1088,9.7,8.8,9.0,NULL,78,48,2,'2020-10-29 10:08:57','2020-10-29 10:08:57'),(1089,10,9,10.0,NULL,78,49,2,'2020-10-29 10:08:57','2020-10-29 10:08:57'),(1090,9.7,8.1,9.0,NULL,78,52,2,'2020-10-29 10:08:57','2020-10-29 10:08:57'),(1091,10,6,8.0,NULL,78,51,2,'2020-10-29 10:08:57','2020-10-29 10:08:57'),(1092,10,9.7,10.0,NULL,78,50,2,'2020-10-29 10:08:57','2020-10-29 10:08:57'),(1093,9.7,9.5,10.0,NULL,78,53,2,'2020-10-29 10:08:57','2020-10-29 10:08:57'),(1094,10,9,10.0,NULL,78,54,2,'2020-10-29 10:08:57','2020-10-29 10:08:57'),(1095,10,10,10.0,NULL,79,56,2,'2020-10-29 22:22:07','2020-10-29 22:22:07'),(1096,10,10,10.0,NULL,79,55,2,'2020-10-29 22:22:07','2020-10-29 22:22:07'),(1097,9.7,8.8,9.0,NULL,79,57,2,'2020-10-29 16:22:07','2020-10-29 16:22:07'),(1098,9.7,8.8,9.0,NULL,79,58,2,'2020-10-29 16:22:07','2020-10-29 16:22:07'),(1099,10,9.4,10.0,NULL,79,59,2,'2020-10-29 22:22:07','2020-10-29 22:22:07'),(1100,10,9.4,10.0,NULL,79,60,2,'2020-10-29 22:22:08','2020-10-29 22:22:08'),(1101,10,8.6,9.0,NULL,79,66,2,'2020-10-29 16:22:08','2020-10-29 16:22:08'),(1102,10,9.7,10.0,NULL,79,63,2,'2020-10-29 16:22:08','2020-10-29 16:22:08'),(1103,10,8.7,9.0,NULL,79,61,2,'2020-10-29 16:22:08','2020-10-29 16:22:08'),(1104,10,9.6,10.0,NULL,79,64,2,'2020-10-29 16:22:08','2020-10-29 16:22:08'),(1105,9.7,6,8.0,NULL,79,62,2,'2020-10-29 16:22:08','2020-10-29 16:22:08'),(1106,10,9.5,10.0,NULL,79,67,2,'2020-10-29 16:22:08','2020-10-29 16:22:08'),(1107,10,8.5,9.0,NULL,79,68,2,'2020-10-29 22:22:08','2020-10-29 22:22:08'),(1108,10,9,10.0,NULL,79,65,2,'2020-10-29 16:22:08','2020-10-29 16:22:08'),(1109,10,9.4,10.0,NULL,79,69,2,'2020-10-29 22:22:08','2020-10-29 22:22:08'),(1110,10,9.3,10.0,NULL,79,70,2,'2020-10-29 16:22:09','2020-10-29 16:22:09'),(1111,9.7,9.2,9.0,NULL,79,71,2,'2020-10-29 16:22:09','2020-10-29 16:22:09'),(1112,9.7,9.5,10.0,NULL,79,72,2,'2020-10-29 16:22:09','2020-10-29 16:22:09'),(1113,9.7,8.3,9.0,NULL,79,73,2,'2020-10-29 16:22:09','2020-10-29 16:22:09'),(1114,10,8.9,9.0,NULL,79,74,2,'2020-10-29 16:22:09','2020-10-29 16:22:09'),(1115,10,9.6,10.0,NULL,79,75,2,'2020-10-29 16:22:09','2020-10-29 16:22:09'),(1116,10,10,10.0,NULL,79,76,2,'2020-10-29 16:22:09','2020-10-29 16:22:09'),(1117,10,8.5,9.0,NULL,79,77,2,'2020-10-29 16:22:09','2020-10-29 16:22:09'),(1118,10,8.7,10.0,NULL,79,78,2,'2020-10-29 22:22:10','2020-10-29 22:22:10'),(1119,10,8.6,9.0,NULL,79,80,2,'2020-10-29 16:22:10','2020-10-29 16:22:10'),(1120,10,10,10.0,NULL,79,79,2,'2020-10-29 16:22:10','2020-10-29 16:22:10'),(1121,10,10,10.0,NULL,79,81,2,'2020-10-29 16:22:10','2020-10-29 16:22:10'),(1122,10,9.4,10.0,NULL,79,82,2,'2020-10-29 16:22:10','2020-10-29 16:22:10'),(1123,9.7,9.8,10.0,NULL,80,83,2,'2020-10-29 10:29:41','2020-10-29 10:29:41'),(1124,10,10,10.0,NULL,80,84,2,'2020-10-29 16:29:41','2020-10-29 16:29:41'),(1125,9.2,5,7.0,NULL,80,85,2,'2020-10-29 10:29:41','2020-10-29 10:29:41'),(1126,10,9.5,10.0,NULL,80,86,2,'2020-10-29 10:29:41','2020-10-29 10:29:41'),(1127,10,7.8,9.0,NULL,80,87,2,'2020-10-29 10:29:41','2020-10-29 10:29:41'),(1128,9.7,8.6,9.0,NULL,80,88,2,'2020-10-29 10:29:41','2020-10-29 10:29:41'),(1129,10,9.8,10.0,NULL,80,90,2,'2020-10-29 10:29:41','2020-10-29 10:29:41'),(1130,9.7,6,8.0,NULL,80,92,2,'2020-10-29 10:29:41','2020-10-29 10:29:41'),(1131,9.7,6,8.0,NULL,80,91,2,'2020-10-29 10:29:41','2020-10-29 10:29:41'),(1132,10,9.5,10.0,NULL,80,94,2,'2020-10-29 10:29:41','2020-10-29 10:29:41'),(1133,10,9.6,10.0,NULL,80,96,2,'2020-10-29 10:29:41','2020-10-29 10:29:41'),(1134,10,9.6,10.0,NULL,80,95,2,'2020-10-29 10:29:41','2020-10-29 10:29:41'),(1135,9.7,7.8,9.0,NULL,80,89,2,'2020-10-29 10:29:41','2020-10-29 10:29:41'),(1136,10,6,8.0,NULL,80,93,2,'2020-10-29 10:29:41','2020-10-29 10:29:41'),(1137,10,10,10.0,NULL,80,97,2,'2020-10-29 10:29:41','2020-10-29 10:29:41'),(1138,9.7,8.7,10.0,NULL,80,98,2,'2020-10-29 16:29:41','2020-10-29 16:29:41'),(1139,10,9.3,10.0,NULL,80,99,2,'2020-10-29 10:29:41','2020-10-29 10:29:41'),(1140,9.7,8.6,9.0,NULL,80,100,2,'2020-10-29 16:29:41','2020-10-29 16:29:41'),(1141,10,10,10.0,NULL,80,101,2,'2020-10-29 16:29:41','2020-10-29 16:29:41'),(1142,10,9.7,10.0,NULL,80,102,2,'2020-10-29 10:29:41','2020-10-29 10:29:41'),(1143,10,9.7,10.0,NULL,80,106,2,'2020-10-29 10:29:41','2020-10-29 10:29:41'),(1144,10,9.6,10.0,NULL,80,104,2,'2020-10-29 10:29:41','2020-10-29 10:29:41'),(1145,10,9.8,10.0,NULL,80,105,2,'2020-10-29 10:29:41','2020-10-29 10:29:41'),(1146,9.7,9.8,10.0,NULL,80,103,2,'2020-10-29 16:29:41','2020-10-29 16:29:41'),(1147,10,9.4,10.0,NULL,80,107,2,'2020-10-29 10:29:41','2020-10-29 10:29:41'),(1151,7.9,5,6.5,4,20,109,2,'2020-10-29 23:37:58','2020-10-29 23:37:58'),(1152,10,9,10.0,NULL,20,108,2,'2020-10-29 11:37:58','2020-10-29 11:37:58'),(1153,9.5,8.3,9.0,2,20,110,2,'2020-10-29 11:37:58','2020-10-29 11:37:58'),(1154,9.5,10,10.0,NULL,20,111,2,'2020-10-29 11:37:58','2020-10-29 11:37:58'),(1155,9.8,8.1,9.0,NULL,20,114,2,'2020-10-29 11:37:58','2020-10-29 11:37:58'),(1156,9,5,7.0,7,20,112,2,'2020-10-29 11:37:58','2020-10-29 11:37:58'),(1157,10,10,10.0,NULL,20,113,2,'2020-10-29 11:37:59','2020-10-29 11:37:59'),(1158,8.7,8,8.0,NULL,20,115,2,'2020-10-29 17:37:59','2020-10-29 17:37:59'),(1159,9,10,10.0,1,20,116,2,'2020-10-29 11:37:59','2020-10-29 11:37:59'),(1160,6.3,5,5.7,NULL,20,117,2,'2020-10-29 17:37:59','2020-10-29 17:37:59'),(1161,9.7,8,9.0,NULL,20,118,2,'2020-10-29 11:37:59','2020-10-29 11:37:59'),(1162,10,10,10.0,NULL,20,120,2,'2020-10-29 11:37:59','2020-10-29 11:37:59'),(1163,6.8,5,5.9,NULL,20,119,2,'2020-10-29 11:37:59','2020-10-29 11:37:59'),(1164,8.7,9.1,9.0,NULL,20,121,2,'2020-10-29 11:37:59','2020-10-29 11:37:59'),(1165,7.5,6.7,7.0,3,20,122,2,'2020-10-29 11:37:59','2020-10-29 11:37:59'),(1166,8.3,5.7,7.0,1,20,125,2,'2020-10-29 11:37:59','2020-10-29 11:37:59'),(1167,6.4,5,5.7,1,20,124,2,'2020-10-29 11:37:59','2020-10-29 11:37:59'),(1168,7.9,7.6,8.0,6,20,123,2,'2020-10-29 11:37:59','2020-10-29 11:37:59'),(1169,9.6,8,9.0,2,21,126,2,'2020-10-29 05:46:21','2020-10-29 05:46:21'),(1170,8.9,8,8.0,1,21,127,2,'2020-10-29 05:46:22','2020-10-29 05:46:22'),(1171,9.8,10,10.0,NULL,21,128,2,'2020-10-29 05:46:22','2020-10-29 05:46:22'),(1172,9.6,10,NULL,NULL,21,131,2,'2020-10-29 05:46:22','2020-10-29 05:46:22'),(1173,6.6,5,NULL,6,21,132,2,'2020-10-29 05:46:22','2020-10-29 05:46:22'),(1174,9,8.5,9.0,NULL,21,130,2,'2020-10-29 05:46:22','2020-10-29 05:46:22'),(1175,7.9,5,6.0,NULL,21,133,2,'2020-10-29 11:46:22','2020-10-29 11:46:22'),(1176,9.6,10,10.0,NULL,21,129,2,'2020-10-29 11:46:22','2020-10-29 11:46:22'),(1177,9.8,10,10.0,NULL,21,135,2,'2020-10-29 05:46:22','2020-10-29 05:46:22'),(1178,9.7,10,10.0,NULL,21,134,2,'2020-10-29 11:46:22','2020-10-29 11:46:22'),(1179,8.1,7.4,8.0,NULL,21,137,2,'2020-10-29 05:46:22','2020-10-29 05:46:22'),(1180,9.7,9.4,10.0,NULL,21,138,2,'2020-10-29 11:46:22','2020-10-29 11:46:22'),(1181,7.9,5,6.0,NULL,21,136,2,'2020-10-29 05:46:22','2020-10-29 05:46:22'),(1182,7.8,5,6.0,1,21,139,2,'2020-10-29 05:46:22','2020-10-29 05:46:22'),(1183,9.2,6.9,8.0,NULL,21,140,2,'2020-10-29 05:46:22','2020-10-29 05:46:22'),(1184,7.7,6,7.0,NULL,21,141,2,'2020-10-29 11:46:22','2020-10-29 11:46:22'),(1185,5,5,5.0,3,21,143,2,'2020-10-29 05:46:22','2020-10-29 05:46:22'),(1186,9.9,10,10.0,NULL,21,142,2,'2020-10-29 05:46:22','2020-10-29 05:46:22'),(1187,8.1,8.4,8.0,NULL,21,144,2,'2020-10-29 05:46:22','2020-10-29 05:46:22'),(1188,8.5,9.3,9.0,NULL,73,109,2,'2020-10-30 00:55:14','2020-10-30 00:55:14'),(1189,10,10,10.0,NULL,73,108,2,'2020-10-30 00:55:14','2020-10-30 00:55:14'),(1190,10,9.8,10.0,NULL,73,110,2,'2020-10-30 00:55:14','2020-10-30 00:55:14'),(1191,10,8.8,9.0,NULL,73,111,2,'2020-10-30 00:55:14','2020-10-30 00:55:14'),(1192,10,10,10.0,NULL,73,114,2,'2020-10-30 00:55:14','2020-10-30 00:55:14'),(1193,10,7.8,9.0,4,73,112,2,'2020-10-30 00:55:14','2020-10-30 00:55:14'),(1194,10,10,10.0,NULL,73,113,2,'2020-10-30 00:55:15','2020-10-30 00:55:15'),(1195,10,9.7,10.0,NULL,73,115,2,'2020-10-30 00:55:15','2020-10-30 00:55:15'),(1196,10,10,10.0,NULL,73,116,2,'2020-10-30 00:55:15','2020-10-30 00:55:15'),(1197,8.6,5,7.0,1,73,117,2,'2020-10-30 00:55:15','2020-10-30 00:55:15'),(1198,10,10,10.0,NULL,73,118,2,'2020-10-30 00:55:15','2020-10-30 00:55:15'),(1199,10,10,10.0,NULL,73,120,2,'2020-10-30 00:55:15','2020-10-30 00:55:15'),(1200,7.3,6.3,7.0,NULL,73,119,2,'2020-10-30 00:55:15','2020-10-30 00:55:15'),(1201,8.5,9.3,9.0,NULL,73,121,2,'2020-10-30 06:55:15','2020-10-30 06:55:15'),(1202,7.5,7.8,8.0,NULL,73,122,2,'2020-10-30 00:55:15','2020-10-30 00:55:15'),(1203,8.1,8.2,8.0,NULL,73,125,2,'2020-10-30 00:55:15','2020-10-30 00:55:15'),(1204,7.8,6,7.0,NULL,73,124,2,'2020-10-30 00:55:15','2020-10-30 00:55:15'),(1205,8.3,8.8,9.0,1,73,123,2,'2020-10-30 00:55:15','2020-10-30 00:55:15'),(1207,10,8,9.0,NULL,74,126,2,'2020-10-29 19:07:09','2020-10-29 19:07:09'),(1208,10,10,10.0,NULL,74,127,2,'2020-10-29 19:07:09','2020-10-29 19:07:09'),(1209,10,10,10.0,NULL,74,128,2,'2020-10-29 19:07:09','2020-10-29 19:07:09'),(1210,10,10,10.0,NULL,74,131,2,'2020-10-30 13:07:09','2020-10-30 13:07:09'),(1211,6.7,6.5,7.0,NULL,74,132,2,'2020-10-29 19:07:09','2020-10-29 19:07:09'),(1212,10,9.3,10.0,NULL,74,130,2,'2020-10-29 19:07:09','2020-10-29 19:07:09'),(1213,5,7.3,6.0,2,74,133,2,'2020-10-30 01:07:09','2020-10-30 01:07:09'),(1214,9.6,8.8,9.0,NULL,74,129,2,'2020-10-29 19:07:09','2020-10-29 19:07:09'),(1215,10,10,10.0,NULL,74,135,2,'2020-10-29 19:07:09','2020-10-29 19:07:09'),(1216,10,9.3,10.0,NULL,74,134,2,'2020-10-29 19:07:09','2020-10-29 19:07:09'),(1217,5.5,7.7,7.0,2,74,137,2,'2020-10-29 19:07:09','2020-10-29 19:07:09'),(1218,10,9.5,10.0,NULL,74,138,2,'2020-10-29 19:07:09','2020-10-29 19:07:09'),(1219,9.7,5,7.0,NULL,74,136,2,'2020-10-29 19:07:09','2020-10-29 19:07:09'),(1220,7,5,6.0,2,74,139,2,'2020-10-29 19:07:09','2020-10-29 19:07:09'),(1221,10,9,10.0,NULL,74,140,2,'2020-10-29 19:07:09','2020-10-29 19:07:09'),(1222,10,10,10.0,NULL,74,141,2,'2020-10-29 19:07:09','2020-10-29 19:07:09'),(1223,5,5,5.0,NULL,74,143,2,'2020-10-29 19:07:09','2020-10-29 19:07:09'),(1224,10,9.5,10.0,NULL,74,142,2,'2020-10-29 19:07:09','2020-10-29 19:07:09'),(1225,10,10,10.0,NULL,74,144,2,'2020-10-30 01:07:09','2020-10-30 01:07:09'),(1227,10,9,10.0,0,70,31,2,'2020-10-29 13:17:05','2020-10-29 13:17:05'),(1228,10,10,10.0,0,70,33,2,'2020-10-29 13:17:05','2020-10-29 13:17:05'),(1229,10,8,9.0,0,70,32,2,'2020-10-30 01:17:05','2020-10-30 01:17:05'),(1230,10,5,8.0,0,70,34,2,'2020-10-29 13:17:05','2020-10-29 13:17:05'),(1231,10,10,10.0,0,70,35,2,'2020-10-29 13:17:06','2020-10-29 13:17:06'),(1232,10,10,10.0,0,70,30,2,'2020-10-29 13:17:06','2020-10-29 13:17:06'),(1233,10,5,8.0,0,70,36,2,'2020-10-29 19:17:06','2020-10-29 19:17:06'),(1234,10,6,8.0,0,70,38,2,'2020-10-29 13:17:06','2020-10-29 13:17:06'),(1235,10,10,10.0,0,70,37,2,'2020-10-29 13:17:06','2020-10-29 13:17:06'),(1236,10,10,10.0,0,70,41,2,'2020-10-29 13:17:06','2020-10-29 13:17:06'),(1237,10,10,10.0,0,70,42,2,'2020-10-29 13:17:06','2020-10-29 13:17:06'),(1238,10,10,10.0,0,70,44,2,'2020-10-29 13:17:07','2020-10-29 13:17:07'),(1239,10,10,10.0,0,70,43,2,'2020-10-29 13:17:07','2020-10-29 13:17:07'),(1240,10,10,10.0,0,70,45,2,'2020-10-29 13:17:07','2020-10-29 13:17:07'),(1241,10,10,10.0,0,70,46,2,'2020-10-29 13:17:07','2020-10-29 13:17:07'),(1242,10,10,10.0,0,70,47,2,'2020-10-29 13:17:07','2020-10-29 13:17:07'),(1243,10,10,10.0,0,70,48,2,'2020-10-29 13:17:07','2020-10-29 13:17:07'),(1244,10,10,10.0,0,70,49,2,'2020-10-29 13:17:08','2020-10-29 13:17:08'),(1245,10,10,10.0,0,70,52,2,'2020-10-29 13:17:08','2020-10-29 13:17:08'),(1246,10,7,9.0,0,70,51,2,'2020-10-29 13:17:08','2020-10-29 13:17:08'),(1247,10,10,10.0,0,70,50,2,'2020-10-29 13:17:08','2020-10-29 13:17:08'),(1248,10,10,10.0,0,70,53,2,'2020-10-29 13:17:08','2020-10-29 13:17:08'),(1249,10,10,10.0,0,70,54,2,'2020-10-29 13:17:09','2020-10-29 13:17:09'),(1256,10,10,10.0,0,71,56,2,'2020-10-29 13:22:20','2020-10-29 13:22:20'),(1257,10,10,10.0,0,71,55,2,'2020-10-29 13:22:20','2020-10-29 13:22:20'),(1258,10,8,9.0,0,71,57,2,'2020-10-30 01:22:20','2020-10-30 01:22:20'),(1259,10,10,10.0,0,71,58,2,'2020-10-29 07:22:20','2020-10-29 07:22:20'),(1260,10,10,10.0,0,71,59,2,'2020-10-29 07:22:20','2020-10-29 07:22:20'),(1261,10,10,10.0,0,71,60,2,'2020-10-29 07:22:21','2020-10-29 07:22:21'),(1262,10,9,10.0,0,71,66,2,'2020-10-29 13:22:21','2020-10-29 13:22:21'),(1263,10,10,10.0,0,71,63,2,'2020-10-29 07:22:22','2020-10-29 07:22:22'),(1264,10,10,10.0,0,71,61,2,'2020-10-29 07:22:22','2020-10-29 07:22:22'),(1265,10,10,10.0,0,71,64,2,'2020-10-29 07:22:22','2020-10-29 07:22:22'),(1266,10,7,9.0,0,71,62,2,'2020-10-29 19:22:22','2020-10-29 19:22:22'),(1267,10,8,9.0,0,71,67,2,'2020-10-29 19:22:23','2020-10-29 19:22:23'),(1268,10,10,10.0,0,71,68,2,'2020-10-29 13:22:23','2020-10-29 13:22:23'),(1269,10,10,10.0,0,71,65,2,'2020-10-29 13:22:23','2020-10-29 13:22:23'),(1270,10,10,10.0,0,71,69,2,'2020-10-29 13:22:23','2020-10-29 13:22:23'),(1271,10,10,10.0,0,71,70,2,'2020-10-29 13:22:23','2020-10-29 13:22:23'),(1272,10,10,10.0,0,71,71,2,'2020-10-29 13:22:23','2020-10-29 13:22:23'),(1273,8,10,9.0,0,71,72,2,'2020-10-29 07:22:23','2020-10-29 07:22:23'),(1274,6,7,7.0,0,71,73,2,'2020-10-29 13:22:23','2020-10-29 13:22:23'),(1275,10,10,10.0,0,71,74,2,'2020-10-29 07:22:24','2020-10-29 07:22:24'),(1276,10,10,10.0,0,71,75,2,'2020-10-29 07:22:24','2020-10-29 07:22:24'),(1277,10,10,10.0,0,71,76,2,'2020-10-29 07:22:24','2020-10-29 07:22:24'),(1278,10,10,10.0,0,71,77,2,'2020-10-29 13:22:24','2020-10-29 13:22:24'),(1279,10,10,10.0,0,71,78,2,'2020-10-29 07:22:24','2020-10-29 07:22:24'),(1280,10,10,10.0,0,71,80,2,'2020-10-29 07:22:24','2020-10-29 07:22:24'),(1281,10,10,10.0,0,71,79,2,'2020-10-29 07:22:24','2020-10-29 07:22:24'),(1282,10,10,10.0,0,71,81,2,'2020-10-29 07:22:24','2020-10-29 07:22:24'),(1283,10,10,10.0,0,71,82,2,'2020-10-29 07:22:24','2020-10-29 07:22:24'),(1284,10,10,10.0,0,72,83,2,'2020-10-29 13:34:42','2020-10-29 13:34:42'),(1285,10,10,10.0,0,72,84,2,'2020-10-29 13:34:43','2020-10-29 13:34:43'),(1286,6,5,5.5,0,72,85,2,'2020-10-30 01:34:43','2020-10-30 01:34:43'),(1287,10,10,10.0,0,72,86,2,'2020-10-29 07:34:43','2020-10-29 07:34:43'),(1288,10,10,10.0,0,72,87,2,'2020-10-29 07:34:43','2020-10-29 07:34:43'),(1289,5,5,5.0,0,72,88,2,'2020-10-29 13:34:43','2020-10-29 13:34:43'),(1290,10,10,10.0,0,72,90,2,'2020-10-29 07:34:43','2020-10-29 07:34:43'),(1291,6,7,7.0,0,72,92,2,'2020-10-29 13:34:43','2020-10-29 13:34:43'),(1292,6,5,5.5,0,72,91,2,'2020-10-29 19:34:43','2020-10-29 19:34:43'),(1293,10,10,10.0,0,72,94,2,'2020-10-29 13:34:43','2020-10-29 13:34:43'),(1294,10,10,10.0,0,72,96,2,'2020-10-29 07:34:43','2020-10-29 07:34:43'),(1295,10,10,10.0,0,72,95,2,'2020-10-29 07:34:43','2020-10-29 07:34:43'),(1296,9,10,10.0,0,72,89,2,'2020-10-29 13:34:44','2020-10-29 13:34:44'),(1297,10,6,8.0,0,72,93,2,'2020-10-29 13:34:44','2020-10-29 13:34:44'),(1298,10,10,10.0,0,72,97,2,'2020-10-29 07:34:44','2020-10-29 07:34:44'),(1299,10,10,10.0,0,72,98,2,'2020-10-29 07:34:44','2020-10-29 07:34:44'),(1300,10,10,10.0,0,72,99,2,'2020-10-29 07:34:44','2020-10-29 07:34:44'),(1301,6,9,8.0,0,72,100,2,'2020-10-29 13:34:44','2020-10-29 13:34:44'),(1302,10,10,10.0,0,72,101,2,'2020-10-29 07:34:44','2020-10-29 07:34:44'),(1303,10,10,10.0,0,72,102,2,'2020-10-29 13:34:45','2020-10-29 13:34:45'),(1304,10,10,10.0,0,72,106,2,'2020-10-29 07:34:45','2020-10-29 07:34:45'),(1305,10,10,10.0,0,72,104,2,'2020-10-29 13:34:45','2020-10-29 13:34:45'),(1306,10,10,10.0,0,72,105,2,'2020-10-29 07:34:45','2020-10-29 07:34:45'),(1307,10,10,10.0,0,72,103,2,'2020-10-29 07:34:45','2020-10-29 07:34:45'),(1308,10,10,10.0,0,72,107,2,'2020-10-29 13:34:45','2020-10-29 13:34:45'),(1309,5,6.2,6.0,NULL,45,109,2,'2020-10-29 14:22:51','2020-10-29 14:22:51'),(1310,8.2,8,8.0,NULL,45,108,2,'2020-10-30 02:22:51','2020-10-30 02:22:51'),(1311,7.8,7,7.0,NULL,45,110,2,'2020-10-29 14:22:51','2020-10-29 14:22:51'),(1312,7.6,5,6.0,NULL,45,111,2,'2020-10-29 14:22:51','2020-10-29 14:22:51'),(1313,8.2,7.6,8.0,NULL,45,114,2,'2020-10-29 14:22:52','2020-10-29 14:22:52'),(1314,7.9,7.1,8.0,NULL,45,112,2,'2020-10-29 14:22:52','2020-10-29 14:22:52'),(1315,8.4,8.7,9.0,NULL,45,113,2,'2020-10-29 14:22:52','2020-10-29 14:22:52'),(1316,6,5.6,6.0,NULL,45,115,2,'2020-10-29 14:22:52','2020-10-29 14:22:52'),(1317,8,7,8.0,NULL,45,116,2,'2020-10-29 14:22:52','2020-10-29 14:22:52'),(1318,5,5,5.0,NULL,45,117,2,'2020-10-29 08:22:52','2020-10-29 08:22:52'),(1319,8,7,8.0,NULL,45,118,2,'2020-10-29 08:22:52','2020-10-29 08:22:52'),(1320,7.3,8.3,8.0,NULL,45,120,2,'2020-10-29 08:22:52','2020-10-29 08:22:52'),(1321,5,5,5.0,NULL,45,119,2,'2020-10-29 08:22:52','2020-10-29 08:22:52'),(1322,5.9,6.1,6.0,NULL,45,121,2,'2020-10-29 08:22:52','2020-10-29 08:22:52'),(1323,5,7,6.0,NULL,45,122,2,'2020-10-29 08:22:52','2020-10-29 08:22:52'),(1324,5,5,5.0,NULL,45,125,2,'2020-10-29 08:22:52','2020-10-29 08:22:52'),(1325,5,5,5.0,NULL,45,124,2,'2020-10-29 08:22:52','2020-10-29 08:22:52'),(1326,6,6.2,6.0,NULL,45,123,2,'2020-10-29 08:22:52','2020-10-29 08:22:52'),(1327,6.2,6,6.0,NULL,46,126,2,'2020-10-29 08:31:47','2020-10-29 08:31:47'),(1328,6.6,9,8.0,NULL,46,127,2,'2020-10-29 08:31:47','2020-10-29 08:31:47'),(1329,9,9,9.0,NULL,46,128,2,'2020-10-29 14:31:47','2020-10-29 14:31:47'),(1330,7.6,7.7,8.0,NULL,46,131,2,'2020-10-29 08:31:47','2020-10-29 08:31:47'),(1331,5,5,5.0,NULL,46,132,2,'2020-10-29 08:31:47','2020-10-29 08:31:47'),(1332,6.9,7.6,7.0,NULL,46,130,2,'2020-10-29 08:31:47','2020-10-29 08:31:47'),(1333,5,5,5.0,NULL,46,133,2,'2020-10-29 08:31:47','2020-10-29 08:31:47'),(1334,7.5,7.5,8.0,NULL,46,129,2,'2020-10-29 08:31:47','2020-10-29 08:31:47'),(1335,9,9,9.0,NULL,46,135,2,'2020-10-29 14:31:47','2020-10-29 14:31:47'),(1336,6.4,7.2,7.0,NULL,46,134,2,'2020-10-29 08:31:47','2020-10-29 08:31:47'),(1337,5,5,5.0,NULL,46,137,2,'2020-10-29 08:31:47','2020-10-29 08:31:47'),(1338,7.4,7,7.0,NULL,46,138,2,'2020-10-29 08:31:47','2020-10-29 08:31:47'),(1339,5,5,5.0,NULL,46,136,2,'2020-10-29 08:31:47','2020-10-29 08:31:47'),(1340,5,5,5.0,NULL,46,139,2,'2020-10-29 08:31:47','2020-10-29 08:31:47'),(1341,6.2,5,6.0,NULL,46,140,2,'2020-10-29 08:31:47','2020-10-29 08:31:47'),(1342,6,5.1,6.0,NULL,46,141,2,'2020-10-29 08:31:47','2020-10-29 08:31:47'),(1343,5,5,5.0,NULL,46,143,2,'2020-10-29 08:31:47','2020-10-29 08:31:47'),(1344,6.9,8.2,8.0,NULL,46,142,2,'2020-10-29 08:31:47','2020-10-29 08:31:47'),(1345,7.4,7.4,7.0,NULL,46,144,2,'2020-10-29 08:31:47','2020-10-29 08:31:47'),(1346,8.2,8,8.0,NULL,37,5,2,'2020-10-29 14:32:57','2020-10-29 14:32:57'),(1347,7.7,9.5,9.0,NULL,37,6,2,'2020-10-29 14:32:57','2020-10-29 14:32:57'),(1348,9.1,9.8,9.0,NULL,37,7,2,'2020-10-29 14:32:57','2020-10-29 14:32:57'),(1349,9.3,8.8,9.0,NULL,37,8,2,'2020-10-29 14:32:57','2020-10-29 14:32:57'),(1350,9,9.2,9.0,NULL,37,9,2,'2020-10-29 20:32:57','2020-10-29 20:32:57'),(1351,8.7,8.2,8.0,NULL,37,10,2,'2020-10-29 20:32:57','2020-10-29 20:32:57'),(1352,9.2,9.3,9.0,NULL,37,11,2,'2020-10-29 14:32:57','2020-10-29 14:32:57'),(1353,9.5,9.3,9.0,NULL,37,15,2,'2020-10-29 14:32:57','2020-10-29 14:32:57'),(1354,9,10,10.0,NULL,37,13,2,'2020-10-29 14:32:57','2020-10-29 14:32:57'),(1355,9.5,9.6,10.0,NULL,37,14,2,'2020-10-29 14:32:58','2020-10-29 14:32:58'),(1356,9.4,9.5,9.0,NULL,37,12,2,'2020-10-29 14:32:58','2020-10-29 14:32:58'),(1357,9.3,9.4,9.0,NULL,37,17,2,'2020-10-29 14:32:58','2020-10-29 14:32:58'),(1358,8.5,9,9.0,NULL,37,16,2,'2020-10-29 14:32:58','2020-10-29 14:32:58'),(1359,9.5,10,10.0,NULL,37,21,2,'2020-10-29 14:32:58','2020-10-29 14:32:58'),(1360,9.6,9.2,9.0,NULL,37,20,2,'2020-10-29 14:32:58','2020-10-29 14:32:58'),(1361,9.1,9.6,9.0,NULL,37,18,2,'2020-10-29 14:32:58','2020-10-29 14:32:58'),(1362,9.8,9.6,10.0,NULL,37,23,2,'2020-10-29 14:32:58','2020-10-29 14:32:58'),(1363,7.3,7,7.0,NULL,37,22,2,'2020-10-29 14:32:59','2020-10-29 14:32:59'),(1364,7.6,7.7,8.0,NULL,37,19,2,'2020-10-29 14:32:59','2020-10-29 14:32:59'),(1365,8.4,8.9,9.0,NULL,37,24,2,'2020-10-29 14:32:59','2020-10-29 14:32:59'),(1366,9.2,8.2,9.0,NULL,37,25,2,'2020-10-29 14:32:59','2020-10-29 14:32:59'),(1367,9.6,8.7,9.0,NULL,37,26,2,'2020-10-29 14:32:59','2020-10-29 14:32:59'),(1368,9.1,9.1,9.0,NULL,37,28,2,'2020-10-29 14:32:59','2020-10-29 14:32:59'),(1369,9.1,8,9.0,NULL,37,29,2,'2020-10-29 14:32:59','2020-10-29 14:32:59'),(1370,9.3,9.1,9.0,NULL,37,27,2,'2020-10-29 14:32:59','2020-10-29 14:32:59'),(1371,9.1,9.5,9.0,NULL,38,31,2,'2020-10-30 02:50:08','2020-10-30 02:50:08'),(1372,9.6,10,10.0,NULL,38,33,2,'2020-10-29 20:50:08','2020-10-29 20:50:08'),(1373,8.5,9.2,9.0,NULL,38,32,2,'2020-10-29 20:50:08','2020-10-29 20:50:08'),(1374,8.7,8.2,8.0,NULL,38,34,2,'2020-10-29 14:50:08','2020-10-29 14:50:08'),(1375,8.6,9.1,9.0,NULL,38,35,2,'2020-10-29 20:50:08','2020-10-29 20:50:08'),(1376,8.1,9.2,9.0,NULL,38,30,2,'2020-10-30 02:50:08','2020-10-30 02:50:08'),(1377,8.3,7,8.0,NULL,38,36,2,'2020-10-29 14:50:08','2020-10-29 14:50:08'),(1378,9.1,8,9.0,NULL,38,38,2,'2020-10-29 14:50:08','2020-10-29 14:50:08'),(1379,7.1,8.8,8.0,NULL,38,37,2,'2020-10-29 14:50:08','2020-10-29 14:50:08'),(1380,9.4,9.3,9.0,NULL,38,41,2,'2020-10-29 20:50:09','2020-10-29 20:50:09'),(1381,9.2,8.4,9.0,NULL,38,42,2,'2020-10-29 20:50:09','2020-10-29 20:50:09'),(1382,7,5,6.0,NULL,38,44,2,'2020-10-29 20:50:09','2020-10-29 20:50:09'),(1383,9,8.7,9.0,NULL,38,43,2,'2020-10-29 20:50:09','2020-10-29 20:50:09'),(1384,9.8,10,10.0,NULL,38,45,2,'2020-10-29 20:50:09','2020-10-29 20:50:09'),(1385,7,9.8,8.0,NULL,38,46,2,'2020-10-29 20:50:09','2020-10-29 20:50:09'),(1386,8.6,9.6,9.0,NULL,38,47,2,'2020-10-29 20:50:09','2020-10-29 20:50:09'),(1387,8.5,9.5,9.0,NULL,38,48,2,'2020-10-29 20:50:09','2020-10-29 20:50:09'),(1388,8.5,8.9,9.0,NULL,38,49,2,'2020-10-29 20:50:09','2020-10-29 20:50:09'),(1389,9.1,8.7,9.0,NULL,38,52,2,'2020-10-29 20:50:09','2020-10-29 20:50:09'),(1390,9.6,9.1,9.0,NULL,38,51,2,'2020-10-29 20:50:09','2020-10-29 20:50:09'),(1391,8.7,9,9.0,NULL,38,50,2,'2020-10-29 20:50:09','2020-10-29 20:50:09'),(1392,9.4,9.8,10.0,NULL,38,53,2,'2020-10-29 20:50:09','2020-10-29 20:50:09'),(1393,9.4,9.8,10.0,NULL,38,54,2,'2020-10-29 20:50:10','2020-10-29 20:50:10'),(1394,8.8,9.3,9.0,NULL,39,5,2,'2020-10-29 15:00:54','2020-10-29 15:00:54'),(1395,8.8,9.4,9.0,NULL,39,6,2,'2020-10-29 09:00:54','2020-10-29 09:00:54'),(1396,9.4,9.8,10.0,NULL,39,7,2,'2020-10-29 09:00:55','2020-10-29 09:00:55'),(1397,8.8,9.1,9.0,NULL,39,8,2,'2020-10-29 09:00:55','2020-10-29 09:00:55'),(1398,9,8.9,9.0,NULL,39,9,2,'2020-10-29 09:00:55','2020-10-29 09:00:55'),(1399,8.3,9.5,9.0,NULL,39,10,2,'2020-10-29 09:00:55','2020-10-29 09:00:55'),(1400,8.7,9,9.0,NULL,39,11,2,'2020-10-29 09:00:56','2020-10-29 09:00:56'),(1401,9.1,9.8,9.0,NULL,39,15,2,'2020-10-29 09:00:56','2020-10-29 09:00:56'),(1402,9.8,9.8,10.0,NULL,39,13,2,'2020-10-29 09:00:56','2020-10-29 09:00:56'),(1403,9.8,10,10.0,NULL,39,14,2,'2020-10-29 09:00:56','2020-10-29 09:00:56'),(1404,8.7,9.6,9.0,NULL,39,12,2,'2020-10-29 15:00:56','2020-10-29 15:00:56'),(1405,9.3,9,9.0,NULL,39,17,2,'2020-10-29 09:00:56','2020-10-29 09:00:56'),(1406,8.9,10,9.0,NULL,39,16,2,'2020-10-29 09:00:56','2020-10-29 09:00:56'),(1407,9.3,10,10.0,NULL,39,21,2,'2020-10-29 09:00:57','2020-10-29 09:00:57'),(1408,9.3,9.8,10.0,NULL,39,20,2,'2020-10-29 09:00:57','2020-10-29 09:00:57'),(1409,9,9.5,9.0,NULL,39,18,2,'2020-10-29 09:00:57','2020-10-29 09:00:57'),(1410,9.5,10,10.0,NULL,39,23,2,'2020-10-29 15:00:57','2020-10-29 15:00:57'),(1411,8.9,8,8.0,NULL,39,22,2,'2020-10-29 09:00:57','2020-10-29 09:00:57'),(1412,7.5,7.2,7.0,NULL,39,19,2,'2020-10-29 09:00:57','2020-10-29 09:00:57'),(1413,8.9,9.4,9.0,NULL,39,24,2,'2020-10-29 15:00:57','2020-10-29 15:00:57'),(1414,8.4,8.8,9.0,NULL,39,25,2,'2020-10-29 15:00:57','2020-10-29 15:00:57'),(1415,9.6,9.2,9.0,NULL,39,26,2,'2020-10-29 09:00:57','2020-10-29 09:00:57'),(1416,9.4,9.8,10.0,NULL,39,28,2,'2020-10-29 15:00:57','2020-10-29 15:00:57'),(1417,9.2,9.5,9.0,NULL,39,29,2,'2020-10-29 09:00:57','2020-10-29 09:00:57'),(1418,9.4,9.8,10.0,NULL,39,27,2,'2020-10-29 15:00:57','2020-10-29 15:00:57'),(1419,8.6,9,9.0,NULL,40,31,2,'2020-10-29 09:11:04','2020-10-29 09:11:04'),(1420,10,10,10.0,NULL,40,33,2,'2020-10-29 09:11:04','2020-10-29 09:11:04'),(1421,9.4,9.6,10.0,NULL,40,32,2,'2020-10-29 09:11:04','2020-10-29 09:11:04'),(1422,8.9,7.7,8.0,NULL,40,34,2,'2020-10-29 09:11:04','2020-10-29 09:11:04'),(1423,8.9,9.6,9.0,NULL,40,35,2,'2020-10-29 09:11:04','2020-10-29 09:11:04'),(1424,9.8,9.3,10.0,NULL,40,30,2,'2020-10-29 09:11:04','2020-10-29 09:11:04'),(1425,9,7,8.0,NULL,40,36,2,'2020-10-29 09:11:04','2020-10-29 09:11:04'),(1426,9.4,9.3,9.0,NULL,40,38,2,'2020-10-29 09:11:04','2020-10-29 09:11:04'),(1427,8.8,8,8.0,NULL,40,37,2,'2020-10-29 09:11:04','2020-10-29 09:11:04'),(1428,9.6,9.6,10.0,NULL,40,41,2,'2020-10-29 09:11:04','2020-10-29 09:11:04'),(1429,9.1,9.2,9.0,NULL,40,42,2,'2020-10-29 09:11:04','2020-10-29 09:11:04'),(1430,8,5,7.0,NULL,40,44,2,'2020-10-29 09:11:04','2020-10-29 09:11:04'),(1431,9.3,9.1,9.0,NULL,40,43,2,'2020-10-29 09:11:04','2020-10-29 09:11:04'),(1432,9.2,10,10.0,NULL,40,45,2,'2020-10-29 09:11:04','2020-10-29 09:11:04'),(1433,7.1,10,9.0,NULL,40,46,2,'2020-10-29 09:11:04','2020-10-29 09:11:04'),(1434,9.5,10,10.0,NULL,40,47,2,'2020-10-29 09:11:04','2020-10-29 09:11:04'),(1435,9.4,9.8,10.0,NULL,40,48,2,'2020-10-29 09:11:04','2020-10-29 09:11:04'),(1436,9.7,9.3,10.0,NULL,40,49,2,'2020-10-29 09:11:04','2020-10-29 09:11:04'),(1437,9.6,8.2,9.0,NULL,40,52,2,'2020-10-29 09:11:04','2020-10-29 09:11:04'),(1438,9.5,8.6,9.0,NULL,40,51,2,'2020-10-29 09:11:04','2020-10-29 09:11:04'),(1439,9,9.4,9.0,NULL,40,50,2,'2020-10-29 09:11:04','2020-10-29 09:11:04'),(1440,10,10,10.0,NULL,40,53,2,'2020-10-29 09:11:04','2020-10-29 09:11:04'),(1441,9.3,10,10.0,NULL,40,54,2,'2020-10-29 09:11:04','2020-10-29 09:11:04'),(1442,9.5,9.5,10.0,NULL,32,31,2,'2020-10-29 15:19:25','2020-10-29 15:19:25'),(1443,9.5,9.7,10.0,NULL,32,33,2,'2020-10-29 15:19:25','2020-10-29 15:19:25'),(1444,10,9.1,10.0,NULL,32,32,2,'2020-10-29 15:19:25','2020-10-29 15:19:25'),(1445,7.9,5,6.5,NULL,32,34,2,'2020-10-29 15:19:25','2020-10-29 15:19:25'),(1446,9.4,9.2,9.0,NULL,32,35,2,'2020-10-29 15:19:25','2020-10-29 15:19:25'),(1447,6.5,8.6,8.0,NULL,32,30,2,'2020-10-29 15:19:25','2020-10-29 15:19:25'),(1448,10,9.5,10.0,NULL,32,36,2,'2020-10-29 15:19:25','2020-10-29 15:19:25'),(1449,9.4,7.8,9.0,NULL,32,38,2,'2020-10-29 15:19:25','2020-10-29 15:19:25'),(1450,7.7,7,7.0,NULL,32,37,2,'2020-10-29 15:19:25','2020-10-29 15:19:25'),(1451,8.8,9.1,9.0,NULL,32,41,2,'2020-10-29 15:19:25','2020-10-29 15:19:25'),(1452,9.1,9.7,9.0,NULL,32,42,2,'2020-10-29 15:19:25','2020-10-29 15:19:25'),(1453,7,5,6.0,NULL,32,44,2,'2020-10-29 15:19:25','2020-10-29 15:19:25'),(1454,8.4,6.7,8.0,NULL,32,43,2,'2020-10-29 15:19:25','2020-10-29 15:19:25'),(1455,9.7,10,10.0,NULL,32,45,2,'2020-10-29 15:19:25','2020-10-29 15:19:25'),(1456,8.2,9.3,9.0,NULL,32,46,2,'2020-10-29 15:19:25','2020-10-29 15:19:25'),(1457,9.6,10,10.0,NULL,32,47,2,'2020-10-29 15:19:26','2020-10-29 15:19:26'),(1458,8.6,8.7,9.0,NULL,32,48,2,'2020-10-29 15:19:26','2020-10-29 15:19:26'),(1459,9.5,9.3,9.0,NULL,32,49,2,'2020-10-29 15:19:26','2020-10-29 15:19:26'),(1460,8,7.2,8.0,NULL,32,52,2,'2020-10-29 21:19:26','2020-10-29 21:19:26'),(1461,7.5,5,6.3,NULL,32,51,2,'2020-10-29 21:19:26','2020-10-29 21:19:26'),(1462,8.5,9.8,9.0,NULL,32,50,2,'2020-10-29 15:19:26','2020-10-29 15:19:26'),(1463,10,10,10.0,NULL,32,53,2,'2020-10-29 15:19:26','2020-10-29 15:19:26'),(1464,9.8,10,10.0,NULL,32,54,2,'2020-10-29 15:19:26','2020-10-29 15:19:26'),(1465,9.1,10,10.0,NULL,41,56,2,'2020-10-29 09:20:47','2020-10-29 09:20:47'),(1466,9.7,10,10.0,NULL,41,55,2,'2020-10-29 09:20:47','2020-10-29 09:20:47'),(1467,8.2,8.3,8.0,NULL,41,57,2,'2020-10-29 09:20:47','2020-10-29 09:20:47'),(1468,7.4,8,8.0,NULL,41,58,2,'2020-10-29 09:20:48','2020-10-29 09:20:48'),(1469,8.5,8.6,9.0,NULL,41,59,2,'2020-10-29 09:20:48','2020-10-29 09:20:48'),(1470,8,8.7,8.0,NULL,41,60,2,'2020-10-29 09:20:48','2020-10-29 09:20:48'),(1471,9.2,9,9.0,NULL,41,66,2,'2020-10-29 09:20:48','2020-10-29 09:20:48'),(1472,9.1,9.4,9.0,NULL,41,63,2,'2020-10-29 09:20:48','2020-10-29 09:20:48'),(1473,8,8.5,8.0,NULL,41,61,2,'2020-10-29 09:20:48','2020-10-29 09:20:48'),(1474,9.6,9.6,10.0,NULL,41,64,2,'2020-10-29 09:20:48','2020-10-29 09:20:48'),(1475,9.1,6.9,8.0,NULL,41,62,2,'2020-10-29 09:20:49','2020-10-29 09:20:49'),(1476,8.9,8.4,9.0,NULL,41,67,2,'2020-10-29 09:20:49','2020-10-29 09:20:49'),(1477,8.1,8.3,8.0,NULL,41,68,2,'2020-10-29 09:20:49','2020-10-29 09:20:49'),(1478,9.4,9.6,10.0,NULL,41,65,2,'2020-10-29 09:20:49','2020-10-29 09:20:49'),(1479,9.9,9.4,10.0,NULL,41,69,2,'2020-10-29 09:20:49','2020-10-29 09:20:49'),(1480,8.2,9.1,9.0,NULL,41,70,2,'2020-10-29 09:20:49','2020-10-29 09:20:49'),(1481,8,7.4,8.0,NULL,41,71,2,'2020-10-29 09:20:50','2020-10-29 09:20:50'),(1482,7.9,8.9,8.0,NULL,41,72,2,'2020-10-29 09:20:50','2020-10-29 09:20:50'),(1483,7.5,8.1,8.0,NULL,41,73,2,'2020-10-29 09:20:50','2020-10-29 09:20:50'),(1484,8.2,8.2,8.0,NULL,41,74,2,'2020-10-29 09:20:50','2020-10-29 09:20:50'),(1485,8.7,9.3,9.0,NULL,41,75,2,'2020-10-29 09:20:50','2020-10-29 09:20:50'),(1486,10,9.6,10.0,NULL,41,76,2,'2020-10-29 09:20:50','2020-10-29 09:20:50'),(1487,8,8.5,8.0,NULL,41,77,2,'2020-10-29 09:20:50','2020-10-29 09:20:50'),(1488,8.4,9.6,9.0,NULL,41,78,2,'2020-10-29 09:20:50','2020-10-29 09:20:50'),(1489,8.3,8.5,8.0,NULL,41,80,2,'2020-10-29 09:20:50','2020-10-29 09:20:50'),(1490,9.8,10,10.0,NULL,41,79,2,'2020-10-29 09:20:50','2020-10-29 09:20:50'),(1491,9.3,10,10.0,NULL,41,81,2,'2020-10-29 09:20:50','2020-10-29 09:20:50'),(1492,8,7.1,8.0,NULL,41,82,2,'2020-10-29 09:20:50','2020-10-29 09:20:50'),(1493,9.1,8.7,9.0,NULL,42,83,2,'2020-10-29 09:34:30','2020-10-29 09:34:30'),(1494,7.6,8.3,8.0,NULL,42,84,2,'2020-10-29 09:34:30','2020-10-29 09:34:30'),(1495,7.4,7.2,7.0,NULL,42,85,2,'2020-10-29 09:34:30','2020-10-29 09:34:30'),(1496,8.2,8.8,9.0,NULL,42,86,2,'2020-10-29 09:34:30','2020-10-29 09:34:30'),(1497,7.9,7.7,8.0,NULL,42,87,2,'2020-10-29 09:34:30','2020-10-29 09:34:30'),(1498,7.6,7.6,8.0,NULL,42,88,2,'2020-10-29 09:34:30','2020-10-29 09:34:30'),(1499,9.1,8.5,9.0,NULL,42,90,2,'2020-10-29 09:34:30','2020-10-29 09:34:30'),(1500,7,5,6.0,NULL,42,92,2,'2020-10-29 09:34:30','2020-10-29 09:34:30'),(1501,7,7.1,7.0,NULL,42,91,2,'2020-10-29 15:34:30','2020-10-29 15:34:30'),(1502,9.3,9.4,9.0,NULL,42,94,2,'2020-10-29 09:34:30','2020-10-29 09:34:30'),(1503,8.5,8.9,9.0,NULL,42,96,2,'2020-10-29 09:34:30','2020-10-29 09:34:30'),(1504,9.4,10,10.0,NULL,42,95,2,'2020-10-29 09:34:30','2020-10-29 09:34:30'),(1505,7.3,7.3,7.0,NULL,42,89,2,'2020-10-29 09:34:30','2020-10-29 09:34:30'),(1506,8.8,8.9,9.0,NULL,42,93,2,'2020-10-29 09:34:30','2020-10-29 09:34:30'),(1507,9.8,8.8,9.0,NULL,42,97,2,'2020-10-29 09:34:30','2020-10-29 09:34:30'),(1508,7,8.1,8.0,NULL,42,98,2,'2020-10-29 09:34:30','2020-10-29 09:34:30'),(1509,8.8,8.6,9.0,NULL,42,99,2,'2020-10-29 09:34:30','2020-10-29 09:34:30'),(1510,7.7,9.8,9.0,NULL,42,100,2,'2020-10-29 09:34:30','2020-10-29 09:34:30'),(1511,9.7,9.8,10.0,NULL,42,101,2,'2020-10-29 09:34:30','2020-10-29 09:34:30'),(1512,8.2,8.6,8.0,NULL,42,102,2,'2020-10-29 15:34:30','2020-10-29 15:34:30'),(1513,9.9,9.5,10.0,NULL,42,106,2,'2020-10-29 09:34:30','2020-10-29 09:34:30'),(1514,9.5,8,9.0,NULL,42,104,2,'2020-10-29 09:34:30','2020-10-29 09:34:30'),(1515,9.7,10,10.0,NULL,42,105,2,'2020-10-29 15:34:30','2020-10-29 15:34:30'),(1516,8.1,8.1,8.0,NULL,42,103,2,'2020-10-29 09:34:30','2020-10-29 09:34:30'),(1517,7.8,8,8.0,NULL,42,107,2,'2020-10-29 09:34:30','2020-10-29 09:34:30'),(1518,9,5.7,7.0,NULL,33,109,2,'2020-10-29 15:37:45','2020-10-29 15:37:45'),(1519,9.7,9.3,10.0,NULL,33,108,2,'2020-10-29 15:37:46','2020-10-29 15:37:46'),(1520,8.9,9.8,9.0,NULL,33,110,2,'2020-10-29 15:37:46','2020-10-29 15:37:46'),(1521,9.3,10,10.0,NULL,33,111,2,'2020-10-29 15:37:46','2020-10-29 15:37:46'),(1522,9.2,9.6,9.0,NULL,33,114,2,'2020-10-29 15:37:46','2020-10-29 15:37:46'),(1523,9.6,9,9.0,NULL,33,112,2,'2020-10-29 15:37:46','2020-10-29 15:37:46'),(1524,9,10,10.0,NULL,33,113,2,'2020-10-29 15:37:46','2020-10-29 15:37:46'),(1525,9.4,8.7,9.0,NULL,33,115,2,'2020-10-29 15:37:46','2020-10-29 15:37:46'),(1526,8.7,9.8,9.0,NULL,33,116,2,'2020-10-29 15:37:46','2020-10-29 15:37:46'),(1527,7.6,5.7,7.0,NULL,33,117,2,'2020-10-29 15:37:46','2020-10-29 15:37:46'),(1528,8.7,9.8,9.0,NULL,33,118,2,'2020-10-29 21:37:46','2020-10-29 21:37:46'),(1529,9.8,9.3,10.0,NULL,33,120,2,'2020-10-29 15:37:46','2020-10-29 15:37:46'),(1530,5.8,5,5.4,NULL,33,119,2,'2020-10-29 15:37:46','2020-10-29 15:37:46'),(1531,9.6,10,10.0,NULL,33,121,2,'2020-10-29 15:37:46','2020-10-29 15:37:46'),(1532,7.2,10,9.0,NULL,33,122,2,'2020-10-29 15:37:46','2020-10-29 15:37:46'),(1533,7.1,7.5,7.0,NULL,33,125,2,'2020-10-29 15:37:46','2020-10-29 15:37:46'),(1534,6.8,6,6.4,NULL,33,124,2,'2020-10-29 15:37:46','2020-10-29 15:37:46'),(1535,9.2,6.3,8.0,NULL,33,123,2,'2020-10-29 15:37:46','2020-10-29 15:37:46'),(1536,9.1,8,9.0,NULL,43,109,2,'2020-10-29 09:46:36','2020-10-29 09:46:36'),(1537,9.4,9.5,9.0,NULL,43,108,2,'2020-10-29 09:46:36','2020-10-29 09:46:36'),(1538,9.4,9.9,10.0,NULL,43,110,2,'2020-10-29 09:46:36','2020-10-29 09:46:36'),(1539,9.6,10,10.0,NULL,43,111,2,'2020-10-29 09:46:36','2020-10-29 09:46:36'),(1540,9.1,9.2,9.0,NULL,43,114,2,'2020-10-29 09:46:36','2020-10-29 09:46:36'),(1541,9.7,9.8,10.0,NULL,43,112,2,'2020-10-29 09:46:36','2020-10-29 09:46:36'),(1542,10,10,10.0,NULL,43,113,2,'2020-10-29 09:46:36','2020-10-29 09:46:36'),(1543,8.8,9.3,9.0,NULL,43,115,2,'2020-10-29 09:46:36','2020-10-29 09:46:36'),(1544,9.7,9.9,10.0,NULL,43,116,2,'2020-10-29 09:46:36','2020-10-29 09:46:36'),(1545,7.8,7.1,7.0,NULL,43,117,2,'2020-10-29 09:46:36','2020-10-29 09:46:36'),(1546,9.3,9.6,9.0,NULL,43,118,2,'2020-10-29 09:46:36','2020-10-29 09:46:36'),(1547,9.7,10,10.0,NULL,43,120,2,'2020-10-29 09:46:36','2020-10-29 09:46:36'),(1548,8.2,7.7,8.0,NULL,43,119,2,'2020-10-29 09:46:36','2020-10-29 09:46:36'),(1549,8.4,9.2,9.0,NULL,43,121,2,'2020-10-29 09:46:36','2020-10-29 09:46:36'),(1550,6.7,7.8,7.0,NULL,43,122,2,'2020-10-29 09:46:36','2020-10-29 09:46:36'),(1551,9.4,9.1,9.0,NULL,43,125,2,'2020-10-29 09:46:36','2020-10-29 09:46:36'),(1552,6.7,6.8,7.0,NULL,43,124,2,'2020-10-29 09:46:36','2020-10-29 09:46:36'),(1553,7.1,7,7.0,NULL,43,123,2,'2020-10-29 09:46:36','2020-10-29 09:46:36'),(1554,8.6,9.5,9.0,NULL,34,126,2,'2020-10-29 21:48:59','2020-10-29 21:48:59'),(1555,8.3,9.7,9.0,NULL,34,127,2,'2020-10-29 21:48:59','2020-10-29 21:48:59'),(1556,9.8,9.8,10.0,NULL,34,128,2,'2020-10-29 21:48:59','2020-10-29 21:48:59'),(1557,8.7,9.6,9.0,NULL,34,131,2,'2020-10-30 03:48:59','2020-10-30 03:48:59'),(1558,5.2,6.1,5.7,NULL,34,132,2,'2020-10-29 21:49:00','2020-10-29 21:49:00'),(1559,8.8,10,9.0,NULL,34,130,2,'2020-10-30 03:49:00','2020-10-30 03:49:00'),(1560,6.1,5.2,5.7,NULL,34,133,2,'2020-10-29 21:49:00','2020-10-29 21:49:00'),(1561,9.8,9.5,10.0,NULL,34,129,2,'2020-10-29 21:49:00','2020-10-29 21:49:00'),(1562,10,10,10.0,NULL,34,135,2,'2020-10-29 21:49:00','2020-10-29 21:49:00'),(1563,10,9.5,10.0,NULL,34,134,2,'2020-10-29 21:49:00','2020-10-29 21:49:00'),(1564,8.2,9.4,9.0,NULL,34,137,2,'2020-10-29 21:49:00','2020-10-29 21:49:00'),(1565,10,9.2,10.0,NULL,34,138,2,'2020-10-29 21:49:00','2020-10-29 21:49:00'),(1566,9.1,5,7.0,NULL,34,136,2,'2020-10-29 21:49:00','2020-10-29 21:49:00'),(1567,6.1,5.8,6.0,NULL,34,139,2,'2020-10-29 21:49:00','2020-10-29 21:49:00'),(1568,8.8,8,8.0,NULL,34,140,2,'2020-10-29 21:49:01','2020-10-29 21:49:01'),(1569,7.6,7.7,8.0,NULL,34,141,2,'2020-10-29 21:49:01','2020-10-29 21:49:01'),(1570,5,5.1,5.1,NULL,34,143,2,'2020-10-29 21:49:01','2020-10-29 21:49:01'),(1571,9.8,9.5,10.0,NULL,34,142,2,'2020-10-29 21:49:01','2020-10-29 21:49:01'),(1572,9.5,9.3,9.0,NULL,34,144,2,'2020-10-29 21:49:01','2020-10-29 21:49:01'),(1573,8,8.8,8.0,NULL,44,126,2,'2020-10-29 09:56:01','2020-10-29 09:56:01'),(1574,9.6,10,10.0,NULL,44,127,2,'2020-10-29 09:56:01','2020-10-29 09:56:01'),(1575,9.4,10,10.0,NULL,44,128,2,'2020-10-29 09:56:01','2020-10-29 09:56:01'),(1576,9.7,10,10.0,NULL,44,131,2,'2020-10-29 09:56:01','2020-10-29 09:56:01'),(1577,7.3,6.1,7.0,NULL,44,132,2,'2020-10-29 09:56:01','2020-10-29 09:56:01'),(1578,9.1,9.8109,9.0,NULL,44,130,2,'2020-10-29 09:56:01','2020-10-29 09:56:01'),(1579,7.1,5,6.0,NULL,44,133,2,'2020-10-29 09:56:01','2020-10-29 09:56:01'),(1580,9.2,9.7,9.0,NULL,44,129,2,'2020-10-29 09:56:01','2020-10-29 09:56:01'),(1581,9.6,10,10.0,NULL,44,135,2,'2020-10-29 09:56:01','2020-10-29 09:56:01'),(1582,8.3,9.6,9.0,NULL,44,134,2,'2020-10-29 09:56:01','2020-10-29 09:56:01'),(1583,8.4,10,9.0,NULL,44,137,2,'2020-10-29 15:56:01','2020-10-29 15:56:01'),(1584,9.6,10,10.0,NULL,44,138,2,'2020-10-29 09:56:01','2020-10-29 09:56:01'),(1585,8.6,7,8.0,NULL,44,136,2,'2020-10-29 09:56:01','2020-10-29 09:56:01'),(1586,7.2,5,6.0,NULL,44,139,2,'2020-10-29 09:56:01','2020-10-29 09:56:01'),(1587,8.6,9.4,9.0,NULL,44,140,2,'2020-10-29 09:56:01','2020-10-29 09:56:01'),(1588,8.7,9.6,9.0,NULL,44,141,2,'2020-10-29 09:56:02','2020-10-29 09:56:02'),(1589,6.4,5,NULL,NULL,44,143,2,'2020-10-29 15:56:02','2020-10-29 15:56:02'),(1590,9.3,10,10.0,NULL,44,142,2,'2020-10-29 09:56:02','2020-10-29 09:56:02'),(1591,9.1,9.1,9.0,NULL,44,144,2,'2020-10-29 09:56:02','2020-10-29 09:56:02'),(1592,9.9,8,9.0,NULL,75,109,2,'2020-10-29 10:02:16','2020-10-29 10:02:16'),(1593,9.9,10,10.0,NULL,75,108,2,'2020-10-29 10:02:16','2020-10-29 10:02:16'),(1594,9.8,9.3,10.0,NULL,75,110,2,'2020-10-29 10:02:16','2020-10-29 10:02:16'),(1595,9.7,10,10.0,NULL,75,111,2,'2020-10-29 10:02:16','2020-10-29 10:02:16'),(1596,9.6,9.4,10.0,NULL,75,114,2,'2020-10-29 10:02:16','2020-10-29 10:02:16'),(1597,9.6,9.8,10.0,NULL,75,112,2,'2020-10-29 10:02:16','2020-10-29 10:02:16'),(1598,10,10,10.0,NULL,75,113,2,'2020-10-29 10:02:16','2020-10-29 10:02:16'),(1599,9.5,9.3,9.0,NULL,75,115,2,'2020-10-29 10:02:16','2020-10-29 10:02:16'),(1600,10,10,10.0,NULL,75,116,2,'2020-10-29 10:02:16','2020-10-29 10:02:16'),(1601,8.4,7.2,8.0,NULL,75,117,2,'2020-10-29 10:02:16','2020-10-29 10:02:16'),(1602,9.8,10,10.0,NULL,75,118,2,'2020-10-29 10:02:16','2020-10-29 10:02:16'),(1603,9.8,10,10.0,NULL,75,120,2,'2020-10-29 10:02:16','2020-10-29 10:02:16'),(1604,8,8.3,8.0,NULL,75,119,2,'2020-10-29 10:02:16','2020-10-29 10:02:16'),(1605,8.8,8.8,9.0,NULL,75,121,2,'2020-10-29 10:02:16','2020-10-29 10:02:16'),(1606,7.5,7.7,8.0,NULL,75,122,2,'2020-10-29 10:02:16','2020-10-29 10:02:16'),(1607,9.6,7.7,9.0,NULL,75,125,2,'2020-10-29 10:02:16','2020-10-29 10:02:16'),(1608,7,6,7.0,NULL,75,124,2,'2020-10-29 10:02:16','2020-10-29 10:02:16'),(1609,8,7.5,8.0,NULL,75,123,2,'2020-10-29 10:02:16','2020-10-29 10:02:16'),(1610,8.2,7.5,8.0,NULL,76,126,2,'2020-10-29 16:08:12','2020-10-29 16:08:12'),(1611,10,10,10.0,NULL,76,127,2,'2020-10-29 16:08:12','2020-10-29 16:08:12'),(1612,10,10,10.0,NULL,76,128,2,'2020-10-29 16:08:12','2020-10-29 16:08:12'),(1613,9.8,10,10.0,NULL,76,131,2,'2020-10-29 16:08:12','2020-10-29 16:08:12'),(1614,8.3,5,7.0,NULL,76,132,2,'2020-10-29 16:08:12','2020-10-29 16:08:12'),(1615,8.6,9.2,9.0,NULL,76,130,2,'2020-10-29 16:08:12','2020-10-29 16:08:12'),(1616,7.2,5,6.0,NULL,76,133,2,'2020-10-29 16:08:12','2020-10-29 16:08:12'),(1617,8.8,9,9.0,NULL,76,129,2,'2020-10-29 16:08:12','2020-10-29 16:08:12'),(1618,10,10,10.0,NULL,76,135,2,'2020-10-29 16:08:12','2020-10-29 16:08:12'),(1619,9.1,8.7,9.0,NULL,76,134,2,'2020-10-29 16:08:12','2020-10-29 16:08:12'),(1620,9.5,10,10.0,NULL,76,137,2,'2020-10-29 16:08:12','2020-10-29 16:08:12'),(1621,10,10,10.0,NULL,76,138,2,'2020-10-29 16:08:12','2020-10-29 16:08:12'),(1622,8.9,7,8.0,NULL,76,136,2,'2020-10-29 16:08:12','2020-10-29 16:08:12'),(1623,7.6,5,6.0,NULL,76,139,2,'2020-10-29 16:08:12','2020-10-29 16:08:12'),(1624,9.2,6.4,8.0,NULL,76,140,2,'2020-10-29 16:08:12','2020-10-29 16:08:12'),(1625,9.1,10,10.0,NULL,76,141,2,'2020-10-29 16:08:12','2020-10-29 16:08:12'),(1626,6.6,6.6,7.0,NULL,76,143,2,'2020-10-29 22:08:12','2020-10-29 22:08:12'),(1627,9.6,10,10.0,NULL,76,142,2,'2020-10-29 16:08:12','2020-10-29 16:08:12'),(1628,9.3,9.8,10.0,NULL,76,144,2,'2020-10-29 16:08:12','2020-10-29 16:08:12'),(1629,10,10,10.0,NULL,51,5,2,'2020-10-29 18:31:16','2020-10-29 18:31:16'),(1630,10,9.5,10.0,NULL,51,6,2,'2020-10-29 18:31:17','2020-10-29 18:31:17'),(1631,10,9.4,10.0,NULL,51,7,2,'2020-10-29 18:31:17','2020-10-29 18:31:17'),(1632,10,8,9.0,NULL,51,8,2,'2020-10-30 00:31:17','2020-10-30 00:31:17'),(1633,10,9.9,10.0,NULL,51,9,2,'2020-10-29 18:31:17','2020-10-29 18:31:17'),(1634,10,7.9,9.0,NULL,51,10,2,'2020-10-30 00:31:17','2020-10-30 00:31:17'),(1635,10,9.5,10.0,NULL,51,11,2,'2020-10-30 00:31:18','2020-10-30 00:31:18'),(1636,9,6.8,8.0,NULL,51,15,2,'2020-10-29 18:31:18','2020-10-29 18:31:18'),(1637,10,9.4,10.0,NULL,51,13,2,'2020-10-29 18:31:18','2020-10-29 18:31:18'),(1638,10,9.5,10.0,NULL,51,14,2,'2020-10-29 18:31:18','2020-10-29 18:31:18'),(1639,9.6,9.5,10.0,NULL,51,12,2,'2020-10-29 18:31:18','2020-10-29 18:31:18'),(1640,10,9.5,10.0,NULL,51,17,2,'2020-10-29 18:31:18','2020-10-29 18:31:18'),(1641,10,10,10.0,NULL,51,16,2,'2020-10-29 18:31:18','2020-10-29 18:31:18'),(1642,10,10,10.0,NULL,51,21,2,'2020-10-29 18:31:18','2020-10-29 18:31:18'),(1643,10,9.4,10.0,NULL,51,20,2,'2020-10-29 18:31:18','2020-10-29 18:31:18'),(1644,10,9.3,10.0,NULL,51,18,2,'2020-10-29 18:31:19','2020-10-29 18:31:19'),(1645,10,9.4,10.0,NULL,51,23,2,'2020-10-30 00:31:19','2020-10-30 00:31:19'),(1646,10,8.4,9.0,NULL,51,22,2,'2020-10-29 18:31:19','2020-10-29 18:31:19'),(1647,10,8.1,9.0,NULL,51,19,2,'2020-10-29 18:31:19','2020-10-29 18:31:19'),(1648,10,9.9,10.0,NULL,51,24,2,'2020-10-29 18:31:20','2020-10-29 18:31:20'),(1649,9,8.5,9.0,NULL,51,25,2,'2020-10-29 18:31:20','2020-10-29 18:31:20'),(1650,10,9.5,10.0,NULL,51,26,2,'2020-10-29 18:31:20','2020-10-29 18:31:20'),(1651,10,10,10.0,NULL,51,28,2,'2020-10-29 18:31:20','2020-10-29 18:31:20'),(1652,10,10,10.0,NULL,51,29,2,'2020-10-29 18:31:20','2020-10-29 18:31:20'),(1653,10,8,9.0,NULL,51,27,2,'2020-10-29 18:31:21','2020-10-29 18:31:21'),(1681,10,8.8,9.0,NULL,52,31,2,'2020-10-30 16:43:51','2020-10-30 16:43:51'),(1682,10,10,NULL,NULL,52,33,2,'2020-10-30 10:43:51','2020-10-30 10:43:51'),(1683,10,9.4,10.0,NULL,52,32,2,'2020-10-30 10:43:51','2020-10-30 10:43:51'),(1684,10,5,8.0,NULL,52,34,2,'2020-10-30 16:43:51','2020-10-30 16:43:51'),(1685,10,7.9,9.0,NULL,52,35,2,'2020-10-30 10:43:52','2020-10-30 10:43:52'),(1686,10,5,8.0,NULL,52,30,2,'2020-10-30 16:43:52','2020-10-30 16:43:52'),(1687,10,5,8.0,NULL,52,36,2,'2020-10-30 16:43:52','2020-10-30 16:43:52'),(1688,10,5.5,8.0,NULL,52,38,2,'2020-10-30 10:43:52','2020-10-30 10:43:52'),(1689,9,6.4,8.0,NULL,52,37,2,'2020-10-30 10:43:52','2020-10-30 10:43:52'),(1690,10,8.3,9.0,NULL,52,41,2,'2020-10-30 10:43:52','2020-10-30 10:43:52'),(1691,9,9.2,9.0,NULL,52,42,2,'2020-10-30 10:43:52','2020-10-30 10:43:52'),(1692,5,5,5.0,NULL,52,44,2,'2020-10-30 10:43:52','2020-10-30 10:43:52'),(1693,9.6,8.8,9.0,NULL,52,43,2,'2020-10-30 10:43:52','2020-10-30 10:43:52'),(1694,10,10,10.0,NULL,52,45,2,'2020-10-30 10:43:52','2020-10-30 10:43:52'),(1695,10,9,10.0,NULL,52,46,2,'2020-10-30 10:43:52','2020-10-30 10:43:52'),(1696,10,9.5,10.0,NULL,52,47,2,'2020-10-30 10:43:52','2020-10-30 10:43:52'),(1697,9,10,10.0,NULL,52,48,2,'2020-10-30 10:43:52','2020-10-30 10:43:52'),(1698,10,9,10.0,NULL,52,49,2,'2020-10-30 10:43:52','2020-10-30 10:43:52'),(1699,8.8,7.7,8.0,NULL,52,52,2,'2020-10-30 16:43:53','2020-10-30 16:43:53'),(1700,8.8,7.4,8.0,NULL,52,51,2,'2020-10-30 10:43:53','2020-10-30 10:43:53'),(1701,7.8,10,9.0,NULL,52,50,2,'2020-10-30 22:43:53','2020-10-30 22:43:53'),(1702,10,10,10.0,NULL,52,53,2,'2020-10-30 16:43:53','2020-10-30 16:43:53'),(1703,10,9.5,10.0,NULL,52,54,2,'2020-10-30 10:43:53','2020-10-30 10:43:53'),(1705,9.9,9.7,10.0,NULL,53,56,2,'2020-10-30 10:56:32','2020-10-30 10:56:32'),(1706,10,9.8,10.0,NULL,53,55,2,'2020-10-30 10:56:32','2020-10-30 10:56:32'),(1707,9.5,6.2,8.0,NULL,53,57,2,'2020-10-30 10:56:32','2020-10-30 10:56:32'),(1708,7.6,7.6,8.0,NULL,53,58,2,'2020-10-30 10:56:32','2020-10-30 10:56:32'),(1709,9.9,9.8,10.0,NULL,53,59,2,'2020-10-30 10:56:32','2020-10-30 10:56:32'),(1710,9.8,8.5,9.0,NULL,53,60,2,'2020-10-30 10:56:32','2020-10-30 10:56:32'),(1711,7.7,5.9,7.0,NULL,53,66,2,'2020-10-30 16:56:32','2020-10-30 16:56:32'),(1712,9.7,9.4,10.0,NULL,53,63,2,'2020-10-30 16:56:32','2020-10-30 16:56:32'),(1713,9.3,8,9.0,NULL,53,61,2,'2020-10-30 10:56:32','2020-10-30 10:56:32'),(1714,9.4,9.9,10.0,NULL,53,64,2,'2020-10-30 10:56:32','2020-10-30 10:56:32'),(1715,7.2,5,6.0,NULL,53,62,2,'2020-10-30 10:56:32','2020-10-30 10:56:32'),(1716,8,7.5,8.0,NULL,53,67,2,'2020-10-30 10:56:32','2020-10-30 10:56:32'),(1717,9.4,8.5,9.0,NULL,53,68,2,'2020-10-30 10:56:32','2020-10-30 10:56:32'),(1718,8.7,8.2,8.0,NULL,53,65,2,'2020-10-30 10:56:32','2020-10-30 10:56:32'),(1719,9.6,9.8,10.0,NULL,53,69,2,'2020-10-30 10:56:32','2020-10-30 10:56:32'),(1720,9.4,9.4,9.0,NULL,53,70,2,'2020-10-30 10:56:32','2020-10-30 10:56:32'),(1721,9.2,9.3,9.0,NULL,53,71,2,'2020-10-30 10:56:32','2020-10-30 10:56:32'),(1722,9.3,8.5,9.0,NULL,53,72,2,'2020-10-30 10:56:32','2020-10-30 10:56:32'),(1723,7.8,5.1,6.0,NULL,53,73,2,'2020-10-30 10:56:32','2020-10-30 10:56:32'),(1724,9.8,9.5,10.0,NULL,53,74,2,'2020-10-30 10:56:32','2020-10-30 10:56:32'),(1725,9.3,8.8,9.0,NULL,53,75,2,'2020-10-31 04:56:32','2020-10-31 04:56:32'),(1726,9.8,9.9,10.0,NULL,53,76,2,'2020-10-30 10:56:33','2020-10-30 10:56:33'),(1727,9.2,7.8,9.0,NULL,53,77,2,'2020-10-30 10:56:33','2020-10-30 10:56:33'),(1728,9.2,8.2,9.0,9,53,78,2,'2020-10-30 10:56:33','2020-10-30 10:56:33'),(1729,9.3,7.9,9.0,NULL,53,80,2,'2020-10-30 10:56:33','2020-10-30 10:56:33'),(1730,9.4,9.8,10.0,NULL,53,79,2,'2020-10-30 10:56:33','2020-10-30 10:56:33'),(1731,9.4,7.8,9.0,NULL,53,81,2,'2020-10-30 16:56:33','2020-10-30 16:56:33'),(1732,9.3,9.2,9.0,NULL,53,82,2,'2020-10-30 16:56:33','2020-10-30 16:56:33'),(1734,9.3,10,10.0,NULL,54,83,2,'2020-10-30 17:33:01','2020-10-30 17:33:01'),(1735,9.4,8.8,9.0,NULL,54,84,2,'2020-10-30 17:33:01','2020-10-30 17:33:01'),(1736,9.1,7.3,8.0,NULL,54,85,2,'2020-10-30 17:33:01','2020-10-30 17:33:01'),(1737,7,7.1,7.0,NULL,54,86,2,'2020-10-30 17:33:01','2020-10-30 17:33:01'),(1738,8.4,6.6,8.0,NULL,54,87,2,'2020-10-30 17:33:01','2020-10-30 17:33:01'),(1739,5,7.3,6.0,NULL,54,88,2,'2020-10-30 17:33:01','2020-10-30 17:33:01'),(1740,9.2,9.8,10.0,NULL,54,90,2,'2020-10-30 17:33:01','2020-10-30 17:33:01'),(1741,5,5,5.0,NULL,54,92,2,'2020-10-30 17:33:01','2020-10-30 17:33:01'),(1742,8.4,6.3,7.0,NULL,54,91,2,'2020-10-30 17:33:01','2020-10-30 17:33:01'),(1743,9.3,9.7,10.0,NULL,54,94,2,'2020-10-30 23:33:01','2020-10-30 23:33:01'),(1744,9.3,9.5,9.0,NULL,54,96,2,'2020-10-30 17:33:01','2020-10-30 17:33:01'),(1745,9.6,10,10.0,NULL,54,95,2,'2020-10-30 17:33:02','2020-10-30 17:33:02'),(1746,7.8,6.2,7.0,NULL,54,89,2,'2020-10-30 17:33:02','2020-10-30 17:33:02'),(1747,9.3,6.7,8.0,NULL,54,93,2,'2020-10-30 17:33:02','2020-10-30 17:33:02'),(1748,9.9,9.9,10.0,NULL,54,97,2,'2020-10-30 17:33:02','2020-10-30 17:33:02'),(1749,7.5,7.6,8.0,NULL,54,98,2,'2020-10-30 17:33:02','2020-10-30 17:33:02'),(1750,9.3,8.7,9.0,NULL,54,99,2,'2020-10-30 17:33:02','2020-10-30 17:33:02'),(1751,7,5,6.0,NULL,54,100,2,'2020-10-30 17:33:02','2020-10-30 17:33:02'),(1752,10,10,10.0,NULL,54,101,2,'2020-10-30 17:33:02','2020-10-30 17:33:02'),(1753,9.7,9,9.0,NULL,54,102,2,'2020-10-30 17:33:02','2020-10-30 17:33:02'),(1754,9.9,9.8,10.0,NULL,54,106,2,'2020-10-30 17:33:02','2020-10-30 17:33:02'),(1755,9.1,8.4,9.0,NULL,54,104,2,'2020-10-30 17:33:02','2020-10-30 17:33:02'),(1756,9.6,9.6,10.0,NULL,54,105,2,'2020-10-30 17:33:02','2020-10-30 17:33:02'),(1757,9.5,9.6,10.0,NULL,54,103,2,'2020-10-30 17:33:02','2020-10-30 17:33:02'),(1758,9.2,9.7,9.0,NULL,54,107,2,'2020-10-30 17:33:02','2020-10-30 17:33:02'),(1764,9.5,8.2,9.0,NULL,55,109,2,'2020-11-05 11:18:27','2020-11-05 11:18:27'),(1765,10,9,10.0,NULL,55,108,2,'2020-11-05 11:18:27','2020-11-05 11:18:27'),(1766,9.5,8.6,9.0,NULL,55,110,2,'2020-11-05 11:18:27','2020-11-05 11:18:27'),(1767,10,8.7,9.0,NULL,55,111,2,'2020-11-05 11:18:27','2020-11-05 11:18:27'),(1768,9.2,8.4,9.0,NULL,55,114,2,'2020-11-05 11:18:27','2020-11-05 11:18:27'),(1769,9.8,9.6,10.0,NULL,55,112,2,'2020-11-05 11:18:28','2020-11-05 11:18:28'),(1770,10,9.3,10.0,NULL,55,113,2,'2020-11-05 11:18:28','2020-11-05 11:18:28'),(1771,9,8.7,9.0,NULL,55,115,2,'2020-11-05 11:18:28','2020-11-05 11:18:28'),(1772,10,9.5,10.0,NULL,55,116,2,'2020-11-05 11:18:28','2020-11-05 11:18:28'),(1773,5,5,5.0,NULL,55,117,2,'2020-11-05 11:18:28','2020-11-05 11:18:28'),(1774,10,9.2,10.0,NULL,55,118,2,'2020-11-05 11:18:28','2020-11-05 11:18:28'),(1775,10,9.7,10.0,NULL,55,120,2,'2020-11-05 11:18:28','2020-11-05 11:18:28'),(1776,6.2,5,5.6,NULL,55,119,2,'2020-11-05 11:18:28','2020-11-05 11:18:28'),(1777,9.8,8.7,9.0,NULL,55,121,2,'2020-11-05 11:18:28','2020-11-05 11:18:28'),(1778,5,8.5,7.0,NULL,55,122,2,'2020-11-05 11:18:28','2020-11-05 11:18:28'),(1779,8.6,8.5,9.0,NULL,55,125,2,'2020-11-05 17:18:28','2020-11-05 17:18:28'),(1780,5,5,5.0,NULL,55,124,2,'2020-11-05 11:18:28','2020-11-05 11:18:28'),(1781,9.5,8.3,9.0,NULL,55,123,2,'2020-11-05 11:18:28','2020-11-05 11:18:28'),(1782,8.5,6,7.0,NULL,56,126,2,'2020-11-05 16:14:08','2020-11-05 16:14:08'),(1783,10,9.7,10.0,NULL,56,127,2,'2020-11-05 16:14:08','2020-11-05 16:14:08'),(1784,10,9.1,10.0,NULL,56,128,2,'2020-11-05 16:14:08','2020-11-05 16:14:08'),(1785,10,9.2,10.0,NULL,56,131,2,'2020-11-05 16:14:08','2020-11-05 16:14:08'),(1786,7.4,5,6.2,NULL,56,132,2,'2020-11-05 16:14:08','2020-11-05 16:14:08'),(1787,10,9.1,10.0,NULL,56,130,2,'2020-11-05 16:14:08','2020-11-05 16:14:08'),(1788,5,5,5.0,NULL,56,133,2,'2020-11-05 16:14:08','2020-11-05 16:14:08'),(1789,10,9,10.0,NULL,56,129,2,'2020-11-05 16:14:08','2020-11-05 16:14:08'),(1790,10,9.5,10.0,NULL,56,135,2,'2020-11-05 16:14:08','2020-11-05 16:14:08'),(1791,10,7.7,9.0,NULL,56,134,2,'2020-11-05 16:14:08','2020-11-05 16:14:08'),(1792,8.2,7.4,8.0,NULL,56,137,2,'2020-11-05 16:14:08','2020-11-05 16:14:08'),(1793,9.3,9,9.0,NULL,56,138,2,'2020-11-05 16:14:08','2020-11-05 16:14:08'),(1794,8.4,5,7.0,NULL,56,136,2,'2020-11-05 16:14:08','2020-11-05 16:14:08'),(1795,8.5,5,7.0,NULL,56,139,2,'2020-11-05 16:14:08','2020-11-05 16:14:08'),(1796,9.8,8,9.0,NULL,56,140,2,'2020-11-05 16:14:08','2020-11-05 16:14:08'),(1797,9.9,7.2,9.0,NULL,56,141,2,'2020-11-05 16:14:08','2020-11-05 16:14:08'),(1798,6,5,5.5,NULL,56,143,2,'2020-11-05 16:14:08','2020-11-05 16:14:08'),(1799,10,9.3,10.0,NULL,56,142,2,'2020-11-05 16:14:08','2020-11-05 16:14:08'),(1800,10,9,10.0,NULL,56,144,2,'2020-11-05 16:14:08','2020-11-05 16:14:08'),(1801,NULL,NULL,NULL,NULL,22,5,3,'2020-11-23 20:59:03','2020-11-23 20:59:03'),(1802,NULL,NULL,NULL,NULL,22,6,3,'2020-11-23 20:59:03','2020-11-23 20:59:03'),(1803,NULL,NULL,NULL,NULL,22,7,3,'2020-11-23 20:59:03','2020-11-23 20:59:03'),(1804,NULL,NULL,NULL,NULL,22,8,3,'2020-11-23 20:59:03','2020-11-23 20:59:03'),(1805,NULL,NULL,NULL,NULL,22,9,3,'2020-11-23 20:59:03','2020-11-23 20:59:03'),(1806,NULL,NULL,NULL,NULL,22,10,3,'2020-11-23 20:59:03','2020-11-23 20:59:03'),(1807,NULL,NULL,NULL,NULL,22,11,3,'2020-11-23 20:59:03','2020-11-23 20:59:03'),(1808,NULL,NULL,NULL,NULL,22,15,3,'2020-11-23 20:59:03','2020-11-23 20:59:03'),(1809,NULL,NULL,NULL,NULL,22,13,3,'2020-11-23 20:59:03','2020-11-23 20:59:03'),(1810,NULL,NULL,NULL,NULL,22,14,3,'2020-11-23 20:59:03','2020-11-23 20:59:03'),(1811,NULL,NULL,NULL,NULL,22,12,3,'2020-11-23 20:59:03','2020-11-23 20:59:03'),(1812,NULL,NULL,NULL,NULL,22,17,3,'2020-11-23 20:59:03','2020-11-23 20:59:03'),(1813,NULL,NULL,NULL,NULL,22,16,3,'2020-11-23 20:59:03','2020-11-23 20:59:03'),(1814,NULL,NULL,NULL,NULL,22,21,3,'2020-11-23 20:59:03','2020-11-23 20:59:03'),(1815,NULL,NULL,NULL,NULL,22,20,3,'2020-11-23 20:59:03','2020-11-23 20:59:03'),(1816,NULL,NULL,NULL,NULL,22,18,3,'2020-11-23 20:59:03','2020-11-23 20:59:03'),(1817,NULL,NULL,NULL,NULL,22,23,3,'2020-11-23 20:59:03','2020-11-23 20:59:03'),(1818,NULL,NULL,NULL,NULL,22,22,3,'2020-11-23 20:59:03','2020-11-23 20:59:03'),(1819,NULL,NULL,NULL,NULL,22,19,3,'2020-11-23 20:59:03','2020-11-23 20:59:03'),(1820,NULL,NULL,NULL,NULL,22,24,3,'2020-11-23 20:59:03','2020-11-23 20:59:03'),(1821,NULL,NULL,NULL,NULL,22,25,3,'2020-11-23 20:59:03','2020-11-23 20:59:03'),(1822,NULL,NULL,NULL,NULL,22,26,3,'2020-11-23 20:59:03','2020-11-23 20:59:03'),(1823,NULL,NULL,NULL,NULL,22,28,3,'2020-11-23 20:59:03','2020-11-23 20:59:03'),(1824,NULL,NULL,NULL,NULL,22,29,3,'2020-11-23 20:59:03','2020-11-23 20:59:03'),(1825,NULL,NULL,NULL,NULL,22,27,3,'2020-11-23 20:59:03','2020-11-23 20:59:03'),(1826,NULL,NULL,NULL,NULL,37,5,3,'2020-11-23 23:25:04','2020-11-23 23:25:04'),(1827,NULL,NULL,NULL,NULL,37,6,3,'2020-11-23 23:25:04','2020-11-23 23:25:04'),(1828,NULL,NULL,NULL,NULL,37,7,3,'2020-11-23 23:25:04','2020-11-23 23:25:04'),(1829,NULL,NULL,NULL,NULL,37,8,3,'2020-11-23 23:25:04','2020-11-23 23:25:04'),(1830,NULL,NULL,NULL,NULL,37,9,3,'2020-11-23 23:25:04','2020-11-23 23:25:04'),(1831,NULL,NULL,NULL,NULL,37,10,3,'2020-11-23 23:25:04','2020-11-23 23:25:04'),(1832,NULL,NULL,NULL,NULL,37,11,3,'2020-11-23 23:25:04','2020-11-23 23:25:04'),(1833,NULL,NULL,NULL,NULL,37,15,3,'2020-11-23 23:25:04','2020-11-23 23:25:04'),(1834,NULL,NULL,NULL,NULL,37,13,3,'2020-11-23 23:25:04','2020-11-23 23:25:04'),(1835,NULL,NULL,NULL,NULL,37,14,3,'2020-11-23 23:25:04','2020-11-23 23:25:04'),(1836,NULL,NULL,NULL,NULL,37,12,3,'2020-11-23 23:25:04','2020-11-23 23:25:04'),(1837,NULL,NULL,NULL,NULL,37,17,3,'2020-11-23 23:25:04','2020-11-23 23:25:04'),(1838,NULL,NULL,NULL,NULL,37,16,3,'2020-11-23 23:25:04','2020-11-23 23:25:04'),(1839,NULL,NULL,NULL,NULL,37,21,3,'2020-11-23 23:25:04','2020-11-23 23:25:04'),(1840,NULL,NULL,NULL,NULL,37,20,3,'2020-11-23 23:25:04','2020-11-23 23:25:04'),(1841,NULL,NULL,NULL,NULL,37,18,3,'2020-11-23 23:25:04','2020-11-23 23:25:04'),(1842,NULL,NULL,NULL,NULL,37,23,3,'2020-11-23 23:25:04','2020-11-23 23:25:04'),(1843,NULL,NULL,NULL,NULL,37,22,3,'2020-11-23 23:25:04','2020-11-23 23:25:04'),(1844,NULL,NULL,NULL,NULL,37,19,3,'2020-11-23 23:25:04','2020-11-23 23:25:04'),(1845,NULL,NULL,NULL,NULL,37,24,3,'2020-11-23 23:25:04','2020-11-23 23:25:04'),(1846,NULL,NULL,NULL,NULL,37,25,3,'2020-11-23 23:25:04','2020-11-23 23:25:04'),(1847,NULL,NULL,NULL,NULL,37,26,3,'2020-11-23 23:25:04','2020-11-23 23:25:04'),(1848,NULL,NULL,NULL,NULL,37,28,3,'2020-11-23 23:25:04','2020-11-23 23:25:04'),(1849,NULL,NULL,NULL,NULL,37,29,3,'2020-11-23 23:25:04','2020-11-23 23:25:04'),(1850,NULL,NULL,NULL,NULL,37,27,3,'2020-11-23 23:25:04','2020-11-23 23:25:04'),(1851,NULL,NULL,NULL,NULL,73,109,3,'2020-11-24 03:09:29','2020-11-24 03:09:29'),(1852,NULL,NULL,NULL,NULL,73,108,3,'2020-11-24 03:09:29','2020-11-24 03:09:29'),(1853,NULL,NULL,NULL,NULL,73,110,3,'2020-11-24 03:09:29','2020-11-24 03:09:29'),(1854,NULL,NULL,NULL,NULL,73,111,3,'2020-11-24 03:09:30','2020-11-24 03:09:30'),(1855,NULL,NULL,NULL,NULL,73,114,3,'2020-11-24 03:09:30','2020-11-24 03:09:30'),(1856,NULL,NULL,NULL,NULL,73,112,3,'2020-11-24 03:09:30','2020-11-24 03:09:30'),(1857,NULL,NULL,NULL,NULL,73,113,3,'2020-11-24 03:09:30','2020-11-24 03:09:30'),(1858,NULL,NULL,NULL,NULL,73,115,3,'2020-11-24 03:09:30','2020-11-24 03:09:30'),(1859,NULL,NULL,NULL,NULL,73,116,3,'2020-11-24 03:09:30','2020-11-24 03:09:30'),(1860,NULL,NULL,NULL,NULL,73,117,3,'2020-11-24 03:09:30','2020-11-24 03:09:30'),(1861,NULL,NULL,NULL,NULL,73,118,3,'2020-11-24 03:09:30','2020-11-24 03:09:30'),(1862,NULL,NULL,NULL,NULL,73,120,3,'2020-11-24 03:09:30','2020-11-24 03:09:30'),(1863,NULL,NULL,NULL,NULL,73,119,3,'2020-11-24 03:09:30','2020-11-24 03:09:30'),(1864,NULL,NULL,NULL,NULL,73,121,3,'2020-11-24 03:09:30','2020-11-24 03:09:30'),(1865,NULL,NULL,NULL,NULL,73,122,3,'2020-11-24 03:09:30','2020-11-24 03:09:30'),(1866,NULL,NULL,NULL,NULL,73,125,3,'2020-11-24 03:09:30','2020-11-24 03:09:30'),(1867,NULL,NULL,NULL,NULL,73,124,3,'2020-11-24 03:09:30','2020-11-24 03:09:30'),(1868,NULL,NULL,NULL,NULL,73,123,3,'2020-11-24 03:09:30','2020-11-24 03:09:30'),(1869,NULL,NULL,NULL,NULL,69,5,3,'2020-11-24 05:16:46','2020-11-24 05:16:46'),(1870,NULL,NULL,NULL,NULL,69,6,3,'2020-11-24 05:16:46','2020-11-24 05:16:46'),(1871,NULL,NULL,NULL,NULL,69,7,3,'2020-11-24 05:16:46','2020-11-24 05:16:46'),(1872,NULL,NULL,NULL,NULL,69,8,3,'2020-11-24 05:16:46','2020-11-24 05:16:46'),(1873,NULL,NULL,NULL,NULL,69,9,3,'2020-11-24 05:16:46','2020-11-24 05:16:46'),(1874,NULL,NULL,NULL,NULL,69,10,3,'2020-11-24 05:16:46','2020-11-24 05:16:46'),(1875,NULL,NULL,NULL,NULL,69,11,3,'2020-11-24 05:16:46','2020-11-24 05:16:46'),(1876,NULL,NULL,NULL,NULL,69,15,3,'2020-11-24 05:16:46','2020-11-24 05:16:46'),(1877,NULL,NULL,NULL,NULL,69,13,3,'2020-11-24 05:16:46','2020-11-24 05:16:46'),(1878,NULL,NULL,NULL,NULL,69,14,3,'2020-11-24 05:16:46','2020-11-24 05:16:46'),(1879,NULL,NULL,NULL,NULL,69,12,3,'2020-11-24 05:16:46','2020-11-24 05:16:46'),(1880,NULL,NULL,NULL,NULL,69,17,3,'2020-11-24 05:16:46','2020-11-24 05:16:46'),(1881,NULL,NULL,NULL,NULL,69,16,3,'2020-11-24 05:16:46','2020-11-24 05:16:46'),(1882,NULL,NULL,NULL,NULL,69,21,3,'2020-11-24 05:16:46','2020-11-24 05:16:46'),(1883,NULL,NULL,NULL,NULL,69,20,3,'2020-11-24 05:16:46','2020-11-24 05:16:46'),(1884,NULL,NULL,NULL,NULL,69,18,3,'2020-11-24 05:16:46','2020-11-24 05:16:46'),(1885,NULL,NULL,NULL,NULL,69,23,3,'2020-11-24 05:16:46','2020-11-24 05:16:46'),(1886,NULL,NULL,NULL,NULL,69,22,3,'2020-11-24 05:16:46','2020-11-24 05:16:46'),(1887,NULL,NULL,NULL,NULL,69,19,3,'2020-11-24 05:16:46','2020-11-24 05:16:46'),(1888,NULL,NULL,NULL,NULL,69,24,3,'2020-11-24 05:16:46','2020-11-24 05:16:46'),(1889,NULL,NULL,NULL,NULL,69,25,3,'2020-11-24 05:16:46','2020-11-24 05:16:46'),(1890,NULL,NULL,NULL,NULL,69,26,3,'2020-11-24 05:16:46','2020-11-24 05:16:46'),(1891,NULL,NULL,NULL,NULL,69,28,3,'2020-11-24 05:16:46','2020-11-24 05:16:46'),(1892,NULL,NULL,NULL,NULL,69,29,3,'2020-11-24 05:16:46','2020-11-24 05:16:46'),(1893,NULL,NULL,NULL,NULL,69,27,3,'2020-11-24 05:16:46','2020-11-24 05:16:46'),(1894,NULL,NULL,NULL,NULL,14,31,3,'2020-11-24 18:11:28','2020-11-24 18:11:28'),(1895,NULL,NULL,NULL,NULL,14,33,3,'2020-11-24 18:11:28','2020-11-24 18:11:28'),(1896,NULL,NULL,NULL,NULL,14,32,3,'2020-11-24 18:11:28','2020-11-24 18:11:28'),(1897,NULL,NULL,NULL,NULL,14,34,3,'2020-11-24 18:11:28','2020-11-24 18:11:28'),(1898,NULL,NULL,NULL,NULL,14,35,3,'2020-11-24 18:11:28','2020-11-24 18:11:28'),(1899,NULL,NULL,NULL,NULL,14,30,3,'2020-11-24 18:11:28','2020-11-24 18:11:28'),(1900,NULL,NULL,NULL,NULL,14,36,3,'2020-11-24 18:11:28','2020-11-24 18:11:28'),(1901,NULL,NULL,NULL,NULL,14,38,3,'2020-11-24 18:11:28','2020-11-24 18:11:28'),(1902,NULL,NULL,NULL,NULL,14,37,3,'2020-11-24 18:11:28','2020-11-24 18:11:28'),(1903,NULL,NULL,NULL,NULL,14,41,3,'2020-11-24 18:11:28','2020-11-24 18:11:28'),(1904,NULL,NULL,NULL,NULL,14,42,3,'2020-11-24 18:11:28','2020-11-24 18:11:28'),(1905,NULL,NULL,NULL,NULL,14,44,3,'2020-11-24 18:11:28','2020-11-24 18:11:28'),(1906,NULL,NULL,NULL,NULL,14,43,3,'2020-11-24 18:11:28','2020-11-24 18:11:28'),(1907,NULL,NULL,NULL,NULL,14,45,3,'2020-11-24 18:11:28','2020-11-24 18:11:28'),(1908,NULL,NULL,NULL,NULL,14,46,3,'2020-11-24 18:11:28','2020-11-24 18:11:28'),(1909,NULL,NULL,NULL,NULL,14,47,3,'2020-11-24 18:11:28','2020-11-24 18:11:28'),(1910,NULL,NULL,NULL,NULL,14,48,3,'2020-11-24 18:11:28','2020-11-24 18:11:28'),(1911,NULL,NULL,NULL,NULL,14,49,3,'2020-11-24 18:11:28','2020-11-24 18:11:28'),(1912,NULL,NULL,NULL,NULL,14,52,3,'2020-11-24 18:11:28','2020-11-24 18:11:28'),(1913,NULL,NULL,NULL,NULL,14,51,3,'2020-11-24 18:11:28','2020-11-24 18:11:28'),(1914,NULL,NULL,NULL,NULL,14,50,3,'2020-11-24 18:11:28','2020-11-24 18:11:28'),(1915,NULL,NULL,NULL,NULL,14,53,3,'2020-11-24 18:11:28','2020-11-24 18:11:28'),(1916,NULL,NULL,NULL,NULL,14,54,3,'2020-11-24 18:11:28','2020-11-24 18:11:28'),(1917,NULL,NULL,NULL,NULL,16,83,3,'2020-11-24 18:11:31','2020-11-24 18:11:31'),(1918,NULL,NULL,NULL,NULL,16,84,3,'2020-11-24 18:11:31','2020-11-24 18:11:31'),(1919,NULL,NULL,NULL,NULL,16,85,3,'2020-11-24 18:11:31','2020-11-24 18:11:31'),(1920,NULL,NULL,NULL,NULL,16,86,3,'2020-11-24 18:11:31','2020-11-24 18:11:31'),(1921,NULL,NULL,NULL,NULL,16,87,3,'2020-11-24 18:11:31','2020-11-24 18:11:31'),(1922,NULL,NULL,NULL,NULL,16,88,3,'2020-11-24 18:11:31','2020-11-24 18:11:31'),(1923,NULL,NULL,NULL,NULL,16,90,3,'2020-11-24 18:11:31','2020-11-24 18:11:31'),(1924,NULL,NULL,NULL,NULL,16,92,3,'2020-11-24 18:11:31','2020-11-24 18:11:31'),(1925,NULL,NULL,NULL,NULL,16,91,3,'2020-11-24 18:11:31','2020-11-24 18:11:31'),(1926,NULL,NULL,NULL,NULL,16,94,3,'2020-11-24 18:11:31','2020-11-24 18:11:31'),(1927,NULL,NULL,NULL,NULL,16,96,3,'2020-11-24 18:11:31','2020-11-24 18:11:31'),(1928,NULL,NULL,NULL,NULL,16,95,3,'2020-11-24 18:11:31','2020-11-24 18:11:31'),(1929,NULL,NULL,NULL,NULL,16,89,3,'2020-11-24 18:11:31','2020-11-24 18:11:31'),(1930,NULL,NULL,NULL,NULL,16,93,3,'2020-11-24 18:11:31','2020-11-24 18:11:31'),(1931,NULL,NULL,NULL,NULL,16,97,3,'2020-11-24 18:11:31','2020-11-24 18:11:31'),(1932,NULL,NULL,NULL,NULL,16,98,3,'2020-11-24 18:11:31','2020-11-24 18:11:31'),(1933,NULL,NULL,NULL,NULL,16,99,3,'2020-11-24 18:11:31','2020-11-24 18:11:31'),(1934,NULL,NULL,NULL,NULL,16,100,3,'2020-11-24 18:11:31','2020-11-24 18:11:31'),(1935,NULL,NULL,NULL,NULL,16,101,3,'2020-11-24 18:11:31','2020-11-24 18:11:31'),(1936,NULL,NULL,NULL,NULL,16,102,3,'2020-11-24 18:11:32','2020-11-24 18:11:32'),(1937,NULL,NULL,NULL,NULL,16,106,3,'2020-11-24 18:11:32','2020-11-24 18:11:32'),(1938,NULL,NULL,NULL,NULL,16,104,3,'2020-11-24 18:11:32','2020-11-24 18:11:32'),(1939,NULL,NULL,NULL,NULL,16,105,3,'2020-11-24 18:11:32','2020-11-24 18:11:32'),(1940,NULL,NULL,NULL,NULL,16,103,3,'2020-11-24 18:11:32','2020-11-24 18:11:32'),(1941,NULL,NULL,NULL,NULL,16,107,3,'2020-11-24 18:11:32','2020-11-24 18:11:32'),(1942,NULL,NULL,NULL,NULL,57,5,3,'2020-11-24 23:57:08','2020-11-24 23:57:08'),(1943,NULL,NULL,NULL,NULL,57,6,3,'2020-11-24 23:57:08','2020-11-24 23:57:08'),(1944,NULL,NULL,NULL,NULL,57,7,3,'2020-11-24 23:57:08','2020-11-24 23:57:08'),(1945,NULL,NULL,NULL,NULL,57,8,3,'2020-11-24 23:57:08','2020-11-24 23:57:08'),(1946,NULL,NULL,NULL,NULL,57,9,3,'2020-11-24 23:57:08','2020-11-24 23:57:08'),(1947,NULL,NULL,NULL,NULL,57,10,3,'2020-11-24 23:57:08','2020-11-24 23:57:08'),(1948,NULL,NULL,NULL,NULL,57,11,3,'2020-11-24 23:57:08','2020-11-24 23:57:08'),(1949,NULL,NULL,NULL,NULL,57,15,3,'2020-11-24 23:57:08','2020-11-24 23:57:08'),(1950,NULL,NULL,NULL,NULL,57,13,3,'2020-11-24 23:57:08','2020-11-24 23:57:08'),(1951,NULL,NULL,NULL,NULL,57,14,3,'2020-11-24 23:57:08','2020-11-24 23:57:08'),(1952,NULL,NULL,NULL,NULL,57,12,3,'2020-11-24 23:57:08','2020-11-24 23:57:08'),(1953,NULL,NULL,NULL,NULL,57,17,3,'2020-11-24 23:57:08','2020-11-24 23:57:08'),(1954,NULL,NULL,NULL,NULL,57,16,3,'2020-11-24 23:57:08','2020-11-24 23:57:08'),(1955,NULL,NULL,NULL,NULL,57,21,3,'2020-11-24 23:57:08','2020-11-24 23:57:08'),(1956,NULL,NULL,NULL,NULL,57,20,3,'2020-11-24 23:57:08','2020-11-24 23:57:08'),(1957,NULL,NULL,NULL,NULL,57,18,3,'2020-11-24 23:57:08','2020-11-24 23:57:08'),(1958,NULL,NULL,NULL,NULL,57,23,3,'2020-11-24 23:57:08','2020-11-24 23:57:08'),(1959,NULL,NULL,NULL,NULL,57,22,3,'2020-11-24 23:57:08','2020-11-24 23:57:08'),(1960,NULL,NULL,NULL,NULL,57,19,3,'2020-11-24 23:57:08','2020-11-24 23:57:08'),(1961,NULL,NULL,NULL,NULL,57,24,3,'2020-11-24 23:57:08','2020-11-24 23:57:08'),(1962,NULL,NULL,NULL,NULL,57,25,3,'2020-11-24 23:57:09','2020-11-24 23:57:09'),(1963,NULL,NULL,NULL,NULL,57,26,3,'2020-11-24 23:57:09','2020-11-24 23:57:09'),(1964,NULL,NULL,NULL,NULL,57,28,3,'2020-11-24 23:57:09','2020-11-24 23:57:09'),(1965,NULL,NULL,NULL,NULL,57,29,3,'2020-11-24 23:57:09','2020-11-24 23:57:09'),(1966,NULL,NULL,NULL,NULL,57,27,3,'2020-11-24 23:57:09','2020-11-24 23:57:09'),(1967,NULL,NULL,NULL,NULL,58,31,3,'2020-11-25 00:04:03','2020-11-25 00:04:03'),(1968,NULL,NULL,NULL,NULL,58,33,3,'2020-11-25 00:04:03','2020-11-25 00:04:03'),(1969,NULL,NULL,NULL,NULL,58,32,3,'2020-11-25 00:04:03','2020-11-25 00:04:03'),(1970,NULL,NULL,NULL,NULL,58,34,3,'2020-11-25 00:04:03','2020-11-25 00:04:03'),(1971,NULL,NULL,NULL,NULL,58,35,3,'2020-11-25 00:04:03','2020-11-25 00:04:03'),(1972,NULL,NULL,NULL,NULL,58,30,3,'2020-11-25 00:04:03','2020-11-25 00:04:03'),(1973,NULL,NULL,NULL,NULL,58,36,3,'2020-11-25 00:04:03','2020-11-25 00:04:03'),(1974,NULL,NULL,NULL,NULL,58,38,3,'2020-11-25 00:04:03','2020-11-25 00:04:03'),(1975,NULL,NULL,NULL,NULL,58,37,3,'2020-11-25 00:04:03','2020-11-25 00:04:03'),(1976,NULL,NULL,NULL,NULL,58,41,3,'2020-11-25 00:04:03','2020-11-25 00:04:03'),(1977,NULL,NULL,NULL,NULL,58,42,3,'2020-11-25 00:04:03','2020-11-25 00:04:03'),(1978,NULL,NULL,NULL,NULL,58,44,3,'2020-11-25 00:04:03','2020-11-25 00:04:03'),(1979,NULL,NULL,NULL,NULL,58,43,3,'2020-11-25 00:04:03','2020-11-25 00:04:03'),(1980,NULL,NULL,NULL,NULL,58,45,3,'2020-11-25 00:04:03','2020-11-25 00:04:03'),(1981,NULL,NULL,NULL,NULL,58,46,3,'2020-11-25 00:04:03','2020-11-25 00:04:03'),(1982,NULL,NULL,NULL,NULL,58,47,3,'2020-11-25 00:04:03','2020-11-25 00:04:03'),(1983,NULL,NULL,NULL,NULL,58,48,3,'2020-11-25 00:04:03','2020-11-25 00:04:03'),(1984,NULL,NULL,NULL,NULL,58,49,3,'2020-11-25 00:04:03','2020-11-25 00:04:03'),(1985,NULL,NULL,NULL,NULL,58,52,3,'2020-11-25 00:04:03','2020-11-25 00:04:03'),(1986,NULL,NULL,NULL,NULL,58,51,3,'2020-11-25 00:04:03','2020-11-25 00:04:03'),(1987,NULL,NULL,NULL,NULL,58,50,3,'2020-11-25 00:04:03','2020-11-25 00:04:03'),(1988,NULL,NULL,NULL,NULL,58,53,3,'2020-11-25 00:04:03','2020-11-25 00:04:03'),(1989,NULL,NULL,NULL,NULL,58,54,3,'2020-11-25 00:04:03','2020-11-25 00:04:03');
/*!40000 ALTER TABLE `calificaciones_periodo` ENABLE KEYS */;
UNLOCK TABLES;

--
-- Table structure for table `ciclo_escolar`
--

DROP TABLE IF EXISTS `ciclo_escolar`;
/*!40101 SET @saved_cs_client     = @@character_set_client */;
/*!40101 SET character_set_client = utf8 */;
CREATE TABLE `ciclo_escolar` (
  `id` bigint(20) unsigned NOT NULL AUTO_INCREMENT,
  `nombre` varchar(191) COLLATE utf8mb4_unicode_ci NOT NULL,
  `fecha_inicio` date NOT NULL,
  `fecha_fin` date NOT NULL,
  `estado_id` bigint(20) unsigned NOT NULL,
  `created_at` timestamp NULL DEFAULT NULL,
  `updated_at` timestamp NULL DEFAULT NULL,
  PRIMARY KEY (`id`),
  KEY `ciclo_escolar_estado_id_foreign` (`estado_id`),
  CONSTRAINT `ciclo_escolar_estado_id_foreign` FOREIGN KEY (`estado_id`) REFERENCES `estado_ciclo_escolar` (`id`)
) ENGINE=InnoDB AUTO_INCREMENT=2 DEFAULT CHARSET=utf8mb4 COLLATE=utf8mb4_unicode_ci;
/*!40101 SET character_set_client = @saved_cs_client */;

--
-- Dumping data for table `ciclo_escolar`
--

LOCK TABLES `ciclo_escolar` WRITE;
/*!40000 ALTER TABLE `ciclo_escolar` DISABLE KEYS */;
INSERT INTO `ciclo_escolar` VALUES (1,'Curso escolar 2020-2021','2020-08-24','2021-07-06',1,'2020-06-28 00:09:49','2020-08-08 07:21:07');
/*!40000 ALTER TABLE `ciclo_escolar` ENABLE KEYS */;
UNLOCK TABLES;

--
-- Table structure for table `clases`
--

DROP TABLE IF EXISTS `clases`;
/*!40101 SET @saved_cs_client     = @@character_set_client */;
/*!40101 SET character_set_client = utf8 */;
CREATE TABLE `clases` (
  `id` bigint(20) unsigned NOT NULL AUTO_INCREMENT,
  `maestro_id` bigint(20) unsigned NOT NULL,
  `grado_id` bigint(20) unsigned NOT NULL,
  `grupo_id` bigint(20) unsigned NOT NULL,
  `asignatura_id` bigint(20) unsigned NOT NULL,
  `ciclo_escolar_id` bigint(20) unsigned NOT NULL,
  `created_at` timestamp NULL DEFAULT NULL,
  `updated_at` timestamp NULL DEFAULT NULL,
  PRIMARY KEY (`id`),
  KEY `clases_maestro_id_foreign` (`maestro_id`),
  KEY `clases_grado_id_foreign` (`grado_id`),
  KEY `clases_grupo_id_foreign` (`grupo_id`),
  KEY `clases_asignatura_id_foreign` (`asignatura_id`),
  KEY `clases_ciclo_escolar_id_foreign` (`ciclo_escolar_id`),
  CONSTRAINT `clases_asignatura_id_foreign` FOREIGN KEY (`asignatura_id`) REFERENCES `asignaturas` (`id`),
  CONSTRAINT `clases_ciclo_escolar_id_foreign` FOREIGN KEY (`ciclo_escolar_id`) REFERENCES `ciclo_escolar` (`id`),
  CONSTRAINT `clases_grado_id_foreign` FOREIGN KEY (`grado_id`) REFERENCES `grados` (`id`),
  CONSTRAINT `clases_grupo_id_foreign` FOREIGN KEY (`grupo_id`) REFERENCES `grupos` (`id`),
  CONSTRAINT `clases_maestro_id_foreign` FOREIGN KEY (`maestro_id`) REFERENCES `personal` (`id`)
) ENGINE=InnoDB AUTO_INCREMENT=84 DEFAULT CHARSET=utf8mb4 COLLATE=utf8mb4_unicode_ci;
/*!40101 SET character_set_client = @saved_cs_client */;

--
-- Dumping data for table `clases`
--

LOCK TABLES `clases` WRITE;
/*!40000 ALTER TABLE `clases` DISABLE KEYS */;
INSERT INTO `clases` VALUES (2,2,1,3,1,1,'2020-09-23 08:12:07','2020-09-23 08:12:07'),(4,1,1,3,12,1,'2020-09-23 03:26:47','2020-09-23 03:26:47'),(8,1,1,5,12,1,'2020-09-23 03:52:04','2020-09-23 03:52:04'),(9,1,2,3,12,1,'2020-09-23 03:53:03','2020-09-23 03:53:03'),(11,1,2,5,12,1,'2020-09-23 03:54:27','2020-09-23 03:54:27'),(12,1,3,3,12,1,'2020-09-23 03:54:55','2020-09-23 03:54:55'),(13,1,3,5,12,1,'2020-09-23 03:55:28','2020-09-23 03:55:28'),(14,2,1,5,1,1,'2020-09-23 04:18:47','2020-09-23 04:18:47'),(15,2,2,3,1,1,'2020-09-23 04:19:10','2020-09-23 04:19:10'),(16,2,2,5,1,1,'2020-09-23 04:21:16','2020-09-23 04:21:16'),(17,2,3,3,1,1,'2020-09-23 04:21:56','2020-09-23 04:21:56'),(18,2,3,5,1,1,'2020-09-23 04:22:18','2020-09-23 04:22:18'),(19,3,1,5,2,1,'2020-09-23 04:23:59','2020-09-23 04:23:59'),(20,3,3,3,2,1,'2020-09-23 04:24:33','2020-09-23 04:24:33'),(21,3,3,5,2,1,'2020-09-23 04:25:03','2020-09-23 04:25:03'),(22,4,1,3,2,1,'2020-09-23 04:25:53','2020-09-23 04:25:53'),(23,4,2,3,2,1,'2020-09-23 04:26:28','2020-09-23 04:26:28'),(24,4,2,5,2,1,'2020-09-23 04:26:54','2020-09-23 04:26:54'),(25,5,1,3,3,1,'2020-09-23 04:28:13','2020-09-23 04:28:13'),(26,5,1,5,3,1,'2020-09-23 04:28:37','2020-09-23 04:28:37'),(27,5,2,3,3,1,'2020-09-23 04:29:37','2020-09-23 04:29:37'),(28,5,2,5,3,1,'2020-09-23 04:30:15','2020-09-23 04:30:15'),(29,6,3,3,3,1,'2020-09-23 04:31:10','2020-09-23 04:31:10'),(30,6,3,5,3,1,'2020-09-23 04:31:36','2020-09-23 04:31:36'),(31,7,1,3,4,1,'2020-09-23 04:32:57','2020-09-23 04:32:57'),(32,7,1,5,4,1,'2020-09-23 04:33:23','2020-09-23 04:33:23'),(33,7,3,3,4,1,'2020-09-23 04:33:51','2020-09-23 04:33:51'),(34,7,3,5,4,1,'2020-09-23 04:34:18','2020-09-23 04:34:18'),(35,8,2,3,4,1,'2020-09-23 04:35:36','2020-09-23 04:35:36'),(36,8,2,5,4,1,'2020-09-23 04:36:07','2020-09-23 04:36:07'),(37,9,1,3,5,1,'2020-09-23 04:39:25','2020-09-23 04:39:25'),(38,9,1,5,5,1,'2020-09-23 04:39:49','2020-09-23 04:39:49'),(39,9,1,3,6,1,'2020-09-23 04:43:04','2020-09-23 04:43:04'),(40,9,1,5,6,1,'2020-09-23 04:43:29','2020-09-23 04:43:29'),(41,9,2,3,6,1,'2020-09-23 04:44:20','2020-09-23 04:44:20'),(42,9,2,5,6,1,'2020-09-23 04:44:54','2020-09-23 04:44:54'),(43,9,3,3,7,1,'2020-09-23 04:45:25','2020-09-23 04:45:25'),(44,9,3,5,7,1,'2020-09-23 04:46:16','2020-09-23 04:46:16'),(45,10,3,3,6,1,'2020-09-23 04:57:45','2020-09-23 04:57:45'),(46,10,3,5,6,1,'2020-09-23 04:58:17','2020-09-23 04:58:17'),(47,11,1,3,7,1,'2020-09-23 04:59:28','2020-09-23 04:59:28'),(48,11,1,5,7,1,'2020-09-23 04:59:56','2020-09-23 04:59:56'),(49,11,2,3,7,1,'2020-09-23 05:00:56','2020-09-23 05:00:56'),(50,11,2,5,7,1,'2020-09-23 05:01:27','2020-09-23 05:01:27'),(51,12,1,3,8,1,'2020-09-23 05:03:30','2020-09-23 05:03:30'),(52,12,1,5,8,1,'2020-09-23 05:03:53','2020-09-23 05:03:53'),(53,12,2,3,8,1,'2020-09-23 05:04:24','2020-09-23 05:04:24'),(54,12,2,5,8,1,'2020-09-23 05:04:54','2020-09-23 05:04:54'),(55,13,3,3,8,1,'2020-09-23 05:05:55','2020-09-23 05:05:55'),(56,13,3,5,8,1,'2020-09-23 05:06:25','2020-09-23 05:06:25'),(57,14,1,3,9,1,'2020-09-23 05:08:58','2020-09-23 05:08:58'),(58,14,1,5,9,1,'2020-09-23 05:09:23','2020-09-23 05:09:23'),(59,14,2,3,9,1,'2020-09-23 05:09:48','2020-09-23 05:09:48'),(60,14,2,5,9,1,'2020-09-23 05:10:20','2020-09-23 05:10:20'),(61,14,3,3,9,1,'2020-09-23 05:10:47','2020-09-23 05:10:47'),(62,14,3,5,9,1,'2020-09-23 05:11:14','2020-09-23 05:11:14'),(63,16,1,5,11,1,'2020-09-23 10:19:17','2020-09-23 10:19:17'),(64,16,2,3,11,1,'2020-09-23 10:19:56','2020-09-23 10:19:56'),(65,16,3,5,11,1,'2020-09-23 10:20:34','2020-09-23 10:20:34'),(66,15,1,3,11,1,'2020-09-23 20:21:28','2020-09-23 20:21:28'),(67,15,2,5,11,1,'2020-09-23 10:22:03','2020-09-23 10:22:03'),(68,15,3,3,11,1,'2020-09-23 10:22:41','2020-09-23 10:22:41'),(69,23,1,3,10,1,'2020-09-24 01:45:55','2020-09-24 01:45:55'),(70,23,1,5,10,1,'2020-09-24 01:47:48','2020-09-24 01:47:48'),(71,23,2,3,10,1,'2020-09-24 01:54:25','2020-09-24 01:54:25'),(72,23,2,5,10,1,'2020-09-24 01:55:05','2020-09-24 01:55:05'),(73,24,3,3,10,1,'2020-09-24 01:56:30','2020-09-24 01:56:30'),(74,24,3,5,10,1,'2020-09-24 01:57:40','2020-09-24 01:57:40'),(75,9,3,3,13,1,'2020-09-24 02:16:50','2020-09-24 02:16:50'),(76,9,3,5,13,1,'2020-09-24 02:17:17','2020-09-24 02:17:17'),(77,11,1,3,13,1,'2020-09-24 02:20:30','2020-09-24 02:20:30'),(78,11,1,5,13,1,'2020-09-24 02:21:01','2020-09-24 02:21:01'),(79,11,2,3,13,1,'2020-09-24 02:21:31','2020-09-24 02:21:31'),(80,11,2,5,13,1,'2020-09-24 02:22:11','2020-09-24 02:22:11');
/*!40000 ALTER TABLE `clases` ENABLE KEYS */;
UNLOCK TABLES;

--
-- Table structure for table `documentos_alumno`
--

DROP TABLE IF EXISTS `documentos_alumno`;
/*!40101 SET @saved_cs_client     = @@character_set_client */;
/*!40101 SET character_set_client = utf8 */;
CREATE TABLE `documentos_alumno` (
  `id` bigint(20) unsigned NOT NULL AUTO_INCREMENT,
  `actanacimiento` tinyint(1) NOT NULL,
  `certiprimaria` tinyint(1) NOT NULL,
  `calsextoprim` tinyint(1) NOT NULL,
  `curp` tinyint(1) NOT NULL,
  `fotos` tinyint(1) NOT NULL,
  `consestudios` tinyint(1) NOT NULL,
  `compdomicilio` tinyint(1) NOT NULL,
  `bolcalsec` tinyint(1) NOT NULL,
  `constraslado` tinyint(1) NOT NULL,
  `conseer` tinyint(1) NOT NULL,
  `consdiscapacidad` tinyint(1) NOT NULL,
  `consmedicaalergias` tinyint(1) NOT NULL,
  `otros` varchar(191) COLLATE utf8mb4_unicode_ci DEFAULT NULL,
  `created_at` timestamp NULL DEFAULT NULL,
  `updated_at` timestamp NULL DEFAULT NULL,
  PRIMARY KEY (`id`)
) ENGINE=InnoDB AUTO_INCREMENT=145 DEFAULT CHARSET=utf8mb4 COLLATE=utf8mb4_unicode_ci;
/*!40101 SET character_set_client = @saved_cs_client */;

--
-- Dumping data for table `documentos_alumno`
--

LOCK TABLES `documentos_alumno` WRITE;
/*!40000 ALTER TABLE `documentos_alumno` DISABLE KEYS */;
INSERT INTO `documentos_alumno` VALUES (5,1,1,1,1,1,1,1,0,0,0,0,0,NULL,'2020-08-09 03:37:28','2020-09-10 03:17:45'),(6,1,0,0,1,1,1,1,0,0,0,0,0,NULL,'2020-08-19 04:30:21','2020-09-11 04:51:17'),(7,1,0,0,1,1,1,1,0,0,0,0,0,NULL,'2020-08-19 04:48:48','2020-09-11 04:52:34'),(8,1,1,1,1,1,0,1,0,0,0,0,0,NULL,'2020-08-20 03:27:30','2020-09-11 04:53:54'),(9,1,0,0,1,1,1,1,0,0,0,0,0,NULL,'2020-08-20 03:41:34','2020-09-11 04:54:50'),(10,1,0,0,1,1,1,1,0,0,0,0,0,NULL,'2020-08-20 04:04:28','2020-09-11 04:56:16'),(11,1,1,1,1,1,1,1,0,0,0,0,0,NULL,'2020-08-20 04:16:30','2020-09-11 04:57:17'),(12,1,0,0,1,1,1,1,0,0,0,0,0,NULL,'2020-08-23 06:28:58','2020-09-11 04:58:25'),(13,1,0,0,1,1,0,1,0,0,0,0,0,NULL,'2020-08-23 07:02:29','2020-09-11 04:59:29'),(14,1,0,0,1,1,1,1,0,0,0,0,0,NULL,'2020-08-23 07:18:19','2020-09-11 05:13:28'),(15,1,0,0,1,1,1,0,0,0,0,0,0,NULL,'2020-08-23 07:33:32','2020-09-11 05:14:30'),(16,1,0,0,1,0,1,1,0,0,0,0,0,NULL,'2020-08-23 07:50:04','2020-09-11 05:15:33'),(17,1,1,1,1,1,1,1,0,0,0,0,0,NULL,'2020-08-25 04:41:12','2020-09-11 05:17:07'),(18,1,0,0,1,1,1,1,0,0,0,0,0,NULL,'2020-08-25 05:09:36','2020-09-11 05:18:27'),(19,0,1,1,1,0,0,0,0,0,0,0,0,NULL,'2020-08-25 05:24:46','2020-09-11 05:19:32'),(20,1,1,1,1,1,1,1,0,0,0,0,0,NULL,'2020-08-25 05:47:50','2020-09-11 05:20:37'),(21,1,0,0,1,1,1,1,0,0,0,0,0,NULL,'2020-08-25 06:00:47','2020-09-11 05:21:40'),(22,1,0,0,1,1,1,1,0,0,0,0,0,NULL,'2020-08-25 06:10:54','2020-09-11 05:22:49'),(23,1,0,0,1,1,1,1,0,0,0,0,0,NULL,'2020-08-25 06:26:24','2020-09-11 05:24:11'),(24,1,0,0,1,1,1,1,0,0,0,0,0,NULL,'2020-08-25 06:35:59','2020-09-11 05:25:37'),(25,1,0,0,1,1,1,1,0,0,0,0,0,NULL,'2020-08-25 06:46:42','2020-09-11 05:27:15'),(26,1,1,1,1,1,1,1,0,0,0,0,0,NULL,'2020-08-26 07:16:09','2020-09-11 05:28:12'),(27,1,1,1,1,1,1,1,0,0,0,0,0,NULL,'2020-08-26 07:37:58','2020-09-11 05:29:41'),(28,1,0,0,1,1,1,1,0,0,0,0,0,NULL,'2020-08-27 01:30:40','2020-09-11 05:31:10'),(29,1,0,1,1,1,1,1,0,0,0,0,0,NULL,'2020-08-27 01:38:47','2020-09-11 05:32:12'),(30,1,0,0,1,1,1,0,0,0,0,0,0,NULL,'2020-08-27 06:19:49','2020-08-27 06:19:49'),(31,1,1,1,1,1,1,1,0,0,0,0,0,NULL,'2020-08-27 06:35:41','2020-08-27 06:35:41'),(32,1,0,0,1,1,1,1,0,0,0,0,0,NULL,'2020-08-27 06:58:18','2020-08-27 06:58:18'),(33,1,1,1,1,1,1,1,0,0,0,0,0,NULL,'2020-08-28 22:48:17','2020-08-28 22:48:17'),(34,1,0,0,1,1,1,1,0,0,0,0,0,NULL,'2020-08-28 23:02:18','2020-08-28 23:02:18'),(35,1,0,0,1,1,1,1,0,0,0,0,0,NULL,'2020-08-28 23:13:07','2020-08-28 23:13:07'),(36,1,0,0,1,0,0,1,0,0,0,0,0,NULL,'2020-08-28 23:37:28','2020-08-28 23:37:28'),(37,1,0,0,1,1,1,1,0,0,0,0,0,'CONSTANCIA IMSS HIPERACTIVIDAD','2020-08-29 00:19:59','2020-08-29 00:21:44'),(38,1,1,0,1,1,0,1,0,0,0,0,0,NULL,'2020-08-29 00:36:42','2020-08-29 00:36:42'),(39,0,0,0,0,0,0,0,0,0,0,0,0,NULL,'2020-08-29 00:44:24','2020-08-29 00:44:24'),(40,1,0,0,1,0,0,1,0,0,0,0,0,NULL,'2020-08-29 00:51:15','2020-08-29 00:51:15'),(41,1,1,1,1,1,0,1,0,0,0,0,0,NULL,'2020-09-17 06:16:52','2020-09-17 06:16:52'),(42,1,1,1,1,0,1,1,0,0,0,0,0,NULL,'2020-09-22 02:27:51','2020-09-22 02:27:51'),(43,1,1,1,1,1,0,1,0,0,0,0,0,NULL,'2020-09-22 23:23:44','2020-09-22 23:23:44'),(44,1,1,1,1,1,1,1,0,0,0,0,0,NULL,'2020-09-23 00:07:10','2020-09-23 00:07:10'),(45,1,1,1,1,1,1,1,0,0,0,0,0,NULL,'2020-09-23 00:21:58','2020-09-23 00:23:21'),(46,1,1,1,1,1,1,1,0,0,0,0,0,NULL,'2020-09-23 00:58:23','2020-09-23 00:58:23'),(47,0,0,0,0,0,0,0,0,0,0,0,0,NULL,'2020-09-23 01:13:13','2020-09-23 01:13:13'),(48,1,0,0,1,1,1,1,0,0,0,0,0,NULL,'2020-09-23 01:23:53','2020-09-23 01:23:53'),(49,1,1,1,1,0,0,0,0,0,0,0,0,NULL,'2020-09-23 01:50:51','2020-09-23 01:50:51'),(50,1,0,0,1,1,1,1,0,0,0,0,0,NULL,'2020-09-23 02:08:54','2020-09-23 02:08:54'),(51,1,1,1,1,1,1,1,0,0,0,0,0,NULL,'2020-09-23 02:17:31','2020-09-23 02:17:31'),(52,1,1,1,1,0,1,1,0,0,0,0,0,NULL,'2020-09-23 02:26:07','2020-09-23 02:26:07'),(53,1,1,1,1,1,1,1,0,0,0,0,0,NULL,'2020-09-23 02:37:59','2020-09-23 02:37:59'),(54,1,1,1,0,0,1,1,0,0,0,0,0,NULL,'2020-09-23 02:47:05','2020-09-23 02:47:05'),(55,1,1,1,1,1,0,1,0,0,0,0,0,NULL,'2020-09-24 03:22:55','2020-09-24 22:01:07'),(56,1,1,1,1,1,0,1,0,0,0,0,0,NULL,'2020-09-25 02:24:58','2020-09-25 02:24:58'),(57,1,1,1,1,1,0,1,0,0,0,0,0,NULL,'2020-09-25 02:35:53','2020-09-25 02:35:53'),(58,1,1,1,1,1,1,1,0,0,0,0,0,NULL,'2020-09-25 02:46:15','2020-09-25 02:46:15'),(59,1,1,1,1,1,1,1,0,0,0,0,0,NULL,'2020-09-25 02:54:51','2020-09-25 02:54:51'),(60,1,1,1,1,1,0,1,0,0,0,0,0,NULL,'2020-09-26 18:35:57','2020-09-26 20:04:05'),(61,1,1,1,1,1,0,1,0,0,0,0,0,NULL,'2020-09-26 18:55:16','2020-09-26 20:05:36'),(62,1,1,1,1,1,0,1,0,0,0,0,0,NULL,'2020-09-26 19:21:53','2020-09-26 20:06:40'),(63,1,1,1,1,1,0,1,0,0,0,0,0,NULL,'2020-09-26 19:37:17','2020-09-26 20:07:36'),(64,1,1,1,1,1,0,1,0,0,0,0,0,NULL,'2020-09-26 19:47:59','2020-09-26 20:08:34'),(65,1,1,1,1,1,0,1,0,0,0,0,0,NULL,'2020-09-26 20:01:20','2020-09-26 20:01:20'),(66,0,0,0,0,0,0,0,0,0,0,0,0,NULL,'2020-09-26 20:20:32','2020-09-26 20:20:32'),(67,1,1,1,1,1,1,1,0,0,0,0,0,NULL,'2020-09-27 15:07:27','2020-09-27 15:07:27'),(68,1,1,1,1,1,1,1,0,0,0,0,0,NULL,'2020-09-27 15:46:16','2020-09-27 15:46:16'),(69,1,1,1,1,1,0,1,0,0,0,0,0,NULL,'2020-09-27 16:06:47','2020-09-27 16:06:47'),(70,1,1,1,1,1,1,1,0,0,0,0,0,NULL,'2020-09-27 16:21:46','2020-09-27 16:21:46'),(71,1,1,1,1,1,0,1,0,0,0,0,0,NULL,'2020-09-27 16:56:21','2020-09-27 16:56:21'),(72,1,1,1,1,1,0,1,0,0,0,0,0,NULL,'2020-09-27 17:05:51','2020-09-27 17:05:51'),(73,1,1,1,1,1,0,1,0,0,0,0,0,NULL,'2020-09-27 19:40:05','2020-09-27 19:40:05'),(74,1,1,1,1,1,1,1,0,0,0,0,0,NULL,'2020-09-27 19:51:39','2020-09-27 19:51:39'),(75,1,1,1,1,1,1,0,0,0,0,0,0,NULL,'2020-09-27 20:05:52','2020-09-27 20:05:52'),(76,1,1,1,1,1,0,1,0,0,0,0,0,NULL,'2020-09-27 20:15:41','2020-09-27 20:15:41'),(77,1,1,1,1,1,0,1,0,0,0,0,0,NULL,'2020-09-27 20:24:55','2020-09-27 20:24:55'),(78,1,1,1,1,1,0,1,1,0,0,0,0,NULL,'2020-09-27 20:44:53','2020-09-27 20:44:53'),(79,1,1,1,1,1,0,1,0,0,0,0,0,NULL,'2020-09-27 20:54:13','2020-09-27 21:46:39'),(80,1,1,1,1,1,1,1,0,0,0,0,0,NULL,'2020-09-27 21:21:57','2020-09-27 21:21:57'),(81,1,1,1,1,1,1,1,0,0,0,0,0,NULL,'2020-09-27 21:34:35','2020-09-27 21:34:35'),(82,1,1,1,1,1,0,1,0,0,0,0,0,NULL,'2020-09-27 21:45:33','2020-09-27 21:45:33'),(83,1,1,1,1,1,1,1,0,0,0,0,0,NULL,'2020-09-27 22:06:34','2020-09-27 22:06:34'),(84,1,1,1,1,1,1,1,0,0,0,0,0,NULL,'2020-09-27 22:15:52','2020-09-27 22:15:52'),(85,1,1,1,1,0,0,1,0,0,0,0,0,NULL,'2020-09-27 22:28:15','2020-09-27 22:28:15'),(86,1,1,1,1,1,0,1,0,0,0,0,0,NULL,'2020-09-27 22:39:09','2020-09-27 22:39:09'),(87,1,1,1,1,1,0,1,0,0,0,0,0,NULL,'2020-09-27 22:53:57','2020-09-27 22:53:57'),(88,1,1,1,1,1,1,1,0,0,0,0,0,NULL,'2020-09-27 23:16:01','2020-09-27 23:16:01'),(89,1,1,1,1,0,0,1,0,0,0,0,0,NULL,'2020-09-27 23:27:58','2020-09-27 23:27:58'),(90,1,1,1,1,1,1,1,0,0,0,0,0,NULL,'2020-09-28 00:18:36','2020-09-28 00:18:36'),(91,1,1,1,1,1,0,1,0,0,0,0,0,NULL,'2020-09-28 00:29:20','2020-09-28 00:29:20'),(92,1,1,1,1,1,0,1,0,0,0,0,0,NULL,'2020-09-28 00:41:13','2020-09-28 00:41:13'),(93,1,1,1,1,1,1,1,0,0,0,0,0,NULL,'2020-09-28 16:40:14','2020-09-28 16:40:14'),(94,1,1,1,1,1,0,1,0,0,0,0,0,NULL,'2020-09-28 16:56:04','2020-09-28 16:56:04'),(95,1,1,1,1,1,1,1,0,0,0,0,0,NULL,'2020-09-28 17:17:05','2020-09-28 17:17:05'),(96,1,1,1,1,1,0,1,0,0,0,0,0,NULL,'2020-09-28 17:30:53','2020-09-28 17:30:53'),(97,1,1,1,1,1,0,1,0,0,0,0,0,NULL,'2020-09-28 17:43:18','2020-09-28 17:43:18'),(98,1,1,1,1,1,0,1,0,0,0,0,0,NULL,'2020-09-28 17:55:09','2020-09-28 17:55:09'),(99,1,1,1,1,1,0,1,0,0,0,0,0,NULL,'2020-09-28 18:03:52','2020-09-28 18:03:52'),(100,1,1,1,1,1,0,1,0,0,0,0,0,NULL,'2020-09-28 18:19:20','2020-09-28 18:19:20'),(101,1,1,1,1,1,0,1,0,0,0,0,0,NULL,'2020-09-28 18:29:09','2020-09-28 18:32:37'),(102,1,1,1,1,1,0,1,0,0,0,0,0,NULL,'2020-09-28 18:47:05','2020-09-28 18:47:05'),(103,1,1,1,1,1,0,1,0,0,0,0,0,NULL,'2020-09-28 18:57:52','2020-09-28 19:01:39'),(104,1,1,1,1,1,0,1,0,0,0,0,0,NULL,'2020-09-28 19:13:46','2020-09-28 19:13:46'),(105,1,1,1,1,1,0,1,0,0,0,0,0,NULL,'2020-09-28 19:22:30','2020-09-28 19:22:30'),(106,0,0,0,0,0,0,0,0,0,0,0,0,NULL,'2020-09-28 21:36:58','2020-09-28 21:36:58'),(107,0,0,0,0,0,0,0,0,0,0,0,0,NULL,'2020-09-28 21:50:41','2020-09-28 21:50:41'),(108,1,1,1,1,1,0,1,0,0,0,0,0,NULL,'2020-09-29 01:44:49','2020-09-29 01:44:49'),(109,1,1,1,1,1,1,1,0,0,0,0,0,NULL,'2020-09-29 01:53:24','2020-09-29 01:53:24'),(110,1,1,1,1,0,1,0,0,0,0,0,0,NULL,'2020-09-29 02:02:04','2020-09-29 02:02:04'),(111,1,1,1,1,1,1,1,0,0,0,0,0,NULL,'2020-09-29 02:12:47','2020-09-29 02:12:47'),(112,1,1,1,1,1,1,1,0,0,0,0,0,NULL,'2020-09-29 02:22:26','2020-09-29 02:22:26'),(113,1,1,1,1,1,1,1,0,0,0,0,0,NULL,'2020-09-29 20:30:13','2020-09-29 20:30:13'),(114,1,1,1,1,1,1,1,0,0,0,0,0,NULL,'2020-09-30 00:43:21','2020-09-30 00:43:21'),(115,1,1,1,1,1,0,1,0,0,0,0,0,NULL,'2020-09-30 00:56:14','2020-09-30 00:56:14'),(116,1,1,1,1,1,0,1,0,0,0,0,0,NULL,'2020-09-30 01:05:31','2020-09-30 01:05:31'),(117,1,1,1,1,1,0,1,0,0,0,0,0,NULL,'2020-09-30 01:15:39','2020-09-30 01:15:39'),(118,1,1,1,1,1,0,1,0,0,0,0,0,NULL,'2020-09-30 01:42:22','2020-09-30 01:42:22'),(119,1,1,1,1,1,1,1,0,0,0,0,0,NULL,'2020-09-30 01:50:04','2020-09-30 01:50:04'),(120,1,1,1,1,1,1,1,0,0,0,0,0,NULL,'2020-09-30 02:01:27','2020-09-30 02:01:27'),(121,1,1,1,1,1,1,0,0,0,0,0,0,NULL,'2020-09-30 03:19:05','2020-09-30 03:19:05'),(122,1,1,1,1,1,1,1,0,0,0,0,0,NULL,'2020-09-30 03:38:52','2020-09-30 03:38:52'),(123,1,1,1,1,1,1,1,0,0,0,0,0,NULL,'2020-09-30 03:49:10','2020-09-30 03:49:10'),(124,1,1,1,1,1,1,1,0,0,0,0,0,NULL,'2020-09-30 04:00:33','2020-09-30 04:00:33'),(125,1,1,1,1,1,0,1,0,0,0,0,0,NULL,'2020-09-30 04:08:06','2020-09-30 04:08:06'),(126,1,1,1,1,1,0,1,0,0,0,0,0,NULL,'2020-09-30 04:46:38','2020-09-30 04:46:38'),(127,1,1,1,1,1,1,1,0,0,0,0,0,NULL,'2020-09-30 04:55:28','2020-09-30 04:55:28'),(128,1,1,1,1,1,0,1,0,0,0,0,0,NULL,'2020-09-30 05:03:37','2020-09-30 05:03:37'),(129,1,1,1,1,1,0,1,0,0,0,0,0,NULL,'2020-09-30 05:19:07','2020-09-30 05:19:07'),(130,1,1,1,1,1,1,1,0,0,0,0,0,NULL,'2020-09-30 05:28:07','2020-09-30 05:28:07'),(131,1,1,1,1,1,1,1,0,0,0,0,0,NULL,'2020-09-30 05:36:46','2020-09-30 05:36:46'),(132,1,1,1,1,1,1,1,0,0,0,0,0,NULL,'2020-09-30 05:43:14','2020-09-30 05:43:14'),(133,1,1,1,1,1,1,1,0,0,0,0,0,NULL,'2020-09-30 05:49:51','2020-09-30 05:49:51'),(134,1,1,1,1,1,0,1,0,0,0,0,0,NULL,'2020-09-30 05:57:36','2020-09-30 05:57:36'),(135,1,1,1,1,1,0,1,0,0,0,0,0,NULL,'2020-09-30 06:07:00','2020-09-30 06:07:00'),(136,1,1,1,1,1,1,1,0,0,0,0,0,NULL,'2020-09-30 06:14:24','2020-09-30 06:14:24'),(137,1,1,1,1,1,0,1,0,0,0,0,0,NULL,'2020-09-30 06:23:14','2020-09-30 06:23:14'),(138,1,1,1,1,1,0,1,1,0,0,0,0,NULL,'2020-09-30 06:37:21','2020-09-30 06:37:21'),(139,1,1,1,1,0,0,1,0,0,0,0,0,NULL,'2020-09-30 06:45:50','2020-09-30 06:45:50'),(140,1,1,1,1,1,1,1,0,0,0,0,0,NULL,'2020-09-30 06:53:25','2020-09-30 06:53:25'),(141,1,1,1,1,1,0,1,0,0,0,0,0,NULL,'2020-09-30 07:01:41','2020-09-30 07:01:41'),(142,1,1,1,1,1,0,1,0,0,0,0,0,NULL,'2020-09-30 07:21:08','2020-09-30 07:21:08'),(143,1,1,0,1,1,0,1,0,0,0,0,0,NULL,'2020-09-30 07:30:46','2020-09-30 07:30:46'),(144,1,1,0,1,1,0,1,0,0,0,0,0,NULL,'2020-09-30 07:48:35','2020-09-30 07:48:35');
/*!40000 ALTER TABLE `documentos_alumno` ENABLE KEYS */;
UNLOCK TABLES;

--
-- Table structure for table `documentos_personal`
--

DROP TABLE IF EXISTS `documentos_personal`;
/*!40101 SET @saved_cs_client     = @@character_set_client */;
/*!40101 SET character_set_client = utf8 */;
CREATE TABLE `documentos_personal` (
  `id` bigint(20) unsigned NOT NULL AUTO_INCREMENT,
  `original_actanacimiento` tinyint(1) NOT NULL,
  `cp_curp` tinyint(1) NOT NULL,
  `cp_ife` tinyint(1) NOT NULL,
  `cp_comprobante_domicilio` tinyint(1) NOT NULL,
  `cp_cartilla_militar` tinyint(1) NOT NULL,
  `cp_fotos` tinyint(1) NOT NULL,
  `cp_titulo` tinyint(1) NOT NULL,
  `cp_cedula` tinyint(1) NOT NULL,
  `cp_carta_pasante` tinyint(1) NOT NULL,
  `cp_certificado_calificaciones` tinyint(1) NOT NULL,
  `cp_acta_examen_profesional` tinyint(1) NOT NULL,
  `cp_constancias_de_cursos` tinyint(1) NOT NULL,
  `otro_empleo` varchar(191) COLLATE utf8mb4_unicode_ci DEFAULT NULL,
  `fecha_ingreso` date DEFAULT NULL,
  `fecha_egreso` date DEFAULT NULL,
  `created_at` timestamp NULL DEFAULT NULL,
  `updated_at` timestamp NULL DEFAULT NULL,
  PRIMARY KEY (`id`)
) ENGINE=InnoDB AUTO_INCREMENT=26 DEFAULT CHARSET=utf8mb4 COLLATE=utf8mb4_unicode_ci;
/*!40101 SET character_set_client = @saved_cs_client */;

--
-- Dumping data for table `documentos_personal`
--

LOCK TABLES `documentos_personal` WRITE;
/*!40000 ALTER TABLE `documentos_personal` DISABLE KEYS */;
INSERT INTO `documentos_personal` VALUES (1,1,1,1,1,1,1,1,0,0,0,0,1,NULL,'2015-09-03',NULL,'2020-07-04 10:55:59','2020-10-01 01:57:04'),(2,1,1,1,0,0,1,0,0,1,1,0,1,NULL,'2016-08-31',NULL,'2020-07-04 11:23:41','2020-08-01 06:28:29'),(3,1,1,1,0,0,1,1,0,0,1,0,1,'ESC.SEC.\"EMILIANO ZAPATA\" No.17 HUNUCMA','2005-09-02',NULL,'2020-07-04 11:47:14','2020-08-01 06:34:15'),(4,0,1,1,1,0,1,1,0,0,1,0,0,'ESC.SEC.\"EMILIANO ZAPATA\" No.17 HUNUCMA','2017-09-14',NULL,'2020-07-23 19:50:08','2020-08-01 06:37:42'),(5,1,1,1,1,0,1,1,1,0,0,0,1,'ESC.SEC.\"EMILIANO ZAPATA\" No.17 HUNUCMA','2012-10-01',NULL,'2020-07-24 05:57:17','2020-08-01 05:22:55'),(6,1,1,1,1,1,1,1,0,0,0,0,0,NULL,'2019-08-12',NULL,'2020-08-01 05:28:01','2020-08-01 05:28:01'),(7,1,1,1,1,0,0,1,1,0,1,1,1,NULL,'2019-08-12',NULL,'2020-08-01 05:44:10','2020-08-01 05:44:10'),(8,0,1,1,1,0,0,1,1,0,1,1,1,NULL,'2020-01-13',NULL,'2020-08-01 06:02:00','2020-08-01 06:02:00'),(9,1,1,1,0,1,1,1,0,0,1,0,1,NULL,'2008-09-02',NULL,'2020-08-01 06:51:46','2020-08-01 06:51:46'),(10,1,1,1,0,1,1,1,0,0,0,0,1,'ESC.SEC.TEC. No.57 MERIDA,YUC. FRACC. EL ROBLE','2011-09-02',NULL,'2020-08-01 07:22:10','2020-08-01 07:22:10'),(11,0,0,1,1,0,0,0,0,0,0,0,0,NULL,'2019-01-07',NULL,'2020-08-01 07:35:55','2020-08-01 07:35:55'),(12,0,1,1,1,1,1,0,0,1,1,0,1,NULL,'2010-09-02',NULL,'2020-08-01 07:57:06','2020-08-01 08:24:38'),(13,0,1,1,0,0,1,0,0,1,0,1,1,NULL,'2011-11-10',NULL,'2020-08-01 08:20:19','2020-08-01 08:20:19'),(14,0,1,1,0,1,0,1,0,1,1,1,1,NULL,'2018-02-08',NULL,'2020-08-04 00:23:10','2020-08-04 00:23:10'),(15,1,1,1,0,0,1,1,1,0,0,0,1,'COBAY','2012-05-22',NULL,'2020-08-07 22:53:28','2020-08-07 22:53:28'),(16,1,0,1,1,0,1,1,0,0,0,0,1,NULL,'2019-01-07',NULL,'2020-08-07 23:06:43','2020-10-02 03:38:19'),(17,1,1,1,1,0,0,0,0,0,1,0,1,NULL,'1997-08-20',NULL,'2020-08-07 23:40:27','2020-08-07 23:40:27'),(18,1,1,1,1,0,1,0,0,1,1,0,0,NULL,'2019-08-12',NULL,'2020-08-08 05:53:27','2020-08-27 00:57:15'),(19,1,1,1,1,0,1,0,0,0,1,0,1,NULL,'1999-08-20',NULL,'2020-08-08 06:11:19','2020-08-08 06:30:15'),(20,0,1,1,1,0,1,0,0,0,1,0,1,NULL,'2014-05-02',NULL,'2020-08-08 06:26:28','2020-08-08 06:26:28'),(21,1,1,1,0,1,1,0,0,0,1,0,0,'MOTOTAXI','2013-08-20',NULL,'2020-08-08 06:55:25','2020-08-08 07:02:48'),(22,1,1,1,0,0,1,0,0,0,0,0,0,'ALBAÑIL','2000-08-20',NULL,'2020-08-08 07:09:26','2020-08-08 07:09:26'),(23,1,1,1,0,0,0,1,0,0,0,0,0,NULL,'2020-01-08',NULL,'2020-09-24 01:06:46','2020-09-24 05:04:53'),(24,1,1,1,1,0,0,1,0,0,0,0,1,NULL,'2019-08-12',NULL,'2020-09-24 01:42:33','2020-09-24 05:05:56'),(25,1,0,1,0,0,0,0,0,0,0,0,0,'np','2020-09-02','2020-09-24','2020-09-30 22:58:43','2020-09-30 22:58:43');
/*!40000 ALTER TABLE `documentos_personal` ENABLE KEYS */;
UNLOCK TABLES;

--
-- Table structure for table `escuelas_procedencia`
--

DROP TABLE IF EXISTS `escuelas_procedencia`;
/*!40101 SET @saved_cs_client     = @@character_set_client */;
/*!40101 SET character_set_client = utf8 */;
CREATE TABLE `escuelas_procedencia` (
  `id` bigint(20) unsigned NOT NULL AUTO_INCREMENT,
  `nombre` varchar(191) COLLATE utf8mb4_unicode_ci NOT NULL,
  `clave` varchar(191) COLLATE utf8mb4_unicode_ci DEFAULT NULL,
  `created_at` timestamp NULL DEFAULT NULL,
  `updated_at` timestamp NULL DEFAULT NULL,
  PRIMARY KEY (`id`)
) ENGINE=InnoDB AUTO_INCREMENT=24 DEFAULT CHARSET=utf8mb4 COLLATE=utf8mb4_unicode_ci;
/*!40101 SET character_set_client = @saved_cs_client */;

--
-- Dumping data for table `escuelas_procedencia`
--

LOCK TABLES `escuelas_procedencia` WRITE;
/*!40000 ALTER TABLE `escuelas_procedencia` DISABLE KEYS */;
INSERT INTO `escuelas_procedencia` VALUES (1,'JEANNE DE MATEL','31PPR0284R','2020-07-04 04:50:47',NULL),(2,'FRANCISCO I. MADERO','31DPR0694P','2020-08-03 23:52:27',NULL),(4,'JUAN DE DIOS PEZA','31EPR0028V','2020-08-03 23:55:39',NULL),(5,'FELIPE CARRILLO PUERTO','31DPR0170K','2020-08-03 23:59:18',NULL),(6,'NACHI COCOM','31EPR0124Y','2020-08-04 00:00:41',NULL),(7,'SERAPIO RENDON','31EPR0027W','2020-08-04 00:02:00',NULL),(8,'JACINTO CANEK','31DPR0388H','2020-08-04 00:03:18',NULL),(9,'PABLO MORENO','31EPR0029U','2020-08-04 00:04:11',NULL),(10,'EDUARDO QUINTAL','31DPR1706K','2020-08-04 00:05:11',NULL),(11,'NIÑOS HEROES','31PPR0272M','2020-08-23 06:38:19','2020-09-11 05:00:34'),(12,'MOTOLINIA (CD.CAUCEL)','31PPR0096Y','2020-08-26 07:07:39','2020-09-11 05:06:51'),(13,'AMADO  NERVO (SISAL)','31DPR0788D','2020-08-27 06:26:21',NULL),(16,'ROGELIO CHALE (HUNCANAB)','31DPR0716K','2020-09-11 05:09:56','2020-09-23 02:01:56'),(17,'EEUU HIGHLAND MIDDLE SCHOOL',NULL,'2020-09-23 02:00:28',NULL),(18,'JORGE MEXICO OJEDA NOVELO (COZUMEL, QR)','23DPR0686Y','2020-09-26 18:29:13',NULL),(19,'JOSE LEON BOJORQUEZ GARCIA','31DES2012B','2020-09-27 20:31:12',NULL),(20,'MARIANO MATAMOROS  (SAN ANTONIO CHEL)','31DPR0767R','2020-09-28 16:50:24',NULL),(21,'RAFAEL CHAZARO PEREZ (KINCHIL)','31DPR0731C','2020-09-29 20:16:04',NULL),(22,'LUIS DONALDO COLOSIO MURRIETA (TETIZ)','31DPR20121','2020-09-30 00:52:18',NULL),(23,'SECUNDARIA NUM.97  (SISAL)','31EES0111N','2020-09-30 06:28:44',NULL);
/*!40000 ALTER TABLE `escuelas_procedencia` ENABLE KEYS */;
UNLOCK TABLES;

--
-- Table structure for table `estado_ciclo_escolar`
--

DROP TABLE IF EXISTS `estado_ciclo_escolar`;
/*!40101 SET @saved_cs_client     = @@character_set_client */;
/*!40101 SET character_set_client = utf8 */;
CREATE TABLE `estado_ciclo_escolar` (
  `id` bigint(20) unsigned NOT NULL AUTO_INCREMENT,
  `estado` varchar(191) COLLATE utf8mb4_unicode_ci NOT NULL,
  `created_at` timestamp NULL DEFAULT NULL,
  `updated_at` timestamp NULL DEFAULT NULL,
  PRIMARY KEY (`id`)
) ENGINE=InnoDB AUTO_INCREMENT=3 DEFAULT CHARSET=utf8mb4 COLLATE=utf8mb4_unicode_ci;
/*!40101 SET character_set_client = @saved_cs_client */;

--
-- Dumping data for table `estado_ciclo_escolar`
--

LOCK TABLES `estado_ciclo_escolar` WRITE;
/*!40000 ALTER TABLE `estado_ciclo_escolar` DISABLE KEYS */;
INSERT INTO `estado_ciclo_escolar` VALUES (1,'En curso','2020-07-01 19:51:14','2020-07-01 19:51:14'),(2,'Concluido','2020-07-01 19:51:14','2020-07-01 19:51:14');
/*!40000 ALTER TABLE `estado_ciclo_escolar` ENABLE KEYS */;
UNLOCK TABLES;

--
-- Table structure for table `estado_personal`
--

DROP TABLE IF EXISTS `estado_personal`;
/*!40101 SET @saved_cs_client     = @@character_set_client */;
/*!40101 SET character_set_client = utf8 */;
CREATE TABLE `estado_personal` (
  `id` bigint(20) unsigned NOT NULL AUTO_INCREMENT,
  `status` varchar(191) COLLATE utf8mb4_unicode_ci NOT NULL,
  `created_at` timestamp NULL DEFAULT NULL,
  `updated_at` timestamp NULL DEFAULT NULL,
  PRIMARY KEY (`id`),
  UNIQUE KEY `estado_personal_status_unique` (`status`)
) ENGINE=InnoDB AUTO_INCREMENT=4 DEFAULT CHARSET=utf8mb4 COLLATE=utf8mb4_unicode_ci;
/*!40101 SET character_set_client = @saved_cs_client */;

--
-- Dumping data for table `estado_personal`
--

LOCK TABLES `estado_personal` WRITE;
/*!40000 ALTER TABLE `estado_personal` DISABLE KEYS */;
INSERT INTO `estado_personal` VALUES (1,'Activo','2020-07-01 19:51:14','2020-07-01 19:51:14'),(2,'Inactivo','2020-07-01 19:51:14','2020-07-01 19:51:14'),(3,'Suspendido','2020-07-01 19:51:14','2020-07-01 19:51:14');
/*!40000 ALTER TABLE `estado_personal` ENABLE KEYS */;
UNLOCK TABLES;

--
-- Table structure for table `failed_jobs`
--

DROP TABLE IF EXISTS `failed_jobs`;
/*!40101 SET @saved_cs_client     = @@character_set_client */;
/*!40101 SET character_set_client = utf8 */;
CREATE TABLE `failed_jobs` (
  `id` bigint(20) unsigned NOT NULL AUTO_INCREMENT,
  `connection` text COLLATE utf8mb4_unicode_ci NOT NULL,
  `queue` text COLLATE utf8mb4_unicode_ci NOT NULL,
  `payload` longtext COLLATE utf8mb4_unicode_ci NOT NULL,
  `exception` longtext COLLATE utf8mb4_unicode_ci NOT NULL,
  `failed_at` timestamp NOT NULL DEFAULT CURRENT_TIMESTAMP,
  PRIMARY KEY (`id`)
) ENGINE=InnoDB DEFAULT CHARSET=utf8mb4 COLLATE=utf8mb4_unicode_ci;
/*!40101 SET character_set_client = @saved_cs_client */;

--
-- Dumping data for table `failed_jobs`
--

LOCK TABLES `failed_jobs` WRITE;
/*!40000 ALTER TABLE `failed_jobs` DISABLE KEYS */;
/*!40000 ALTER TABLE `failed_jobs` ENABLE KEYS */;
UNLOCK TABLES;

--
-- Table structure for table `grado_estudios`
--

DROP TABLE IF EXISTS `grado_estudios`;
/*!40101 SET @saved_cs_client     = @@character_set_client */;
/*!40101 SET character_set_client = utf8 */;
CREATE TABLE `grado_estudios` (
  `id` bigint(20) unsigned NOT NULL AUTO_INCREMENT,
  `grado` varchar(191) COLLATE utf8mb4_unicode_ci NOT NULL,
  `created_at` timestamp NULL DEFAULT NULL,
  `updated_at` timestamp NULL DEFAULT NULL,
  PRIMARY KEY (`id`),
  UNIQUE KEY `grado_estudios_grado_unique` (`grado`)
) ENGINE=InnoDB AUTO_INCREMENT=32 DEFAULT CHARSET=utf8mb4 COLLATE=utf8mb4_unicode_ci;
/*!40101 SET character_set_client = @saved_cs_client */;

--
-- Dumping data for table `grado_estudios`
--

LOCK TABLES `grado_estudios` WRITE;
/*!40000 ALTER TABLE `grado_estudios` DISABLE KEYS */;
INSERT INTO `grado_estudios` VALUES (1,'Primaria','2020-07-01 19:51:14','2020-07-01 19:51:14'),(2,'Secundaria','2020-07-01 19:51:14','2020-07-01 19:51:14'),(6,'Bachillerato','2020-07-04 06:31:05',NULL),(7,'Licenciatura','2020-07-04 06:31:39',NULL),(8,'Maestria','2020-07-04 06:32:14',NULL),(9,'COMERCIAL','2020-08-23 06:52:53',NULL),(10,'TECNICO PROFESIONAL','2020-08-25 05:43:54',NULL),(11,'TECNICO COMERCIAL','2020-08-25 05:44:18',NULL),(14,'TECNICO','2020-08-25 05:46:37',NULL),(15,'POSGRADO','2020-08-26 07:15:06',NULL),(16,'CARRERA TRUNCA','2020-09-25 02:22:54',NULL),(19,'LICDA.DERECHO','2020-09-26 19:13:06',NULL),(20,'SECRETARIA','2020-09-27 15:06:47',NULL),(21,'TECNICA','2020-09-27 16:05:55',NULL),(22,'ADMINISTRATIVO','2020-09-27 16:53:12',NULL),(23,'CARRERA TECNICA','2020-09-27 16:54:48',NULL),(24,'CARRERA DE ENFERMERIA','2020-09-27 20:05:08',NULL),(25,'PROFESIONAL','2020-09-27 20:24:05',NULL),(26,'TSU','2020-09-28 17:54:25',NULL),(27,'LICDA.TECNOLOGIA EDUCATIVA','2020-09-28 19:13:06',NULL),(28,'CARRERA COMERCIAL','2020-09-29 01:43:34',NULL),(29,'TEC. AGROPECUARIO','2020-09-30 03:48:18',NULL),(30,'MEDICINA (2do.)','2020-09-30 06:05:47',NULL),(31,'LAET','2020-09-30 06:34:15',NULL);
/*!40000 ALTER TABLE `grado_estudios` ENABLE KEYS */;
UNLOCK TABLES;

--
-- Table structure for table `grados`
--

DROP TABLE IF EXISTS `grados`;
/*!40101 SET @saved_cs_client     = @@character_set_client */;
/*!40101 SET character_set_client = utf8 */;
CREATE TABLE `grados` (
  `id` bigint(20) unsigned NOT NULL AUTO_INCREMENT,
  `nombre_corto` varchar(191) COLLATE utf8mb4_unicode_ci NOT NULL,
  `nombre_largo` varchar(191) COLLATE utf8mb4_unicode_ci NOT NULL,
  `created_at` timestamp NULL DEFAULT NULL,
  `updated_at` timestamp NULL DEFAULT NULL,
  PRIMARY KEY (`id`),
  UNIQUE KEY `grados_nombre_corto_unique` (`nombre_corto`),
  UNIQUE KEY `grados_nombre_largo_unique` (`nombre_largo`)
) ENGINE=InnoDB AUTO_INCREMENT=4 DEFAULT CHARSET=utf8mb4 COLLATE=utf8mb4_unicode_ci;
/*!40101 SET character_set_client = @saved_cs_client */;

--
-- Dumping data for table `grados`
--

LOCK TABLES `grados` WRITE;
/*!40000 ALTER TABLE `grados` DISABLE KEYS */;
INSERT INTO `grados` VALUES (1,'1°','PRIMER GRADO','2020-07-04 05:10:21',NULL),(2,'2º','SEGUNDO GRADO','2020-07-23 19:42:41',NULL),(3,'3º','TERCER GRADO','2020-07-23 19:42:52',NULL);
/*!40000 ALTER TABLE `grados` ENABLE KEYS */;
UNLOCK TABLES;

--
-- Table structure for table `grupo_alumnos`
--

DROP TABLE IF EXISTS `grupo_alumnos`;
/*!40101 SET @saved_cs_client     = @@character_set_client */;
/*!40101 SET character_set_client = utf8 */;
CREATE TABLE `grupo_alumnos` (
  `id` bigint(20) unsigned NOT NULL AUTO_INCREMENT,
  `ciclo_escolar_id` bigint(20) unsigned NOT NULL,
  `alumno_id` bigint(20) unsigned NOT NULL,
  `grupo_id` bigint(20) unsigned NOT NULL,
  `grado_id` bigint(20) unsigned NOT NULL,
  `created_at` timestamp NULL DEFAULT NULL,
  `updated_at` timestamp NULL DEFAULT NULL,
  PRIMARY KEY (`id`),
  KEY `grupo_alumnos_alumno_id_foreign` (`alumno_id`),
  KEY `grupo_alumnos_ciclo_escolar_id_foreign` (`ciclo_escolar_id`),
  KEY `grupo_alumnos_grupo_id_foreign` (`grupo_id`),
  KEY `grupo_alumnos_grado_id_foreign` (`grado_id`),
  CONSTRAINT `grupo_alumnos_alumno_id_foreign` FOREIGN KEY (`alumno_id`) REFERENCES `alumnos` (`id`),
  CONSTRAINT `grupo_alumnos_ciclo_escolar_id_foreign` FOREIGN KEY (`ciclo_escolar_id`) REFERENCES `ciclo_escolar` (`id`),
  CONSTRAINT `grupo_alumnos_grado_id_foreign` FOREIGN KEY (`grado_id`) REFERENCES `grados` (`id`),
  CONSTRAINT `grupo_alumnos_grupo_id_foreign` FOREIGN KEY (`grupo_id`) REFERENCES `grupos` (`id`)
) ENGINE=InnoDB AUTO_INCREMENT=181 DEFAULT CHARSET=utf8mb4 COLLATE=utf8mb4_unicode_ci;
/*!40101 SET character_set_client = @saved_cs_client */;

--
-- Dumping data for table `grupo_alumnos`
--

LOCK TABLES `grupo_alumnos` WRITE;
/*!40000 ALTER TABLE `grupo_alumnos` DISABLE KEYS */;
INSERT INTO `grupo_alumnos` VALUES (1,1,5,3,1,'2020-08-20 04:20:13',NULL),(2,1,6,3,1,'2020-08-20 04:20:19',NULL),(4,1,7,3,1,'2020-08-20 04:20:39',NULL),(8,1,8,3,1,'2020-08-20 04:22:45',NULL),(9,1,9,3,1,'2020-08-20 04:22:53',NULL),(10,1,10,3,1,'2020-08-20 04:23:24',NULL),(12,1,11,3,1,'2020-08-20 04:23:48',NULL),(13,1,15,3,1,'2020-08-27 06:42:18',NULL),(14,1,13,3,1,'2020-08-27 06:42:18',NULL),(15,1,14,3,1,'2020-08-27 06:42:18',NULL),(16,1,12,3,1,'2020-08-27 06:42:18',NULL),(17,1,17,3,1,'2020-08-27 06:42:18',NULL),(18,1,16,3,1,'2020-08-27 06:42:18',NULL),(19,1,21,3,1,'2020-08-27 06:42:18',NULL),(20,1,20,3,1,'2020-08-27 06:42:18',NULL),(21,1,18,3,1,'2020-08-27 06:42:19',NULL),(22,1,23,3,1,'2020-08-27 06:42:19',NULL),(23,1,22,3,1,'2020-08-27 06:42:19',NULL),(24,1,19,3,1,'2020-08-27 06:42:19',NULL),(25,1,24,3,1,'2020-08-27 06:42:19',NULL),(26,1,25,3,1,'2020-08-27 06:42:19',NULL),(27,1,26,3,1,'2020-08-27 06:42:19',NULL),(28,1,28,3,1,'2020-08-27 06:42:19',NULL),(29,1,29,3,1,'2020-08-27 06:42:19',NULL),(30,1,27,3,1,'2020-08-27 06:42:19',NULL),(31,1,31,5,1,'2020-09-23 02:56:35',NULL),(32,1,33,5,1,'2020-09-23 02:56:35',NULL),(33,1,32,5,1,'2020-09-23 02:56:35',NULL),(34,1,34,5,1,'2020-09-23 02:56:35',NULL),(35,1,35,5,1,'2020-09-23 02:56:35',NULL),(36,1,30,5,1,'2020-09-23 02:56:35',NULL),(37,1,36,5,1,'2020-09-23 02:56:36',NULL),(38,1,38,5,1,'2020-09-23 02:56:36',NULL),(39,1,37,5,1,'2020-09-23 02:56:36',NULL),(40,1,41,5,1,'2020-09-23 02:56:36',NULL),(41,1,42,5,1,'2020-09-23 02:56:36',NULL),(42,1,44,5,1,'2020-09-23 02:56:36',NULL),(43,1,43,5,1,'2020-09-23 02:56:36',NULL),(44,1,45,5,1,'2020-09-23 02:56:37',NULL),(45,1,46,5,1,'2020-09-23 02:56:37',NULL),(46,1,47,5,1,'2020-09-23 02:56:37',NULL),(47,1,48,5,1,'2020-09-23 02:56:37',NULL),(48,1,49,5,1,'2020-09-23 02:56:37',NULL),(49,1,52,5,1,'2020-09-23 02:56:37',NULL),(50,1,51,5,1,'2020-09-23 02:56:37',NULL),(51,1,50,5,1,'2020-09-23 02:56:37',NULL),(52,1,53,5,1,'2020-09-23 02:56:38',NULL),(53,1,54,5,1,'2020-09-23 02:56:38',NULL),(54,1,56,3,2,'2020-09-28 21:54:12',NULL),(55,1,55,3,2,'2020-09-28 21:54:12',NULL),(57,1,57,3,2,'2020-09-28 21:54:12',NULL),(58,1,58,3,2,'2020-09-28 21:56:20',NULL),(59,1,59,3,2,'2020-09-28 21:57:29',NULL),(60,1,60,3,2,'2020-09-28 21:57:29',NULL),(62,1,66,3,2,'2020-09-28 21:57:53',NULL),(63,1,63,3,2,'2020-09-28 21:59:24',NULL),(64,1,61,3,2,'2020-09-28 21:59:24',NULL),(65,1,64,3,2,'2020-09-28 21:59:24',NULL),(66,1,62,3,2,'2020-09-28 21:59:24',NULL),(67,1,67,3,2,'2020-09-28 22:01:41',NULL),(68,1,68,3,2,'2020-09-28 22:01:41',NULL),(70,1,65,3,2,'2020-09-28 22:03:29',NULL),(72,1,69,3,2,'2020-09-28 22:04:50',NULL),(76,1,70,3,2,'2020-09-28 22:13:36',NULL),(77,1,71,3,2,'2020-09-28 22:13:36',NULL),(78,1,72,3,2,'2020-09-28 22:13:36',NULL),(83,1,73,3,2,'2020-09-28 22:22:03',NULL),(84,1,74,3,2,'2020-09-28 22:22:03',NULL),(87,1,75,3,2,'2020-09-28 22:25:13',NULL),(90,1,76,3,2,'2020-09-28 22:29:36',NULL),(91,1,77,3,2,'2020-09-28 22:29:36',NULL),(92,1,78,3,2,'2020-09-28 22:29:36',NULL),(93,1,80,3,2,'2020-09-28 22:30:48',NULL),(94,1,79,3,2,'2020-09-28 22:30:49',NULL),(95,1,81,3,2,'2020-09-28 22:30:49',NULL),(96,1,82,3,2,'2020-09-28 22:32:10',NULL),(99,1,83,5,2,'2020-09-28 22:34:20',NULL),(100,1,84,5,2,'2020-09-28 22:34:20',NULL),(103,1,85,5,2,'2020-09-28 22:36:06',NULL),(105,1,86,5,2,'2020-09-28 22:36:46',NULL),(106,1,87,5,2,'2020-09-28 22:37:23',NULL),(107,1,88,5,2,'2020-09-28 22:37:59',NULL),(110,1,90,5,2,'2020-09-28 22:38:49',NULL),(111,1,92,5,2,'2020-09-28 22:38:49',NULL),(112,1,91,5,2,'2020-09-28 22:38:49',NULL),(113,1,94,5,2,'2020-09-28 22:40:45',NULL),(114,1,96,5,2,'2020-09-28 22:40:45',NULL),(116,1,95,5,2,'2020-09-28 22:40:45',NULL),(117,1,89,5,2,'2020-09-28 22:40:45',NULL),(118,1,93,5,2,'2020-09-28 22:51:11',NULL),(119,1,97,5,2,'2020-09-28 22:51:57',NULL),(121,1,98,5,2,'2020-09-28 22:52:59',NULL),(122,1,99,5,2,'2020-09-28 22:53:46',NULL),(123,1,100,5,2,'2020-09-28 22:55:06',NULL),(124,1,101,5,2,'2020-09-28 22:55:22',NULL),(125,1,102,5,2,'2020-09-28 22:56:16',NULL),(127,1,106,5,2,'2020-09-28 22:59:59',NULL),(128,1,104,5,2,'2020-09-28 22:59:59',NULL),(129,1,105,5,2,'2020-09-28 22:59:59',NULL),(130,1,103,5,2,'2020-09-28 22:59:59',NULL),(131,1,107,5,2,'2020-09-28 22:59:59',NULL),(132,1,109,3,3,'2020-09-30 04:16:13',NULL),(133,1,108,3,3,'2020-09-30 04:16:13',NULL),(134,1,110,3,3,'2020-09-30 04:16:44',NULL),(135,1,111,3,3,'2020-09-30 04:16:53',NULL),(136,1,114,3,3,'2020-09-30 04:17:48',NULL),(137,1,112,3,3,'2020-09-30 04:17:48',NULL),(138,1,113,3,3,'2020-09-30 04:17:48',NULL),(139,1,115,3,3,'2020-09-30 04:18:07',NULL),(140,1,116,3,3,'2020-09-30 04:18:07',NULL),(141,1,117,3,3,'2020-09-30 04:18:07',NULL),(142,1,118,3,3,'2020-09-30 04:19:21',NULL),(143,1,120,3,3,'2020-09-30 04:19:21',NULL),(144,1,119,3,3,'2020-09-30 04:19:21',NULL),(156,1,121,3,3,'2020-09-30 04:32:55',NULL),(157,1,122,3,3,'2020-09-30 04:34:45',NULL),(159,1,125,3,3,'2020-09-30 04:35:29',NULL),(160,1,124,3,3,'2020-09-30 04:36:02',NULL),(161,1,123,3,3,'2020-09-30 04:37:03',NULL),(162,1,126,5,3,'2020-09-30 07:32:39',NULL),(163,1,127,5,3,'2020-09-30 07:32:39',NULL),(164,1,128,5,3,'2020-09-30 07:33:17',NULL),(165,1,131,5,3,'2020-09-30 07:33:17',NULL),(166,1,132,5,3,'2020-09-30 07:33:17',NULL),(167,1,130,5,3,'2020-09-30 07:33:17',NULL),(168,1,133,5,3,'2020-09-30 07:33:17',NULL),(169,1,129,5,3,'2020-09-30 07:33:17',NULL),(170,1,135,5,3,'2020-09-30 07:34:21',NULL),(171,1,134,5,3,'2020-09-30 07:34:21',NULL),(172,1,137,5,3,'2020-09-30 07:34:21',NULL),(173,1,138,5,3,'2020-09-30 07:34:21',NULL),(174,1,136,5,3,'2020-09-30 07:34:21',NULL),(175,1,139,5,3,'2020-09-30 07:34:21',NULL),(176,1,140,5,3,'2020-09-30 07:35:03',NULL),(177,1,141,5,3,'2020-09-30 07:35:03',NULL),(178,1,143,5,3,'2020-09-30 07:35:03',NULL),(179,1,142,5,3,'2020-09-30 07:35:03',NULL),(180,1,144,5,3,'2020-09-30 07:49:16',NULL);
/*!40000 ALTER TABLE `grupo_alumnos` ENABLE KEYS */;
UNLOCK TABLES;

--
-- Table structure for table `grupos`
--

DROP TABLE IF EXISTS `grupos`;
/*!40101 SET @saved_cs_client     = @@character_set_client */;
/*!40101 SET character_set_client = utf8 */;
CREATE TABLE `grupos` (
  `id` bigint(20) unsigned NOT NULL AUTO_INCREMENT,
  `nombre` varchar(191) COLLATE utf8mb4_unicode_ci NOT NULL,
  `created_at` timestamp NULL DEFAULT NULL,
  `updated_at` timestamp NULL DEFAULT NULL,
  PRIMARY KEY (`id`),
  UNIQUE KEY `grupos_nombre_unique` (`nombre`)
) ENGINE=InnoDB AUTO_INCREMENT=6 DEFAULT CHARSET=utf8mb4 COLLATE=utf8mb4_unicode_ci;
/*!40101 SET character_set_client = @saved_cs_client */;

--
-- Dumping data for table `grupos`
--

LOCK TABLES `grupos` WRITE;
/*!40000 ALTER TABLE `grupos` DISABLE KEYS */;
INSERT INTO `grupos` VALUES (3,'A','2020-08-08 07:25:02','2020-08-08 19:35:00'),(5,'B','2020-08-08 07:26:24','2020-08-08 19:35:07');
/*!40000 ALTER TABLE `grupos` ENABLE KEYS */;
UNLOCK TABLES;

--
-- Table structure for table `historial_procedencia`
--

DROP TABLE IF EXISTS `historial_procedencia`;
/*!40101 SET @saved_cs_client     = @@character_set_client */;
/*!40101 SET character_set_client = utf8 */;
CREATE TABLE `historial_procedencia` (
  `id` bigint(20) unsigned NOT NULL AUTO_INCREMENT,
  `escuela_procedencia_id` bigint(20) unsigned NOT NULL,
  `folio_certificado` varchar(191) COLLATE utf8mb4_unicode_ci DEFAULT NULL,
  `promedio` double DEFAULT NULL,
  `created_at` timestamp NULL DEFAULT NULL,
  `updated_at` timestamp NULL DEFAULT NULL,
  PRIMARY KEY (`id`),
  KEY `historial_procedencia_escuela_procedencia_id_foreign` (`escuela_procedencia_id`),
  CONSTRAINT `historial_procedencia_escuela_procedencia_id_foreign` FOREIGN KEY (`escuela_procedencia_id`) REFERENCES `escuelas_procedencia` (`id`)
) ENGINE=InnoDB AUTO_INCREMENT=145 DEFAULT CHARSET=utf8mb4 COLLATE=utf8mb4_unicode_ci;
/*!40101 SET character_set_client = @saved_cs_client */;

--
-- Dumping data for table `historial_procedencia`
--

LOCK TABLES `historial_procedencia` WRITE;
/*!40000 ALTER TABLE `historial_procedencia` DISABLE KEYS */;
INSERT INTO `historial_procedencia` VALUES (1,1,NULL,NULL,'2020-07-04 20:54:01','2020-08-09 02:41:09'),(2,1,'0000088',9.4,'2020-07-04 21:18:22','2020-07-04 21:18:22'),(3,1,NULL,NULL,'2020-08-08 08:14:41','2020-08-08 08:16:02'),(4,1,NULL,NULL,'2020-08-08 08:30:27','2020-08-09 02:45:42'),(5,1,NULL,9.1,'2020-08-09 03:37:28','2020-09-10 03:17:45'),(6,2,NULL,8.7,'2020-08-19 04:30:21','2020-09-11 04:51:17'),(7,8,NULL,9.8,'2020-08-19 04:48:48','2020-09-11 04:52:34'),(8,6,NULL,8.7,'2020-08-20 03:27:30','2020-09-11 04:53:54'),(9,8,NULL,9.7,'2020-08-20 03:41:34','2020-09-11 04:54:50'),(10,2,NULL,7.5,'2020-08-20 04:04:28','2020-09-11 04:56:16'),(11,2,NULL,8.8,'2020-08-20 04:16:30','2020-09-11 04:57:17'),(12,2,NULL,8.6,'2020-08-23 06:28:58','2020-09-11 04:58:25'),(13,11,NULL,9.5,'2020-08-23 07:02:29','2020-09-11 04:59:29'),(14,8,NULL,9.5,'2020-08-23 07:18:19','2020-09-11 05:13:28'),(15,9,NULL,9.3,'2020-08-23 07:33:32','2020-09-11 05:14:30'),(16,1,NULL,9.2,'2020-08-23 07:50:04','2020-09-11 05:15:33'),(17,8,NULL,9.3,'2020-08-25 04:41:12','2020-09-11 05:17:07'),(18,2,NULL,9.6,'2020-08-25 05:09:36','2020-09-11 05:18:27'),(19,2,NULL,7.5,'2020-08-25 05:24:46','2020-09-11 05:19:32'),(20,1,NULL,8.6,'2020-08-25 05:47:50','2020-09-11 05:20:37'),(21,2,NULL,9.3,'2020-08-25 06:00:47','2020-09-11 05:21:40'),(22,1,NULL,8.9,'2020-08-25 06:10:54','2020-09-11 05:22:49'),(23,8,NULL,9.9,'2020-08-25 06:26:24','2020-09-11 05:24:11'),(24,1,NULL,9.2,'2020-08-25 06:35:59','2020-09-11 05:25:37'),(25,7,NULL,7.8,'2020-08-25 06:46:42','2020-09-11 05:27:15'),(26,12,NULL,9.3,'2020-08-26 07:16:09','2020-09-11 05:28:12'),(27,2,NULL,9,'2020-08-26 07:37:58','2020-09-11 05:29:41'),(28,7,NULL,9.3,'2020-08-27 01:30:40','2020-09-11 05:31:10'),(29,1,NULL,9.3,'2020-08-27 01:38:47','2020-09-11 05:32:12'),(30,2,NULL,NULL,'2020-08-27 06:19:49','2020-08-27 06:19:49'),(31,13,NULL,9.3,'2020-08-27 06:35:41','2020-08-27 06:35:41'),(32,8,NULL,NULL,'2020-08-27 06:58:18','2020-08-27 06:58:18'),(33,1,NULL,9.4,'2020-08-28 22:48:17','2020-08-28 22:48:17'),(34,6,NULL,NULL,'2020-08-28 23:02:18','2020-08-28 23:02:18'),(35,2,NULL,NULL,'2020-08-28 23:13:07','2020-08-28 23:13:07'),(36,2,NULL,NULL,'2020-08-28 23:37:28','2020-08-28 23:37:28'),(37,1,NULL,NULL,'2020-08-29 00:19:59','2020-08-29 00:21:44'),(38,7,NULL,8.1,'2020-08-29 00:36:42','2020-08-29 00:36:42'),(41,1,NULL,9.3,'2020-09-17 06:16:52','2020-09-17 06:16:52'),(42,1,'4077',8.4,'2020-09-22 02:27:51','2020-09-22 02:27:51'),(43,7,'6530',8.7,'2020-09-22 23:23:44','2020-09-22 23:23:44'),(44,16,'25514',8.8,'2020-09-23 00:07:10','2020-09-23 00:07:10'),(45,1,'4079',9.6,'2020-09-23 00:21:58','2020-09-23 00:23:21'),(46,10,'18265',9.6,'2020-09-23 00:58:23','2020-09-23 00:58:23'),(47,6,'10400',9.3,'2020-09-23 01:13:13','2020-09-23 01:13:13'),(48,13,'18689',9.2,'2020-09-23 01:23:53','2020-09-23 01:23:53'),(49,1,'4081',9.2,'2020-09-23 01:50:51','2020-09-23 01:50:51'),(50,17,NULL,NULL,'2020-09-23 02:08:54','2020-09-23 02:08:54'),(51,7,'6533',8.1,'2020-09-23 02:17:31','2020-09-23 02:17:31'),(52,1,'4085',9.1,'2020-09-23 02:26:07','2020-09-23 02:26:07'),(53,8,'18391',9.7,'2020-09-23 02:37:59','2020-09-23 02:37:59'),(54,1,'4087',8.4,'2020-09-23 02:47:05','2020-09-23 02:47:05'),(55,2,'158532f',10,'2020-09-24 03:22:55','2020-09-24 22:01:07'),(56,2,'29982',9.6,'2020-09-25 02:24:58','2020-09-25 02:24:58'),(57,6,'5053',9.4,'2020-09-25 02:35:53','2020-09-25 02:35:53'),(58,1,'21964',8.7,'2020-09-25 02:46:15','2020-09-25 02:46:15'),(59,7,'20087',9,'2020-09-25 02:54:51','2020-09-25 02:54:51'),(60,18,'488bed30',9.4,'2020-09-26 18:35:57','2020-09-26 20:04:05'),(61,7,'20119',7.6,'2020-09-26 18:55:16','2020-09-26 20:05:36'),(62,2,'29968',9.5,'2020-09-26 19:21:53','2020-09-26 20:06:40'),(63,1,'21967',9.5,'2020-09-26 19:37:17','2020-09-26 20:07:36'),(64,7,'20120',9.5,'2020-09-26 19:47:59','2020-09-26 20:08:34'),(65,7,'20121',9.3,'2020-09-26 20:01:20','2020-09-26 20:01:20'),(66,2,'29992',8.6,'2020-09-26 20:20:32','2020-09-26 20:20:32'),(67,8,'302',9.3,'2020-09-27 15:07:27','2020-09-27 15:07:27'),(68,4,'26351',8.8,'2020-09-27 15:46:16','2020-09-27 15:46:16'),(69,7,'20096',9,'2020-09-27 16:06:47','2020-09-27 16:06:47'),(70,1,'fdf98cac',9.4,'2020-09-27 16:21:46','2020-09-27 16:21:46'),(71,2,'30000',8.7,'2020-09-27 16:56:21','2020-09-27 16:56:21'),(72,7,'20100',8.3,'2020-09-27 17:05:51','2020-09-27 17:05:51'),(73,13,'32148',9.4,'2020-09-27 19:40:05','2020-09-27 19:40:05'),(74,1,'21970',9.6,'2020-09-27 19:51:39','2020-09-27 19:51:39'),(75,8,'311',9.4,'2020-09-27 20:05:52','2020-09-27 20:05:52'),(76,4,'26358',9.6,'2020-09-27 20:15:41','2020-09-27 20:15:41'),(77,2,'29976',9.1,'2020-09-27 20:24:55','2020-09-27 20:24:55'),(78,19,'1d7b112e-0528',9.1,'2020-09-27 20:44:53','2020-09-27 20:44:53'),(79,2,'30007',9.6,'2020-09-27 20:54:13','2020-09-27 21:46:40'),(80,9,'8913',7.9,'2020-09-27 21:21:57','2020-09-27 21:21:57'),(81,2,'30008',9.4,'2020-09-27 21:34:35','2020-09-27 21:34:35'),(82,10,'19069',9.6,'2020-09-27 21:45:33','2020-09-27 21:45:33'),(83,4,'26333',9.4,'2020-09-27 22:06:34','2020-09-27 22:06:34'),(84,7,'20110',8.5,'2020-09-27 22:15:52','2020-09-27 22:15:52'),(85,2,'4bb11328',8.6,'2020-09-27 22:28:15','2020-09-27 22:28:15'),(86,6,'5033',9,'2020-09-27 22:39:09','2020-09-27 22:39:09'),(87,2,'29987',7.6,'2020-09-27 22:53:57','2020-09-27 22:53:57'),(88,4,'26341',9,'2020-09-27 23:16:01','2020-09-27 23:16:01'),(89,9,'fd7ela42',7.3,'2020-09-27 23:27:58','2020-09-27 23:27:58'),(90,1,'21965',9.4,'2020-09-28 00:18:36','2020-09-28 00:18:36'),(91,2,'29963',7.7,'2020-09-28 00:29:20','2020-09-28 00:29:20'),(92,7,'20114',7.3,'2020-09-28 00:41:13','2020-09-28 00:41:13'),(93,4,'26346',8.8,'2020-09-28 16:40:14','2020-09-28 16:40:14'),(94,20,'30053',8.9,'2020-09-28 16:56:04','2020-09-28 16:56:04'),(95,1,'21966',9.2,'2020-09-28 17:17:05','2020-09-28 17:17:05'),(96,11,'34734',9.1,'2020-09-28 17:30:53','2020-09-28 17:30:53'),(97,7,'20094',9.6,'2020-09-28 17:43:18','2020-09-28 17:43:18'),(98,2,'88b0b63',7.6,'2020-09-28 17:55:09','2020-09-28 17:55:09'),(99,2,'29972',8.9,'2020-09-28 18:03:52','2020-09-28 18:03:52'),(100,6,'5044',8.4,'2020-09-28 18:19:20','2020-09-28 18:19:20'),(101,2,'29973',9.3,'2020-09-28 18:29:09','2020-09-28 18:32:37'),(102,7,'20102',9.2,'2020-09-28 18:47:05','2020-09-28 18:47:05'),(103,2,'30002',9.4,'2020-09-28 18:57:52','2020-09-28 19:01:39'),(104,2,'30003',9.4,'2020-09-28 19:13:46','2020-09-28 19:13:46'),(105,2,'30005',9.3,'2020-09-28 19:22:30','2020-09-28 19:22:30'),(106,8,'285',9.8,'2020-09-28 21:36:58','2020-09-28 21:36:58'),(107,9,'8942',8.7,'2020-09-28 21:50:41','2020-09-28 21:50:41'),(108,7,'31579',9.6,'2020-09-29 01:44:49','2020-09-29 01:44:49'),(109,2,'043',8.4,'2020-09-29 01:53:24','2020-09-29 01:53:24'),(110,1,'721',9,'2020-09-29 02:02:04','2020-09-29 02:02:04'),(111,2,'046',8.7,'2020-09-29 02:12:47','2020-09-29 02:12:47'),(112,5,'530',9.5,'2020-09-29 02:22:26','2020-09-29 02:22:26'),(113,21,'908',9.1,'2020-09-29 20:30:13','2020-09-29 20:30:13'),(114,1,'ce31180002722',9.3,'2020-09-30 00:43:21','2020-09-30 00:43:21'),(115,22,'CE31180002492',9.2,'2020-09-30 00:56:14','2020-09-30 00:56:14'),(116,7,'ce31180030642',8.4,'2020-09-30 01:05:31','2020-09-30 01:05:31'),(117,9,'CE31180022925',8.1,'2020-09-30 01:15:39','2020-09-30 01:15:39'),(118,7,'CE31180030643',8.7,'2020-09-30 01:42:22','2020-09-30 01:42:22'),(119,6,'CE31180032900',7.1,'2020-09-30 01:50:04','2020-09-30 01:50:04'),(120,7,'CE31180030648',9,'2020-09-30 02:01:27','2020-09-30 02:01:27'),(121,2,'CE31180033061',8,'2020-09-30 03:19:05','2020-09-30 03:19:05'),(122,6,'CE31170006515',7.5,'2020-09-30 03:38:52','2020-09-30 03:38:52'),(123,2,'CE31180033084',8.8,'2020-09-30 03:49:10','2020-09-30 03:49:10'),(124,1,'CE3118002726',8.1,'2020-09-30 04:00:33','2020-09-30 04:00:33'),(125,7,'CE31180030625',8.4,'2020-09-30 04:08:06','2020-09-30 04:08:06'),(126,13,'CE31180031443',8.6,'2020-09-30 04:46:38','2020-09-30 04:46:38'),(127,7,'CE31180031580',9.6,'2020-09-30 04:55:28','2020-09-30 04:55:28'),(128,9,'CE31180022938',8.9,'2020-09-30 05:03:37','2020-09-30 05:03:37'),(129,9,'CE31180022941',9.3,'2020-09-30 05:19:07','2020-09-30 05:19:07'),(130,6,'CE31180032887',8.5,'2020-09-30 05:28:07','2020-09-30 05:28:07'),(131,7,'CE31180030612',9.3,'2020-09-30 05:36:46','2020-09-30 05:36:46'),(132,6,'CE31180032892',7.7,'2020-09-30 05:43:14','2020-09-30 05:43:14'),(133,2,'CE31180033070',7.4,'2020-09-30 05:49:51','2020-09-30 05:49:51'),(134,7,'CE31180031578',8.4,'2020-09-30 05:57:36','2020-09-30 05:57:36'),(135,2,'CE31180033054',8.6,'2020-09-30 06:07:00','2020-09-30 06:07:00'),(136,7,'CE31180030644',8.8,'2020-09-30 06:14:24','2020-09-30 06:14:24'),(137,7,'CE31180030646',9.3,'2020-09-30 06:23:14','2020-09-30 06:23:14'),(138,23,'CE31180031465',8.9,'2020-09-30 06:37:21','2020-09-30 06:37:21'),(139,2,'CE31180033058',7.1,'2020-09-30 06:45:50','2020-09-30 06:45:50'),(140,2,'CE31180033078',7.8,'2020-09-30 06:53:25','2020-09-30 06:53:25'),(141,2,'CE31180033082',7.6,'2020-09-30 07:01:40','2020-09-30 07:01:40'),(142,1,'CE31180002728',9.4,'2020-09-30 07:21:08','2020-09-30 07:21:08'),(143,6,'CE310029',7.9,'2020-09-30 07:30:46','2020-09-30 07:30:46'),(144,19,NULL,NULL,'2020-09-30 07:48:35','2020-09-30 07:48:35');
/*!40000 ALTER TABLE `historial_procedencia` ENABLE KEYS */;
UNLOCK TABLES;

--
-- Table structure for table `instituciones`
--

DROP TABLE IF EXISTS `instituciones`;
/*!40101 SET @saved_cs_client     = @@character_set_client */;
/*!40101 SET character_set_client = utf8 */;
CREATE TABLE `instituciones` (
  `id` bigint(20) unsigned NOT NULL AUTO_INCREMENT,
  `nombre` varchar(191) COLLATE utf8mb4_unicode_ci NOT NULL,
  `direccion` varchar(191) COLLATE utf8mb4_unicode_ci NOT NULL,
  `clave` varchar(191) COLLATE utf8mb4_unicode_ci NOT NULL,
  `email` varchar(191) COLLATE utf8mb4_unicode_ci NOT NULL,
  `created_at` timestamp NULL DEFAULT NULL,
  `updated_at` timestamp NULL DEFAULT NULL,
  PRIMARY KEY (`id`),
  UNIQUE KEY `instituciones_clave_unique` (`clave`),
  UNIQUE KEY `instituciones_email_unique` (`email`)
) ENGINE=InnoDB AUTO_INCREMENT=2 DEFAULT CHARSET=utf8mb4 COLLATE=utf8mb4_unicode_ci;
/*!40101 SET character_set_client = @saved_cs_client */;

--
-- Dumping data for table `instituciones`
--

LOCK TABLES `instituciones` WRITE;
/*!40000 ALTER TABLE `instituciones` DISABLE KEYS */;
INSERT INTO `instituciones` VALUES (1,'FRAY DIEGO DE LANDA','C. 23 No. 206-D x 30 y 32 HUNUCMÁ, YUCATÁN','31PES0079A','fray_diego64@hotmail.com','2020-07-01 19:51:13','2020-07-01 19:51:13');
/*!40000 ALTER TABLE `instituciones` ENABLE KEYS */;
UNLOCK TABLES;

--
-- Table structure for table `mapa_curricular`
--

DROP TABLE IF EXISTS `mapa_curricular`;
/*!40101 SET @saved_cs_client     = @@character_set_client */;
/*!40101 SET character_set_client = utf8 */;
CREATE TABLE `mapa_curricular` (
  `id` bigint(20) unsigned NOT NULL AUTO_INCREMENT,
  `asignatura_id` bigint(20) unsigned NOT NULL,
  `grado_id` bigint(20) unsigned NOT NULL,
  `ciclo_escolar_id` bigint(20) unsigned NOT NULL,
  `created_at` timestamp NULL DEFAULT NULL,
  `updated_at` timestamp NULL DEFAULT NULL,
  PRIMARY KEY (`id`),
  KEY `mapa_curricular_asignatura_id_foreign` (`asignatura_id`),
  KEY `mapa_curricular_grado_id_foreign` (`grado_id`),
  KEY `mapa_curricular_ciclo_escolar_id_foreign` (`ciclo_escolar_id`),
  CONSTRAINT `mapa_curricular_asignatura_id_foreign` FOREIGN KEY (`asignatura_id`) REFERENCES `asignaturas` (`id`),
  CONSTRAINT `mapa_curricular_ciclo_escolar_id_foreign` FOREIGN KEY (`ciclo_escolar_id`) REFERENCES `ciclo_escolar` (`id`),
  CONSTRAINT `mapa_curricular_grado_id_foreign` FOREIGN KEY (`grado_id`) REFERENCES `grados` (`id`)
) ENGINE=InnoDB AUTO_INCREMENT=41 DEFAULT CHARSET=utf8mb4 COLLATE=utf8mb4_unicode_ci;
/*!40101 SET character_set_client = @saved_cs_client */;

--
-- Dumping data for table `mapa_curricular`
--

LOCK TABLES `mapa_curricular` WRITE;
/*!40000 ALTER TABLE `mapa_curricular` DISABLE KEYS */;
INSERT INTO `mapa_curricular` VALUES (1,1,1,1,'2020-08-08 07:35:26',NULL),(2,2,1,1,'2020-08-08 07:35:43',NULL),(3,3,1,1,'2020-08-08 07:35:57',NULL),(4,4,1,1,'2020-08-08 07:36:16',NULL),(6,5,1,1,'2020-08-08 07:37:16',NULL),(7,6,1,1,'2020-08-08 07:37:41',NULL),(8,7,1,1,'2020-08-08 07:38:00',NULL),(9,8,1,1,'2020-08-08 07:38:21',NULL),(10,9,1,1,'2020-08-08 07:38:37',NULL),(11,10,1,1,'2020-08-08 07:38:51',NULL),(12,11,1,1,'2020-08-08 07:39:21',NULL),(13,12,1,1,'2020-08-08 07:39:34',NULL),(14,1,2,1,'2020-08-08 07:39:53',NULL),(15,2,2,1,'2020-08-08 07:40:07',NULL),(16,3,2,1,'2020-08-08 07:40:23',NULL),(17,4,2,1,'2020-08-08 07:40:57',NULL),(18,6,2,1,'2020-08-08 07:41:29',NULL),(19,7,2,1,'2020-08-08 07:41:42',NULL),(20,8,2,1,'2020-08-08 07:41:59',NULL),(21,9,2,1,'2020-08-08 07:42:38',NULL),(22,10,2,1,'2020-08-08 07:43:02',NULL),(23,11,2,1,'2020-08-08 07:43:20',NULL),(24,12,2,1,'2020-08-08 07:43:36',NULL),(25,1,3,1,'2020-08-08 07:44:10',NULL),(26,2,3,1,'2020-08-08 07:44:35',NULL),(27,3,3,1,'2020-08-08 07:49:33',NULL),(28,4,3,1,'2020-08-08 07:49:52',NULL),(29,6,3,1,'2020-08-08 07:50:15',NULL),(30,7,3,1,'2020-08-08 07:50:34',NULL),(31,8,3,1,'2020-08-08 07:50:54',NULL),(34,9,3,1,'2020-08-08 07:53:55',NULL),(35,10,3,1,'2020-08-08 07:54:32',NULL),(36,11,3,1,'2020-08-08 07:54:55',NULL),(37,12,3,1,'2020-08-08 07:55:16',NULL),(38,13,1,1,'2020-09-24 00:33:30',NULL),(39,13,2,1,'2020-09-24 00:33:48',NULL),(40,13,3,1,'2020-09-24 00:34:16',NULL);
/*!40000 ALTER TABLE `mapa_curricular` ENABLE KEYS */;
UNLOCK TABLES;

--
-- Table structure for table `migrations`
--

DROP TABLE IF EXISTS `migrations`;
/*!40101 SET @saved_cs_client     = @@character_set_client */;
/*!40101 SET character_set_client = utf8 */;
CREATE TABLE `migrations` (
  `id` int(10) unsigned NOT NULL AUTO_INCREMENT,
  `migration` varchar(191) COLLATE utf8mb4_unicode_ci NOT NULL,
  `batch` int(11) NOT NULL,
  PRIMARY KEY (`id`)
) ENGINE=InnoDB AUTO_INCREMENT=28 DEFAULT CHARSET=utf8mb4 COLLATE=utf8mb4_unicode_ci;
/*!40101 SET character_set_client = @saved_cs_client */;

--
-- Dumping data for table `migrations`
--

LOCK TABLES `migrations` WRITE;
/*!40000 ALTER TABLE `migrations` DISABLE KEYS */;
INSERT INTO `migrations` VALUES (1,'2014_09_12_000000_create_permission_tables',1),(2,'2014_10_12_000000_create_users_table',1),(3,'2014_10_12_100000_create_password_resets_table',1),(4,'2019_08_19_000000_create_failed_jobs_table',1),(5,'2020_05_10_035908_create_puestos_table',1),(6,'2020_05_10_036123_create_instituciones_table',1),(7,'2020_05_10_045334_create_estado_personal_table',1),(8,'2020_05_10_045335_create_personal_table',1),(9,'2020_05_13_041656_create_grados_table',1),(10,'2020_05_13_041738_create_grupos_table',1),(11,'2020_05_13_041838_create_asignaturas_table',1),(12,'2020_05_13_212126_create_estado_ciclo_escolar_table',1),(13,'2020_05_13_225109_create_ciclo_escolar_table',1),(14,'2020_05_13_225424_create_mapa_curricular_table',1),(15,'2020_05_13_225546_create_clases_table',1),(16,'2020_05_13_225925_create_periodos_table',1),(17,'2020_05_13_231537_create_grado_estudios_table',1),(18,'2020_05_13_231637_create_tutor_alumno_table',1),(19,'2020_05_13_232112_create_escuelas_procedencia_table',1),(20,'2020_05_13_232215_create_historial_procedencia_table',1),(21,'2020_05_13_232358_create_documentos_alumno_table',1),(22,'2020_05_13_232445_create_status_alumno_table',1),(23,'2020_05_13_232513_create_alumnos_table',1),(24,'2020_05_13_234250_create_calificaciones_periodo_table',1),(25,'2020_06_13_130630_grupo_alumnos',1),(26,'2020_05_10_045333_create_documentos_personal_table',1),(27,'2020_09_24_100148_restriccionperiodo',2);
/*!40000 ALTER TABLE `migrations` ENABLE KEYS */;
UNLOCK TABLES;

--
-- Table structure for table `model_has_permissions`
--

DROP TABLE IF EXISTS `model_has_permissions`;
/*!40101 SET @saved_cs_client     = @@character_set_client */;
/*!40101 SET character_set_client = utf8 */;
CREATE TABLE `model_has_permissions` (
  `permission_id` bigint(20) unsigned NOT NULL,
  `model_type` varchar(191) COLLATE utf8mb4_unicode_ci NOT NULL,
  `model_id` bigint(20) unsigned NOT NULL,
  PRIMARY KEY (`permission_id`,`model_id`,`model_type`),
  KEY `model_has_permissions_model_id_model_type_index` (`model_id`,`model_type`),
  CONSTRAINT `model_has_permissions_permission_id_foreign` FOREIGN KEY (`permission_id`) REFERENCES `permissions` (`id`) ON DELETE CASCADE
) ENGINE=InnoDB DEFAULT CHARSET=utf8mb4 COLLATE=utf8mb4_unicode_ci;
/*!40101 SET character_set_client = @saved_cs_client */;

--
-- Dumping data for table `model_has_permissions`
--

LOCK TABLES `model_has_permissions` WRITE;
/*!40000 ALTER TABLE `model_has_permissions` DISABLE KEYS */;
/*!40000 ALTER TABLE `model_has_permissions` ENABLE KEYS */;
UNLOCK TABLES;

--
-- Table structure for table `model_has_roles`
--

DROP TABLE IF EXISTS `model_has_roles`;
/*!40101 SET @saved_cs_client     = @@character_set_client */;
/*!40101 SET character_set_client = utf8 */;
CREATE TABLE `model_has_roles` (
  `role_id` bigint(20) unsigned NOT NULL,
  `model_type` varchar(191) COLLATE utf8mb4_unicode_ci NOT NULL,
  `model_id` bigint(20) unsigned NOT NULL,
  PRIMARY KEY (`role_id`,`model_id`,`model_type`),
  KEY `model_has_roles_model_id_model_type_index` (`model_id`,`model_type`),
  CONSTRAINT `model_has_roles_role_id_foreign` FOREIGN KEY (`role_id`) REFERENCES `roles` (`id`) ON DELETE CASCADE
) ENGINE=InnoDB DEFAULT CHARSET=utf8mb4 COLLATE=utf8mb4_unicode_ci;
/*!40101 SET character_set_client = @saved_cs_client */;

--
-- Dumping data for table `model_has_roles`
--

LOCK TABLES `model_has_roles` WRITE;
/*!40000 ALTER TABLE `model_has_roles` DISABLE KEYS */;
INSERT INTO `model_has_roles` VALUES (2,'App\\User',1),(4,'App\\User',2),(4,'App\\User',3),(4,'App\\User',4),(4,'App\\User',5),(4,'App\\User',6),(4,'App\\User',7),(4,'App\\User',8),(4,'App\\User',9),(4,'App\\User',10),(4,'App\\User',11),(4,'App\\User',12),(4,'App\\User',13),(4,'App\\User',14),(4,'App\\User',15),(4,'App\\User',16),(4,'App\\User',17),(5,'App\\User',18),(5,'App\\User',19),(2,'App\\User',20),(5,'App\\User',21),(5,'App\\User',24),(5,'App\\User',25),(4,'App\\User',26),(4,'App\\User',27);
/*!40000 ALTER TABLE `model_has_roles` ENABLE KEYS */;
UNLOCK TABLES;

--
-- Table structure for table `password_resets`
--

DROP TABLE IF EXISTS `password_resets`;
/*!40101 SET @saved_cs_client     = @@character_set_client */;
/*!40101 SET character_set_client = utf8 */;
CREATE TABLE `password_resets` (
  `email` varchar(191) COLLATE utf8mb4_unicode_ci NOT NULL,
  `token` varchar(191) COLLATE utf8mb4_unicode_ci NOT NULL,
  `created_at` timestamp NULL DEFAULT NULL,
  KEY `password_resets_email_index` (`email`)
) ENGINE=InnoDB DEFAULT CHARSET=utf8mb4 COLLATE=utf8mb4_unicode_ci;
/*!40101 SET character_set_client = @saved_cs_client */;

--
-- Dumping data for table `password_resets`
--

LOCK TABLES `password_resets` WRITE;
/*!40000 ALTER TABLE `password_resets` DISABLE KEYS */;
/*!40000 ALTER TABLE `password_resets` ENABLE KEYS */;
UNLOCK TABLES;

--
-- Table structure for table `periodos`
--

DROP TABLE IF EXISTS `periodos`;
/*!40101 SET @saved_cs_client     = @@character_set_client */;
/*!40101 SET character_set_client = utf8 */;
CREATE TABLE `periodos` (
  `id` bigint(20) unsigned NOT NULL AUTO_INCREMENT,
  `nombre` varchar(191) COLLATE utf8mb4_unicode_ci NOT NULL,
  `fecha_inicio` date NOT NULL,
  `fecha_fin` date NOT NULL,
  `ciclo_escolar_id` bigint(20) unsigned NOT NULL,
  `created_at` timestamp NULL DEFAULT NULL,
  `updated_at` timestamp NULL DEFAULT NULL,
  PRIMARY KEY (`id`),
  KEY `periodos_ciclo_escolar_id_foreign` (`ciclo_escolar_id`),
  CONSTRAINT `periodos_ciclo_escolar_id_foreign` FOREIGN KEY (`ciclo_escolar_id`) REFERENCES `ciclo_escolar` (`id`)
) ENGINE=InnoDB AUTO_INCREMENT=5 DEFAULT CHARSET=utf8mb4 COLLATE=utf8mb4_unicode_ci;
/*!40101 SET character_set_client = @saved_cs_client */;

--
-- Dumping data for table `periodos`
--

LOCK TABLES `periodos` WRITE;
/*!40000 ALTER TABLE `periodos` DISABLE KEYS */;
INSERT INTO `periodos` VALUES (2,'MOMENTO 1. 1er. TRIMESTRE','2020-10-05','2020-10-13',1,'2020-09-30 22:57:57',NULL),(3,'2do. TRIMESTRE','2021-02-02','2021-02-09',1,'2020-10-29 00:14:27',NULL),(4,'3er. TRIMESTRE','2021-04-13','2021-06-24',1,'2020-10-29 00:22:32',NULL);
/*!40000 ALTER TABLE `periodos` ENABLE KEYS */;
UNLOCK TABLES;

--
-- Table structure for table `permissions`
--

DROP TABLE IF EXISTS `permissions`;
/*!40101 SET @saved_cs_client     = @@character_set_client */;
/*!40101 SET character_set_client = utf8 */;
CREATE TABLE `permissions` (
  `id` bigint(20) unsigned NOT NULL AUTO_INCREMENT,
  `name` varchar(191) COLLATE utf8mb4_unicode_ci NOT NULL,
  `guard_name` varchar(191) COLLATE utf8mb4_unicode_ci NOT NULL,
  `created_at` timestamp NULL DEFAULT NULL,
  `updated_at` timestamp NULL DEFAULT NULL,
  PRIMARY KEY (`id`)
) ENGINE=InnoDB AUTO_INCREMENT=21 DEFAULT CHARSET=utf8mb4 COLLATE=utf8mb4_unicode_ci;
/*!40101 SET character_set_client = @saved_cs_client */;

--
-- Dumping data for table `permissions`
--

LOCK TABLES `permissions` WRITE;
/*!40000 ALTER TABLE `permissions` DISABLE KEYS */;
INSERT INTO `permissions` VALUES (1,'create user','web','2020-07-01 19:51:10','2020-07-01 19:51:10'),(2,'read user','web','2020-07-01 19:51:10','2020-07-01 19:51:10'),(3,'update user','web','2020-07-01 19:51:10','2020-07-01 19:51:10'),(4,'delete user','web','2020-07-01 19:51:11','2020-07-01 19:51:11'),(5,'create role','web','2020-07-01 19:51:11','2020-07-01 19:51:11'),(6,'read role','web','2020-07-01 19:51:11','2020-07-01 19:51:11'),(7,'update role','web','2020-07-01 19:51:11','2020-07-01 19:51:11'),(8,'delete role','web','2020-07-01 19:51:11','2020-07-01 19:51:11'),(9,'create permission','web','2020-07-01 19:51:11','2020-07-01 19:51:11'),(10,'read permission','web','2020-07-01 19:51:11','2020-07-01 19:51:11'),(11,'update permission','web','2020-07-01 19:51:11','2020-07-01 19:51:11'),(12,'delete permission','web','2020-07-01 19:51:11','2020-07-01 19:51:11'),(13,'create personal','web','2020-07-01 19:51:11','2020-07-01 19:51:11'),(14,'read personal','web','2020-07-01 19:51:11','2020-07-01 19:51:11'),(15,'update personal','web','2020-07-01 19:51:11','2020-07-01 19:51:11'),(16,'delete personal','web','2020-07-01 19:51:11','2020-07-01 19:51:11'),(17,'create cicloescolar','web','2020-07-01 19:51:11','2020-07-01 19:51:11'),(18,'read cicloescolar','web','2020-07-01 19:51:11','2020-07-01 19:51:11'),(19,'update cicloescolar','web','2020-07-01 19:51:12','2020-07-01 19:51:12'),(20,'delete cicloescolar','web','2020-07-01 19:51:12','2020-07-01 19:51:12');
/*!40000 ALTER TABLE `permissions` ENABLE KEYS */;
UNLOCK TABLES;

--
-- Table structure for table `personal`
--

DROP TABLE IF EXISTS `personal`;
/*!40101 SET @saved_cs_client     = @@character_set_client */;
/*!40101 SET character_set_client = utf8 */;
CREATE TABLE `personal` (
  `id` bigint(20) unsigned NOT NULL AUTO_INCREMENT,
  `nombres` varchar(191) COLLATE utf8mb4_unicode_ci NOT NULL,
  `apellidos` varchar(191) COLLATE utf8mb4_unicode_ci NOT NULL,
  `telefono` varchar(191) COLLATE utf8mb4_unicode_ci DEFAULT NULL,
  `foto` varchar(191) COLLATE utf8mb4_unicode_ci DEFAULT NULL,
  `RFC` varchar(191) COLLATE utf8mb4_unicode_ci NOT NULL,
  `CURP` varchar(191) COLLATE utf8mb4_unicode_ci DEFAULT NULL,
  `certificado` varchar(191) COLLATE utf8mb4_unicode_ci DEFAULT NULL,
  `direccion` varchar(191) COLLATE utf8mb4_unicode_ci DEFAULT NULL,
  `licenciatura` varchar(191) COLLATE utf8mb4_unicode_ci NOT NULL,
  `formacion` varchar(191) COLLATE utf8mb4_unicode_ci DEFAULT NULL,
  `observaciones` varchar(191) COLLATE utf8mb4_unicode_ci DEFAULT NULL,
  `puesto_id` bigint(20) unsigned NOT NULL,
  `usuario_id` bigint(20) unsigned NOT NULL,
  `institucion_id` bigint(20) unsigned NOT NULL,
  `status_id` bigint(20) unsigned NOT NULL,
  `documentos_personal_id` bigint(20) unsigned NOT NULL,
  `created_at` timestamp NULL DEFAULT NULL,
  `updated_at` timestamp NULL DEFAULT NULL,
  PRIMARY KEY (`id`),
  UNIQUE KEY `personal_rfc_unique` (`RFC`),
  KEY `personal_puesto_id_foreign` (`puesto_id`),
  KEY `personal_usuario_id_foreign` (`usuario_id`),
  KEY `personal_institucion_id_foreign` (`institucion_id`),
  KEY `personal_status_id_foreign` (`status_id`),
  KEY `personal_documentos_personal_id_foreign` (`documentos_personal_id`),
  CONSTRAINT `personal_documentos_personal_id_foreign` FOREIGN KEY (`documentos_personal_id`) REFERENCES `documentos_personal` (`id`),
  CONSTRAINT `personal_institucion_id_foreign` FOREIGN KEY (`institucion_id`) REFERENCES `instituciones` (`id`),
  CONSTRAINT `personal_puesto_id_foreign` FOREIGN KEY (`puesto_id`) REFERENCES `puestos` (`id`),
  CONSTRAINT `personal_status_id_foreign` FOREIGN KEY (`status_id`) REFERENCES `estado_personal` (`id`),
  CONSTRAINT `personal_usuario_id_foreign` FOREIGN KEY (`usuario_id`) REFERENCES `users` (`id`)
) ENGINE=InnoDB AUTO_INCREMENT=26 DEFAULT CHARSET=utf8mb4 COLLATE=utf8mb4_unicode_ci;
/*!40101 SET character_set_client = @saved_cs_client */;

--
-- Dumping data for table `personal`
--

LOCK TABLES `personal` WRITE;
/*!40000 ALTER TABLE `personal` DISABLE KEYS */;
INSERT INTO `personal` VALUES (1,'JUAN JOSE','MARTINEZ LEYVA','9995539099',NULL,'MALJ550526','MALJ550526','NO','C.117B DIAGONAL 905 X 106A Y 106C COL.CIUDAD CAUCEL II LOS ALMENDROS    MERIDA,YUCATAN','EDUCACION MEDIA EN EL AREA DE CIENCIAS SOCIALES',NULL,'NORMAL SUPERIOR DE MEXICO D.F.',1,2,1,1,1,'2020-07-04 10:55:59','2020-10-28 01:01:01'),(2,'LOREMI BEATRIZ','MENDEZ EK','9994952729',NULL,'MEEL920905',NULL,NULL,'C.22 #207H  X 35 Y 37 COL. SAN VICENTE, HUNUCMA,YUC.','EDUCACION EN SECUNDARIA CON ESPECIALIDAD EN ESPAÑOL',NULL,'NORMAL SUPERIOR DE YUCATAN',3,3,1,1,2,'2020-07-04 11:23:41','2020-10-29 01:39:58'),(3,'MONICA ARACELLY','PERAZA CANUL','9889678444',NULL,'PECM810520',NULL,NULL,'C.28 #173C X 17 Y 19 COL. SAN JUAN   HUNUCMA,YUC','EDUCACION EN SECUNDARIA CON ESPECIALIDAD EN MATEMATICAS',NULL,'NORMAL SUPERIOR DE YUCATAN',3,4,1,1,3,'2020-07-04 11:47:14','2020-08-01 06:34:15'),(4,'ANGELES MARGARITA','BALAM  KOYOC','9991592453',NULL,'BXKA930802',NULL,NULL,'C.18 #206 X 31 COL.BALTAZAR CEBALLOS   HUNUCMA,YUC.','EDUCACION SECUNDARIA CON ESPECIALIDAD EN MATEMATICAS',NULL,'NORMAL SUPERIOR DE YUCATAN',3,5,1,1,4,'2020-07-23 19:50:08','2020-10-27 17:31:06'),(5,'DIANEY CONCEPCION','HUH HUH','9994188986',NULL,'HUHD891206',NULL,NULL,'C.21 S/N  X 36 Y 38  COL. SANTO DOMINGO   HUNUCMA, YUC.','ENSEÑANZA DEL IDIOMA INGLES',NULL,'FACULTAD DE EDUCACION, UNIVERSIDAD AUTONOMA DE YUCATAN',3,6,1,1,5,'2020-07-24 05:57:17','2020-11-24 18:09:52'),(6,'SERGIO  ALFONSO','TZAB  COB','9994966743',NULL,'TACS730919',NULL,NULL,'C.33 #166 X 22 Y 24 COL. BALTAZAR CEBALLOS   HUNUCMA, YUCATAN','EDUCACION MEDIA EN EL AREA DE LENGUA EXTRANJERA (INGLES)',NULL,'NORMAL SUPERIOR DE YUCATAN  - MAESTRIA EN ESPAÑOL',3,7,1,1,6,'2020-08-01 05:28:01','2020-10-27 23:04:14'),(7,'CANDELARIA DEL ROSARIO','CHAN  DIAZ','9999920629',NULL,'CADC910202',NULL,NULL,'C.40 #188A X 27 Y 29 COL. LAZARO CARDENAS   HUNUCMA,YUCATAN','BIOLOGIA',NULL,'INSTITUTO TECNOLOGICO DE CONKAL       MAESTRIA EN CIENCIAS EN PRODUCCION PECUARIA TROPICAL',3,8,1,1,7,'2020-08-01 05:44:10','2020-08-01 05:44:10'),(8,'SALETT ARACELY','PAT MARTIN','9992451000',NULL,'PAMS890531',NULL,NULL,'C.19 #201A X 30 Y 32  CENTRO   HUNUCMA, YUCATAN','EDUCACION SECUNDARIA CON ESPECIALIDAD EN MATEMATICAS',NULL,'NORMAL SUPERIOR DE YUCATAN     MAESTRIA EN MATEMATICAS',3,9,1,1,8,'2020-08-01 06:02:00','2020-08-01 06:02:00'),(9,'MANUEL  JESUS','LEON  CHAN','9992095132',NULL,'LECM831226',NULL,NULL,'C.26A #194  X  19 Y 21 COL. SAN JUAN  HUNUCMA,YUCATAN','EDUCACION SECUNDARIA CON ESPECIALIDAD EN GEOGRAFIA',NULL,'NORMAL SUPERIOR DE YUCATAN',3,10,1,1,9,'2020-08-01 06:51:46','2020-10-28 20:30:26'),(10,'JUAN ANTONIO','RODRIGUEZ MENDEZ','9889664577',NULL,'ROMJ850327H64',NULL,NULL,'C.40  #205B  X 31 Y 33  COL. SANTIAGO    HUNUCMA,YUC','EDUCACION SECUNDARIA CON ESPECIALIDAD EN HISTORIA',NULL,'NORMAL SUPERIOR DE YUCATAN',3,11,1,1,10,'2020-08-01 07:22:10','2020-10-28 20:48:54'),(11,'YANISLE YOSELIN','PEÑA  PUERTO','9996461016',NULL,'PEPY900924',NULL,NULL,'C.34 S/N  X 15 Y 17  COL. SANTO DOMINGO   HUNUCMA,YUCATAN','CIENCIAS DE LA EDUCACION',NULL,'INSTITUTO DE ESTUDIOS SUPERIORES MERIDA',3,12,1,1,11,'2020-08-01 07:35:55','2020-08-01 07:35:55'),(12,'AMADO  EUTIQUIO','NOH  UC','9991942356',NULL,'NOUA791104',NULL,NULL,'C.15  #199B  X 26 Y 26A  COL. FLORES MAGON     HUNUCMA,YUCATAN','TECNICO EN OPERADOR DE SISTEMAS Y DISEÑO GRAFICO',NULL,'CENTRO ESPECIALIZADO EN COMPUTACION PREMIER, S.C.    MERIDA,YUCATAN',3,13,1,1,12,'2020-08-01 07:57:06','2020-10-30 00:03:53'),(13,'GLORIA  MAGDALENA','CHABLE  VENTURA','9994642036',NULL,'CAVG830402',NULL,NULL,'C.22 #207C  X 37 Y 39  COL. SAN VICENTE   HUNUCMA,YUC','TÉCNICO SUPERIOR UNIVERSITARIO EN INFORMATICA',NULL,'UNIVERSIDAD TECNOLÓGICA METROPOLITANA  MERIDA,YUCATAN',3,14,1,1,13,'2020-08-01 08:20:18','2020-11-04 20:32:01'),(14,'FELIPE ABRAHAM','LOPEZ SOBERANIS','9991483383',NULL,'LOSF940406',NULL,NULL,'C.30 #137C X19 Y 17 COL.SAN MARTIN    HUNUCMA,YUC','EDUCACION FISICA',NULL,'NORMAL PARTICULAR AUTORIZADA \"INSTITUTO SUPERIOR DE EDUCACION NORMAL\"   MERIDA,YUC',3,15,1,1,14,'2020-08-04 00:23:10','2020-08-04 00:23:10'),(15,'GILDA MARLENE','EK HERNANDEZ','9994483601',NULL,'EXHG760615',NULL,NULL,'C.10  S/N  x 5  LOCALIDAD SAN ANTONIO CHEL   HUNUCMA,YUC.','PSICOLOGÍA',NULL,'UNIVERSIDAD AUTÓNOMA DE YUCATAN    MERIDA,YUC',3,16,1,1,15,'2020-08-07 22:53:28','2020-10-27 21:43:16'),(16,'REINA IVETH','PUERTO CHUC','9992564576',NULL,'PUCR900825','DUCH930316HYNZHM07','NO','CHUC','PSICOLOGÍA',NULL,'CENTRO DE ESTUDIOS SUPERIORES (CTM) MERIDA,YUC.',3,17,1,1,16,'2020-08-07 23:06:43','2020-11-09 17:49:44'),(17,'ANA GILBERTA','CEBALLOS  MENDEZ','9999558419',NULL,'CEMA690308',NULL,NULL,'C.19 #226B  X 34A Y 36   COLONIA SANTO DOMINGO  HUNUCMA,YUC.','BACHILLERATO TECNOLÓGICO AGROPECUARIO',NULL,'D.G.E.T.A. CBTA No.13  MERIDA,YUC.',2,18,1,1,17,'2020-08-07 23:40:27','2020-08-07 23:40:27'),(18,'LAURA GABRIELA','MENDEZ EK','9993323534',NULL,'MEEL840408AJA','MEEL840408MYNNKR09','CARTA PASANTE','C.37 #207H  X 22 Y 24  COL.SAN VICENTE  HUNUCMA,YUC','INTERVENCION  EDUCATIVA',NULL,'UNIVERSIDAD PEDAGÓGICA NACIONAL (UPN) UNIDAD 31-A  MERIDA,YUC.',2,19,1,1,18,'2020-08-08 05:53:27','2020-08-27 00:57:15'),(19,'ASUNCION MARINA DE JESUS','MARTIN CHUC','9993026986',NULL,'MACA640822C17',NULL,NULL,'C.19 #201A X 30 Y 32  CENTRO   HUNUCMA, YUCATAN','BACHILLER  -  SECRETARIA EJECUTIVA',NULL,'INSTITUTO TÉCNICO Y COMERCIAL DEL SURESTE, A.C.',6,20,1,1,19,'2020-08-08 06:11:19','2020-08-08 06:30:15'),(20,'ROSA ELENA CELESTINA','EK SANDOVAL','9994412164',NULL,'EXSR800830',NULL,NULL,'C.34 #208 X 33 Y 35 CENTRO  HUNUCMA,YUC.','BACHILLER',NULL,'COLEGIO DE BACHILLERES DEL ESTADO DE YUCATAN (COBAY) HUNUCMA,YUC.',6,21,1,1,20,'2020-08-08 06:26:28','2020-08-08 06:26:28'),(21,'JESUS ENRIQUE','CEBALLOS  MENDEZ','9991200876',NULL,'CEMJ741022',NULL,NULL,'C.20  #112  X 27 Y 29  COL.BALTAZAR CEBALLOS   HUNUCMA,YUC','BACHILLER',NULL,'COLEGIO DE BACHILLERES DEL ESTADO DE YUCATAN (COBAY) HUNUCMA,YUC.',7,24,1,1,21,'2020-08-08 06:55:25','2020-08-08 07:02:48'),(22,'PEDRO','CHUC  CUA','9999049383',NULL,'CUCP660820',NULL,NULL,'C.25  #219B  X 34 Y 36  COL.SANTO DOMINGO   HUNUCMA,YUC','PRIMARIA',NULL,'INSTITUTO NACIONAL PARA LA EDUCACIÓN DE LOS ADULTOS  DE YUCATAN (INEA)  HUNUCMA,YUC.',9,25,1,1,22,'2020-08-08 07:09:26','2020-08-08 07:09:26'),(23,'HUMBERTO ALONSO','DZUL CHAN','9995458734',NULL,'DUCH930316CJ9','DUCH930316HYNZHM07','NO','C.25 #179 X 18 Y 20 COL.BALTAZAR CEBALLOS  HUNUCMA,YUCATAN','EDUCACION MEDIA EN AREA DE EDUCACION ARTISTICA',NULL,'NORMAL SUPERIOR DE YUCATAN',3,26,1,1,23,'2020-09-24 01:06:46','2020-10-28 01:01:27'),(24,'MARIA DE LOS ANGELES','PEÑA  GIO','9991548779',NULL,'PEGA800105NLA','PEGA800105MYNXXN06','NO','C.17 #190H  X 26A Y 26B  FRACC.SAN JUAN  HUNUCMA,YUCATAN','EDUCACION MEDIA EN AREA DE EDUCACION ARTISTICA',NULL,'NORMAL SUPERIOR DE YUCATAN',3,27,1,1,24,'2020-09-24 01:42:32','2020-09-24 05:05:56');
/*!40000 ALTER TABLE `personal` ENABLE KEYS */;
UNLOCK TABLES;

--
-- Table structure for table `puestos`
--

DROP TABLE IF EXISTS `puestos`;
/*!40101 SET @saved_cs_client     = @@character_set_client */;
/*!40101 SET character_set_client = utf8 */;
CREATE TABLE `puestos` (
  `id` bigint(20) unsigned NOT NULL AUTO_INCREMENT,
  `funcion` varchar(191) COLLATE utf8mb4_unicode_ci NOT NULL,
  `descripcion` varchar(191) COLLATE utf8mb4_unicode_ci DEFAULT NULL,
  `created_at` timestamp NULL DEFAULT NULL,
  `updated_at` timestamp NULL DEFAULT NULL,
  PRIMARY KEY (`id`),
  UNIQUE KEY `puestos_funcion_unique` (`funcion`)
) ENGINE=InnoDB AUTO_INCREMENT=10 DEFAULT CHARSET=utf8mb4 COLLATE=utf8mb4_unicode_ci;
/*!40101 SET character_set_client = @saved_cs_client */;

--
-- Dumping data for table `puestos`
--

LOCK TABLES `puestos` WRITE;
/*!40000 ALTER TABLE `puestos` DISABLE KEYS */;
INSERT INTO `puestos` VALUES (1,'Director','Coordinador de la institucion','2020-07-02 00:51:13','2020-07-02 00:51:13'),(2,'PREFECTA/O','ENCARGADA/O  DE LA DISCIPLINA Y EL ORDEN','2020-07-02 00:51:13','2020-08-01 08:36:44'),(3,'Docente','Profesor de aula','2020-07-02 00:51:13','2020-07-02 00:51:13'),(4,'Director Pedagogico Administrativo','','2020-07-02 00:51:14','2020-07-02 00:51:14'),(6,'Secretario/a','','2020-07-02 00:51:14','2020-07-02 00:51:14'),(7,'Intendente','','2020-07-02 00:51:14','2020-07-02 00:51:14'),(9,'VELADOR',NULL,'2020-08-01 08:33:40','2020-08-08 23:46:36');
/*!40000 ALTER TABLE `puestos` ENABLE KEYS */;
UNLOCK TABLES;

--
-- Table structure for table `restriccion_periodo`
--

DROP TABLE IF EXISTS `restriccion_periodo`;
/*!40101 SET @saved_cs_client     = @@character_set_client */;
/*!40101 SET character_set_client = utf8 */;
CREATE TABLE `restriccion_periodo` (
  `id` bigint(20) unsigned NOT NULL AUTO_INCREMENT,
  `calificacion` enum('A','B') COLLATE utf8mb4_unicode_ci NOT NULL,
  `fecha_inicio` date NOT NULL,
  `fecha_fin` date NOT NULL,
  `periodo_id` bigint(20) unsigned NOT NULL,
  `created_at` timestamp NULL DEFAULT NULL,
  `updated_at` timestamp NULL DEFAULT NULL,
  PRIMARY KEY (`id`),
  KEY `restriccion_periodo_periodo_id_foreign` (`periodo_id`),
  CONSTRAINT `restriccion_periodo_periodo_id_foreign` FOREIGN KEY (`periodo_id`) REFERENCES `periodos` (`id`) ON DELETE CASCADE
) ENGINE=InnoDB AUTO_INCREMENT=10 DEFAULT CHARSET=utf8mb4 COLLATE=utf8mb4_unicode_ci;
/*!40101 SET character_set_client = @saved_cs_client */;

--
-- Dumping data for table `restriccion_periodo`
--

LOCK TABLES `restriccion_periodo` WRITE;
/*!40000 ALTER TABLE `restriccion_periodo` DISABLE KEYS */;
INSERT INTO `restriccion_periodo` VALUES (3,'A','2020-11-13','2020-11-14',2,NULL,'2020-11-13 17:51:02'),(5,'B','2020-12-01','2020-12-03',2,NULL,'2020-12-01 15:47:04'),(6,'A','2021-02-02','2021-02-09',3,NULL,NULL),(7,'B','2021-03-02','2021-03-09',3,NULL,NULL),(8,'A','2021-05-12','2021-05-20',4,NULL,NULL),(9,'B','2021-06-22','2021-06-27',4,NULL,'2020-10-29 00:28:45');
/*!40000 ALTER TABLE `restriccion_periodo` ENABLE KEYS */;
UNLOCK TABLES;

--
-- Table structure for table `role_has_permissions`
--

DROP TABLE IF EXISTS `role_has_permissions`;
/*!40101 SET @saved_cs_client     = @@character_set_client */;
/*!40101 SET character_set_client = utf8 */;
CREATE TABLE `role_has_permissions` (
  `permission_id` bigint(20) unsigned NOT NULL,
  `role_id` bigint(20) unsigned NOT NULL,
  PRIMARY KEY (`permission_id`,`role_id`),
  KEY `role_has_permissions_role_id_foreign` (`role_id`),
  CONSTRAINT `role_has_permissions_permission_id_foreign` FOREIGN KEY (`permission_id`) REFERENCES `permissions` (`id`) ON DELETE CASCADE,
  CONSTRAINT `role_has_permissions_role_id_foreign` FOREIGN KEY (`role_id`) REFERENCES `roles` (`id`) ON DELETE CASCADE
) ENGINE=InnoDB DEFAULT CHARSET=utf8mb4 COLLATE=utf8mb4_unicode_ci;
/*!40101 SET character_set_client = @saved_cs_client */;

--
-- Dumping data for table `role_has_permissions`
--

LOCK TABLES `role_has_permissions` WRITE;
/*!40000 ALTER TABLE `role_has_permissions` DISABLE KEYS */;
INSERT INTO `role_has_permissions` VALUES (17,1),(18,1),(19,1),(20,1),(1,2),(2,2),(3,2),(4,2),(5,2),(6,2),(7,2),(8,2),(9,2),(10,2),(11,2),(12,2),(13,2),(14,2),(15,2),(16,2),(17,2),(18,2),(19,2),(20,2);
/*!40000 ALTER TABLE `role_has_permissions` ENABLE KEYS */;
UNLOCK TABLES;

--
-- Table structure for table `roles`
--

DROP TABLE IF EXISTS `roles`;
/*!40101 SET @saved_cs_client     = @@character_set_client */;
/*!40101 SET character_set_client = utf8 */;
CREATE TABLE `roles` (
  `id` bigint(20) unsigned NOT NULL AUTO_INCREMENT,
  `name` varchar(191) COLLATE utf8mb4_unicode_ci NOT NULL,
  `guard_name` varchar(191) COLLATE utf8mb4_unicode_ci NOT NULL,
  `created_at` timestamp NULL DEFAULT NULL,
  `updated_at` timestamp NULL DEFAULT NULL,
  PRIMARY KEY (`id`)
) ENGINE=InnoDB AUTO_INCREMENT=6 DEFAULT CHARSET=utf8mb4 COLLATE=utf8mb4_unicode_ci;
/*!40101 SET character_set_client = @saved_cs_client */;

--
-- Dumping data for table `roles`
--

LOCK TABLES `roles` WRITE;
/*!40000 ALTER TABLE `roles` DISABLE KEYS */;
INSERT INTO `roles` VALUES (1,'ControlEscolar','web','2020-07-01 19:51:12','2020-07-01 19:51:12'),(2,'admin','web','2020-07-01 19:51:12','2020-07-01 19:51:12'),(3,'Direccion','web','2020-07-01 19:51:13','2020-07-01 19:51:13'),(4,'Docentes','web','2020-07-01 19:51:13','2020-07-01 19:51:13'),(5,'Sin Permisos','web','2020-07-01 19:51:13','2020-07-01 19:51:13');
/*!40000 ALTER TABLE `roles` ENABLE KEYS */;
UNLOCK TABLES;

--
-- Table structure for table `status_alumno`
--

DROP TABLE IF EXISTS `status_alumno`;
/*!40101 SET @saved_cs_client     = @@character_set_client */;
/*!40101 SET character_set_client = utf8 */;
CREATE TABLE `status_alumno` (
  `id` bigint(20) unsigned NOT NULL AUTO_INCREMENT,
  `descripcion` varchar(191) COLLATE utf8mb4_unicode_ci NOT NULL,
  `created_at` timestamp NULL DEFAULT NULL,
  `updated_at` timestamp NULL DEFAULT NULL,
  PRIMARY KEY (`id`),
  UNIQUE KEY `status_alumno_descripcion_unique` (`descripcion`)
) ENGINE=InnoDB AUTO_INCREMENT=5 DEFAULT CHARSET=utf8mb4 COLLATE=utf8mb4_unicode_ci;
/*!40101 SET character_set_client = @saved_cs_client */;

--
-- Dumping data for table `status_alumno`
--

LOCK TABLES `status_alumno` WRITE;
/*!40000 ALTER TABLE `status_alumno` DISABLE KEYS */;
INSERT INTO `status_alumno` VALUES (1,'Pre-inscrito','2020-07-02 00:51:14','2020-07-02 00:51:14'),(2,'Inscrito','2020-07-02 00:51:14','2020-07-02 00:51:14'),(3,'Baja','2020-07-02 00:51:14','2020-07-02 00:51:14'),(4,'Graduado','2020-07-21 22:16:14','2020-07-21 22:16:14');
/*!40000 ALTER TABLE `status_alumno` ENABLE KEYS */;
UNLOCK TABLES;

--
-- Table structure for table `tutor_alumno`
--

DROP TABLE IF EXISTS `tutor_alumno`;
/*!40101 SET @saved_cs_client     = @@character_set_client */;
/*!40101 SET character_set_client = utf8 */;
CREATE TABLE `tutor_alumno` (
  `id` bigint(20) unsigned NOT NULL AUTO_INCREMENT,
  `nombre` varchar(191) COLLATE utf8mb4_unicode_ci NOT NULL,
  `apellido_paterno` varchar(191) COLLATE utf8mb4_unicode_ci NOT NULL,
  `apellido_materno` varchar(191) COLLATE utf8mb4_unicode_ci DEFAULT NULL,
  `curp` varchar(191) COLLATE utf8mb4_unicode_ci DEFAULT NULL,
  `telefono` varchar(191) COLLATE utf8mb4_unicode_ci DEFAULT NULL,
  `domicilio` varchar(191) COLLATE utf8mb4_unicode_ci DEFAULT NULL,
  `email` varchar(191) COLLATE utf8mb4_unicode_ci DEFAULT NULL,
  `ocupacion` varchar(191) COLLATE utf8mb4_unicode_ci DEFAULT NULL,
  `grado_estudios_id` bigint(20) unsigned NOT NULL,
  `created_at` timestamp NULL DEFAULT NULL,
  `updated_at` timestamp NULL DEFAULT NULL,
  PRIMARY KEY (`id`),
  KEY `tutor_alumno_grado_estudios_id_foreign` (`grado_estudios_id`),
  CONSTRAINT `tutor_alumno_grado_estudios_id_foreign` FOREIGN KEY (`grado_estudios_id`) REFERENCES `grado_estudios` (`id`)
) ENGINE=InnoDB AUTO_INCREMENT=145 DEFAULT CHARSET=utf8mb4 COLLATE=utf8mb4_unicode_ci;
/*!40101 SET character_set_client = @saved_cs_client */;

--
-- Dumping data for table `tutor_alumno`
--

LOCK TABLES `tutor_alumno` WRITE;
/*!40000 ALTER TABLE `tutor_alumno` DISABLE KEYS */;
INSERT INTO `tutor_alumno` VALUES (5,'ANGELICA ARACELI','HERNANDEZ','HERNANDEZ','HEHA850912MYNRRN00','9993672412 - 9889880865','C.31 #211A X 30 Y 32   CENTRO  HUNUCMA,YUC.',NULL,'EMPLEADA',6,'2020-08-09 03:37:28','2020-09-10 03:17:45'),(6,'MARIA SALOME','NOVELO','GOMEZ','NOGS851022MYNVML03','9993528749','C. 21 #1301 X 2 Y 30  SISAL','Salonovelo22@gmail.com','LABORES DEL HOGAR',2,'2020-08-19 04:30:21','2020-09-11 04:51:17'),(7,'PATRICIA DEL ROSARIO','TZAB','COB','TACP790608MYNZBT02','9992083657','C.30 #203 FRACC.VILLA REAL   COL.SAN MARTIN   HUNUCMA,YUC.','prtzabc@herdez.com','SECRETARIA',6,'2020-08-19 04:48:48','2020-09-11 04:52:34'),(8,'KAREN AMAYRANI','NOVELO','MEX','NOMK900530MYNVXR09','9881036948','C.30 #178E  X 23 Y25  CENTRO   HUNUCMA,YUC.','mayrannovel.@gmail.com','LABORES DEL HOGAR',2,'2020-08-20 03:27:30','2020-09-11 04:53:54'),(9,'LOURDES BEATRIZ','PECH','ROMERO','PERL880307MYNCMR08','9996496392','C.21 #196 X 28 Y30  CENTRO  HUNUCMA,YUC',NULL,'COMERCIANTE',6,'2020-08-20 03:41:34','2020-09-11 04:54:50'),(10,'FANY DE LA LUZ','KU','LEON','KULF770607MYNXNN04','9994093174','C.41A  #134  X 39 Y 41 FRACC.TAMARINDO COL.GUADALUPE  HUNUCMA,YUC',NULL,'LABORES DEL HOGAR',6,'2020-08-20 04:04:28','2020-09-11 04:56:16'),(11,'MARIANA YAREMI','BOJORQUEZ','QUINTAL','BOQM771219MYNJNR01','9991509523','C.28 #182  X 17 Y 19 COL.SAN JUAN  HUNUCMA,YUC.',NULL,'CIRUJANO DENTISTA',7,'2020-08-20 04:16:30','2020-09-11 04:57:17'),(12,'MARY AREMY','HERNANDEZ','CHAN','HECM850822MYNRHR00','9997492398','C.25 #195A  X 28 Y 30  CENTRO  HUNUCMA,YUC','mile.2310@hotmail.com','MAESTRA',7,'2020-08-23 06:28:58','2020-09-11 04:58:25'),(13,'LAURA ISABEL','EK','CANUL','EXCL721019MYNKNR01','9992670094','C.21 #201A  X 30 Y 32  CENTRO  HUNUCMA, YUC.',NULL,'SECRETARIA',9,'2020-08-23 07:02:29','2020-09-11 04:59:29'),(14,'VILMA FARIDE','ESQUIVEL','BORGES','EUBV810421MYNSRL08','9991735895','C.38 #210B  X 35 Y 37  COL.FATIMA   HUNUCMA,YUC.',NULL,'LABORES DEL HOGAR',6,'2020-08-23 07:18:19','2020-09-11 05:13:28'),(15,'GABRIELA DEL ROCIO','GIO','PECH','GIPG871219MYNXCB02','9992153149','C.22 #177A  X 26 Y 21  CENTRO  HUNUCMA,YUC.',NULL,'ESTILISTA Y LABORES DEL HOGAR',6,'2020-08-23 07:33:32','2020-09-11 05:14:30'),(16,'ALBA ASUNCION','HERRERA','CHAN','HECA790811MYNRHL02','9889573425','C.31 #211C  X 30 Y 32  CENTRO  HUNUCMA,YUC.',NULL,'LABORES DEL HOGAR',9,'2020-08-23 07:50:04','2020-09-11 05:15:33'),(17,'GRACIELLA DEL ROSARIO','PEÑA','MAY','PEMG830122MYNXYR09','9992151531','C.36 #200D X 29 Y 31 COL.SANTIAGUITO  HUNUCMA,YUC.','gracgeral123@gmail.com','LIC.DERECHO',7,'2020-08-25 04:41:12','2020-09-11 05:17:07'),(18,'JOSE LUIS','FRANCO','OSALDE','FAOL751105HYNRSS02','9991990790','C.5 #211  X 26A Y 28 COL.SAN JUAN  HUNUCMA,YUC.','frosajoli75@hotmail.com','PROFESOR EDUCACION FISICA',7,'2020-08-25 05:09:36','2020-09-11 05:18:27'),(19,'MARILY DEL CARMEN','POOT','COLLI','POCM910430MYNTLR05','9992643491','C.21 #182  X 26 Y 22  CENTRO  HUNUCMA,YUC',NULL,'LABORES DEL HOGAR',6,'2020-08-25 05:24:46','2020-09-11 05:19:32'),(20,'CLAUDIA MARIA','CHAN','MEX','CAMC770417MYNHXL03','9992161646  -  9994202627','C.28 #181A X 19 Y 21 COL.SAN JUAN   HUNUCMA,YUC.',NULL,'ENFERMERA',10,'2020-08-25 05:47:50','2020-09-11 05:20:37'),(21,'VICTORIA EVELYN','CHUC','YAM','CUYV831020MYNHMC06','9992202595 - 9993010028','C.17 #190S X 26 Y 26A  COL.SAN JUAN  HUNUCMA,YUC.',NULL,'EMPLEADA',2,'2020-08-25 06:00:47','2020-09-11 05:21:40'),(22,'MARTHA NATIELY','EUAN','BALAM','EUBM930825MYNNLR05','9992252441','C.23 #178 X 20 Y 22 COL. SAMPOOL   HUNUCMA,YUC.','NatielyEuan48@gmail.com','LABORES DEL HOGAR',6,'2020-08-25 06:10:54','2020-09-11 05:22:49'),(23,'IMELDA GUADALUPE','CARDEÑA','GONZALEZ','CAGI821219MYNRNM08','9991725484','C.24 #232 X 37 Y 39 COL.SAN VICENTE  HUNUCMA,YUC.','nitacar_19@hotmail.com','MAESTRA',7,'2020-08-25 06:26:24','2020-09-11 05:24:11'),(24,'REYNA BEATRIZ','NOVELO','MEX','NOMR850106MYNVXY07','9991392913','C.23 #190E X 26 Y 26A  CENTRO  HUNUCMA,YUC.',NULL,'MAESTRA',7,'2020-08-25 06:35:59','2020-09-11 05:25:37'),(25,'LANDY DEL SOCORRO','EUAN','CHAN','EUCL860627MYNNHN04','9992080489','C.39 #237 X 38 Y 40 COL.FATIMA  HUNUCMA,YUC.','Euanlandy3@gmail.com','GERENTE DE FARMACIA',6,'2020-08-25 06:46:42','2020-09-11 05:27:15'),(26,'MARIA TERESITA DEL SOCORRO','CETINA','BAAS','CEBT731013MYNTSR05','9992350630 - 9999680987','C.32 #362 X 21 Y 23 FRACC.JUAN PABLO II  MERIDA,YUC. #362 X 21 Y 23 FRACC.JUAN PABLO II  MERIDA,YUC.','terscetina@hotmail.com','DOCENTE',15,'2020-08-26 07:16:08','2020-09-11 05:28:12'),(27,'MARIA ISABEL','MAY','TZUM','MATI850929MYNYZS02','9992620259','C.31 #252 X 36 Y 38 COL.SANTIAGUITO  HUNUCMA,YUC. #252 X 36 Y 38 COL.SANTIAGUITO  HUNUCMA,YUC.','mayisabe1085@gmail.com','LABORES DEL HOGAR',6,'2020-08-26 07:37:58','2020-09-11 05:29:41'),(28,'ANA ISABEL','PUERTO','YAMA','PUYA820526MYNRMN02','9991749277','C.23 #214 X 32 Y 34  CENTRO  HUNUCMA,YUC.',NULL,'LABORES DEL HOGAR',2,'2020-08-27 01:30:40','2020-09-11 05:31:10'),(29,'ARELY EUNICE','PEÑA','BALAM','PEBA840113MYNXLR09','9995109006','C.17 S/N X 34 Y 36 COL. SANTO DOMINGO','balamarelieunice20@gmail.com','ENFERMERA',7,'2020-08-27 01:38:47','2020-09-11 05:32:12'),(30,'RAUL  DAVID','ADRIAN','ALONZO','AIAR810130HYNDLL07','9992164104','C.27 #181  X 24 Y 26  CENTRO  HUNUCMA,YUC.','davoelpuma81@yahoo.com','EMPLEADO',6,'2020-08-27 06:19:49','2020-08-27 06:19:49'),(31,'LUCERO IVETT','BALAM','ESQUIVEL','BAEL910516MYNLSC09','9995082636','C.3 #1902 X 36 Y 38  SISAL   HUNUCMA,YUC.','princess_luz19@hotmail.com','MAESTRA',7,'2020-08-27 06:35:41','2020-08-27 06:35:41'),(32,'TERESITA DE JESUS','CANUL','PEÑA','CAPT851214MYNNXR07','9981079836','C.21 #230  X 36 Y 38 COL.SANTO DOMINGO  HUNUCMA,YUC.',NULL,'LABORES DEL HOGAR',6,'2020-08-27 06:58:18','2020-08-27 06:58:18'),(33,'MARIA CRISTINA','KOYOC','CANCHE','KOCC810718MYNYNR09','9971014651','C.15A #137A X 30 Y 32  .COL.SANTO DOMINGO  HUNUCMA,YUC','mariacristinakoyoccanche@yahoo.com','ENFERMERA',15,'2020-08-28 22:48:17','2020-08-28 22:48:17'),(34,'YAZMIN ARACELY','BALAM','CHUC','BACY891026MYNLHZ00','9994570357','C.7 S/N X 30 Y 32 COL. NAH-OX  HUNUCMA,YUC.',NULL,'LABORES DEL HOGAR',2,'2020-08-28 23:02:18','2020-08-28 23:02:18'),(35,'CLAUDIA RUBI','EK','CANUL','EXCC740703MYNKNL00','9992165653','C.32 #149 X 17 Y 17A  COL.SANTO DOMINGO  HUNUCMA,YUC.',NULL,'LABORES DEL HOGAR',9,'2020-08-28 23:13:07','2020-08-28 23:13:07'),(36,'TANIA FABIOLA','CHAVEZ','MALDONADO','CAMT880918MQRHLN04','9991522075','C.30 #201 X 41 Y 49 FRACC.RESIDENCIAS COL.GUADALUPE  HUNUCMA,YUC.',NULL,'LABORES DEL HOGAR',6,'2020-08-28 23:37:28','2020-08-28 23:37:28'),(37,'RUBI ARACELLY','CHUC','EK','CUER850325MYNHKB01','9993607720','C.44 #230 X 41 Y 43 COL.FATIMA  HUNUCMA,YUC.',NULL,'MODISTA',2,'2020-08-29 00:19:59','2020-08-29 00:21:44'),(38,'DENISE ADORALIDA','ARGAEZ','AGUILAR','AAAD750221MYNRGN09','9991263459','C.32 #203A X 33 Y 31  CENTRO   HUNUCMA,YUC.','d_argaez@hotmail.com','EMPLEADA',6,'2020-08-29 00:36:42','2020-08-29 00:36:42'),(41,'JUAN GILBERTO','CHI','OSALDE','CIOJ750917HYN','9991307583','C.11 #202A X 22 Y 24 COL.ITZIMNA  HUNUCMA,YUC','juangilbertochi@gmail.com','ESPECIALISTA',7,'2020-09-17 06:16:52','2020-09-17 06:16:52'),(42,'ROSA LETICIA','NOVELO','UC','NOUR770319MYNVSO8','9994233337','C.31 #217 X 32 Y 34  CENTRO  HUNUCMA,YUCATAN','maritanovelo@hotmail.com','MAESTRA',7,'2020-09-22 02:27:51','2020-09-22 02:27:51'),(43,'LOURDES VICTORIA','MENDOZA','PEREZ','MEPL830510MYNNRR09','9999956212','C.27 #201 X 30 Y 32  CENTRO  HUNUCMA,YUCATAN','lulavy83@gmail','MAESTRA',7,'2020-09-22 23:23:44','2020-09-22 23:23:44'),(44,'RAQUEL ANAHI','SOLIS','KU','SOKR940601MYNLXQ09','9881053967  9996439462','DOMICILIO CONOCIDO  HUNCANAB  HUNUCMA,YUCATAN',NULL,'LABORES DEL HOGAR',6,'2020-09-23 00:07:10','2020-09-23 00:07:10'),(45,'ERICA','RODRIGUEZ','LLANES','ROLE770120MYNDLR03','9992207589','C.31 #168A  X 24 Y 26  CENTRO  HUNUCMA,YUCATAN','kika_rlla@hotmail.com','MAESTRA',7,'2020-09-23 00:21:58','2020-09-23 00:23:21'),(46,'MAYTE DEL ROSARIO','FRANCO','PUERTO','FAPM711006MYNRRY01','9992659269','C.30 #212A X 33 Y 35  CENTRO  HUNUCMA,YUCATAN','mayte.franco06@hotmail.com','MAESTRA',7,'2020-09-23 00:58:23','2020-09-23 00:58:23'),(47,'GINA ANDREA','GOMEZ','PEREZ','GOPG850204MYNMRN06','9995498440','C.37 #204 X 30 Y 32 COLONIA GUADALUPE  HUNUCMA,YUCATAN','gina_17056@hotmail.com','LABORES DEL HOGAR',6,'2020-09-23 01:13:13','2020-09-23 01:13:13'),(48,'JOSE GEOVANI','MAY','POOT','MAPG830711HYNYTV01','9992606816','C.18  S/N X 19 Y 21  SISAL  HUNUCMA,YUCATAN',NULL,'GUIA DE TURISMO',2,'2020-09-23 01:23:53','2020-09-23 01:23:53'),(49,'CRISTINA ARLENY','ESCALANTE','GUERRERO','EAGC850909MYNSRR05','9995989972   9992737239','C.117C  DIAGONAL 941 X 106C Y 106F ALMENDROS 3  CD.CAUCEL  MERIDA,YUCATAN','cristina.escalante.guerrero@outlook.com','EMPLEADA',7,'2020-09-23 01:50:51','2020-09-23 01:50:51'),(50,'IRMA JANICE','BOJORQUEZ','SOLIS','BOSI860620MYNJLR05','+1(425)2213078     9991873409','C.32 #166A X 19 Y 21 CENTRO  HUNUCMA,YUCATEN','janicebojorquez@hotmail.com','LABORES DEL HOGAR',6,'2020-09-23 02:08:54','2020-09-23 02:08:54'),(51,'ROSA ANGELICA','CANUL','CANUL','CACR780226MYNNNS01','9991907686','C.34 #183B X 23 Y 25  STO.DOMINGO  HUNUCMA,YUCATAN',NULL,'OBRERA',2,'2020-09-23 02:17:31','2020-09-23 02:17:31'),(52,'TERESITA','AVILA','YAM','AIYT791015MYNVMR01','9991000234','C.30 #230 X 37 Y 39  CENTRO  HUNUCMA,YUCATAN',NULL,'SECRETARIA',6,'2020-09-23 02:26:07','2020-09-23 02:26:07'),(53,'MARIA GUADALUPE','CHAN','PEREZ','CAPG761204MYNHRD07','9991542200','#232E  X 36 Y 38  COL.SANTIAGO  HUNUCMA,YUCATAN',NULL,'LABORES DEL HOGAR',1,'2020-09-23 02:37:59','2020-09-23 02:37:59'),(54,'DEISY YULEIMY','LARA','FRANCO','LAFD840313MYNRRS05','9991868605','C.18 #114 X 31 Y 29 COL.BALTAZAR CEBALLOS',NULL,'COMERCIANTE',2,'2020-09-23 02:47:05','2020-09-23 02:47:05'),(55,'GABRIELA','ROMERO','VAZQUEZ','ROVG750324MYNMZB01','9991302418','C.28A  #80 X 7 Y 9  COL.SAN JUAN II  HUNUCMA,YUCATAN','gaby85darv@hotmail.com','LABORES DEL HOGAR',9,'2020-09-24 03:22:55','2020-09-24 22:01:07'),(56,'SARAI','NOVELO','ZEL','NOZS810316MYNVLR01','9994123868','C.35A #127A  X 18 Y 18A  COL.BALTAZAR CEBALLOS   HUNUCMA,YUCATAN','sarita_nz@hotmail.com','LABORES DEL HOGAR',16,'2020-09-25 02:24:58','2020-09-25 02:24:58'),(57,'ANA PATRICIA','CAUICH','CHOCH','CXCA710314MYNCHN08','9994969705','C.17A #216  X 30 Y 32  COL.SAN MARTIN  HUNUCMA,YUCATAN',NULL,'MODISTA',2,'2020-09-25 02:35:53','2020-09-25 02:35:53'),(58,'MARGELY DE JESUS','CANUL','VENTURA','CAVM890821MYNNNR06','9991819684','C.30 #203A  X 31 Y 33  CENTRO   HUNUCMA,YUCATAN','marge@hotmail.com','EMPLEADA',2,'2020-09-25 02:46:15','2020-09-25 02:46:15'),(59,'EDITH CONCEPCION','ASCORRA','CABRERA','AOCE851122MYNSBO08','9992968718','C.13 #252  X 36 COL.SN EDUARDO  HUNUCMA,YUCATAN','edith.asc.22@gmail.com','LABORES DEL HOGAR',6,'2020-09-25 02:54:51','2020-09-25 02:54:51'),(60,'RITA ALEJANDRA','HERNANDEZ','OSALDE','HEOR900928MYNRST04','9841804980','C.25 #195C  X 28 Y 30  CENTRO  HUNUCMA,YUCATAN','alejandraher1990@gmail.com','TRABAJADORA SOCIAL',7,'2020-09-26 18:35:57','2020-09-26 20:04:05'),(61,'MARIA ROSALIA','CETINA','PAT','CEPR790806MYNTTS07','9991917957','C.21 #223B  X 34 Y 36  COL.SANTO DOMINGO  HUNUCMA,YUCATAN',NULL,'LABORES DEL HOGAR',1,'2020-09-26 18:55:16','2020-09-26 20:05:36'),(62,'SHIRLEY ELIZABETH','GALAZ','HERNANDEZ','GAHS800418MYNLRH00','9992647810','C.21 #100   SISAL    HUNUCMA,YUCATAN',NULL,'EMPLEADA',19,'2020-09-26 19:21:53','2020-09-26 20:06:40'),(63,'MARIA DE LOS ANGELES','PEÑA','GIO','PEGA800105MYNXXN06','9991548779','C.17 #190H  X 26A Y 26B  FRACC.SAN JUAN  HUNUCMA,YUCATAN','angels_pg@hotmail.com','MAESTRA',7,'2020-09-26 19:37:17','2020-09-26 20:07:35'),(64,'MONICA ARACELLY','PERAZA','CANUL','PECM810520MYNRNN02','9889678444','C.28 #173C  X 17 Y 19  COL.SAN JUAN   HUNUCMA,YUCATAN','mony081@hotmail.com','MAESTRA',7,'2020-09-26 19:47:59','2020-09-26 20:08:34'),(65,'FATIMA DEL ROSARIO','COB','ROMERO','CORF870219MYNBMT08','9994193222','C.31 #213  X 30 Y 32  CENTRO   HUNUCMA,YUCATAN',NULL,'LABORES DEL HOGAR',6,'2020-09-26 20:01:20','2020-09-26 20:01:20'),(66,'CINDY E. DE GUADALUPE','HERNANDEZ','CAB','HECC781018MYNRBN06','9992285897','C.32A #114  X 11 Y 13  COL. NAH-OX   HUNUCMA,YUCATAN',NULL,'LABORES DEL HOGAR',6,'2020-09-26 20:20:32','2020-09-26 20:20:32'),(67,'PERLA MARIA DEL ROSARIO','BOJORQUEZ','CANUL','BOCP691005MYNJNR07','9889 9310133','C.31 #215  X 32 Y 34  CENTRO   HUNUCMA,YUCATAN',NULL,'LABORES DEL HOGAR',20,'2020-09-27 15:07:27','2020-09-27 15:07:27'),(68,'KARI EVANELY','NOVELO','GOMEZ','NOGK920314MYNVMR11','9889660590','C.37 S/N  X 44 Y 46 COL.FATIMA  HUNUCMA,YUCATAN',NULL,'COMERCIANTE',2,'2020-09-27 15:46:16','2020-09-27 15:46:16'),(69,'MARIA ARACELLY','CHUC','NAAL','CUNA790701MYNHLR06','9992635108    9889578393','C.36 #199A  X 31 Y 33 COL.SANTIAGUITO  HUNUCMA,YUCATAN',NULL,'EMPLEADA',21,'2020-09-27 16:06:47','2020-09-27 16:06:47'),(70,'MIRIAM GUADALUPE','ROMERO','XOOL','ROXM811111MYNMLR03','9992973550','C.32 #219   X 35 Y 37  CENTRO  HUNUCMA,YUCATAN',NULL,'CULTORA DE BELLEZA',6,'2020-09-27 16:21:45','2020-09-27 16:21:45'),(71,'ANGELICA DEL CARMEN','CANUL','UICAB','CAUA850828MYNNCN00','9999072790','C.35 #197  X 28 Y 30  CENTRO  HUNUCMA,YUCATAN',NULL,'ADMINISTRATIVO',23,'2020-09-27 16:56:21','2020-09-27 16:56:21'),(72,'BLANCA IRIS R.','TRUJEQUE','SOLIS','TUSB630908MYNRLL04','9999940298','C.26 #188E  X 21 Y 23  CENTRO  HUNUCMA,YUCATAN',NULL,'COMERCIANTE',2,'2020-09-27 17:05:51','2020-09-27 17:05:51'),(73,'SHARELY DEL ROSARIO','CANUL','COB','CACS850803MYNNBH06','9994163530','C.23 #112A  X 26 Y 28  SISAL  HUNUCMA,YUCATAN',NULL,'LABORES DEL HOGAR',2,'2020-09-27 19:40:05','2020-09-27 19:40:05'),(74,'MARIA GUADALUPE','NOVELO','QUINTAL','NOQG810606MYNVND04','9991972717','C.25 #205  X 30 Y 32  CENTRO   HUNUCMA,YUCATAN',NULL,'MAESTRA',7,'2020-09-27 19:51:39','2020-09-27 19:51:39'),(75,'THELMA DEL SOCORRO','CHUC','NAAL','CUNT770626MYNHLH01','9992722303','C.32 #228  X 39 Y 41 COL.ALVARO OBREGON  HUNUCMA,YUCATAN','tracymv2010@gmail.com','LABORES DEL HOGAR',24,'2020-09-27 20:05:52','2020-09-27 20:05:52'),(76,'MARIA TERESA','CHUC','PECH','CUPT771002MYNHCR06','9994419789     9992597622','C.21 #225D  X 36 Y 38 COL.SANTO DOMINGO  HUNUCMA,YUCATAN',NULL,'LABORES DEL HOGAR',2,'2020-09-27 20:15:41','2020-09-27 20:15:41'),(77,'ROSA MARIA','GONZALEZ','QUINTAL','GOQR810125MYNNNS01','9991585151','C.31 #188  X 26 Y 28  CENTRO  HUNUCMA,YUCATAN','rosy_mary@hotmail.com','EMPLEADA',25,'2020-09-27 20:24:55','2020-09-27 20:24:55'),(78,'JOEL ALEJANDRO','FRANCO','LIZAMA','FALJ890101HYNRZL04','9993359445','C.20A #168  X 26  FRACC. HUNUCMA    HUNUCMA,YUCATAN','eldroxd@gmail.com','INGENIERO',7,'2020-09-27 20:44:53','2020-09-27 20:44:53'),(79,'MIRNA GUADALUPE','QUINTAL','HERNANDEZ','SOQM070507HYNLNNA7','9991935287','C.32 S/N  X 25 Y 23  CENTRO  HUNUCMA,YUCATAN',NULL,'LABORES DEL HOGAR',2,'2020-09-27 20:54:13','2020-09-27 21:46:39'),(80,'REINA DEL CARMEN','POOT','PUC','POPR840612MYNTCN07','9992037960','C.11 #176A  X 28 Y 28A  COL.FLORES MAGON  HUNUCMA,YUCATAN','reinis84@outlook.es','CAJERA - VALUADOR',16,'2020-09-27 21:21:57','2020-09-27 21:21:57'),(81,'NANCY GUADALUPE','CHAN','BAAS','CABN790228MYNHSN05','9999100697','C.29 #305  X 46 Y 48  COL.STA.ROSA DE LIMA   HUNUCMA,YUCATAN','nancy.pe@hotmail.com','DOCENTE',8,'2020-09-27 21:34:35','2020-09-27 21:34:35'),(82,'JOSE MANUEL','VARGUEZ','QUINTAL','VAQM711117HYNRNN13','9881032070     9992058779','C.24 #201A X 31 Y 33  COL. SAN VICENTE   HUNUCMA,YUCATAN',NULL,'ROTULISTA',2,'2020-09-27 21:45:33','2020-09-27 21:45:33'),(83,'REINA LUCELLY','GOMEZ','CHUC','GOCR820217MYNMHN06','9992767655','C.37 #219A  X 38 Y 40  COL. FATIMA   HUNUCMA,YUCATAN','lucely_2@outlook.com','SECRETARIA',23,'2020-09-27 22:06:34','2020-09-27 22:06:34'),(84,'MARIA ZEYDI','CANUL','CHAY','CACZ860207MYNNHY00','9889576947','C.27 #204  X 34 Y 36 COL.5 CALLES  HUNUCMA,YUCATAN',NULL,'LABORES DEL HOGAR',6,'2020-09-27 22:15:52','2020-09-27 22:15:52'),(85,'FATIMA DEL ROSARIO','KOYOK','NAVARRETE','KONF830519MYNYVT03','9993642498','C.39  S/N  X 24 Y 26  COL.SAN VICENTE  HUNUCMA,YUCATAN',NULL,'H. LIMPIEZA',2,'2020-09-27 22:28:15','2020-09-27 22:28:15'),(86,'KAREN AMAYRANI','NOVELO','MEX','NOMK900530MYNVXR09','9881036448','C.30 #178E  X 23 Y 25   CENTRO   HUNUCMA,YUCATAN',NULL,'LABORES DEL HOGAR',2,'2020-09-27 22:39:09','2020-09-27 22:39:09'),(87,'LEYDI LETICIA','CASTRO','UC','CAUL730110MYNSCY08','9881053407','C.35 S/N  X 30 Y 32  CENTRO  HUNUCMA,YUCATAN',NULL,'COCINA ECONOMICA',1,'2020-09-27 22:53:57','2020-09-27 22:53:57'),(88,'GRETELH  IVONNE','VENTURA','KOYOC','VEKG761120MYNNYR09','9991129003','C.40 S/N  X 41 Y 43  COL.FATIMA  HUNUCMA,YUCATAN','venturakoyocg.@gmail.com','ENFERMERA',7,'2020-09-27 23:16:01','2020-09-27 23:16:01'),(89,'JESUS ENRIQUE','CEBALLOS','MENDEZ','CEMJ741022HYNBNS06','9991200876','C.20 #112  X 27 Y 29  COL.BALTAZAR CEBALLOS  HUNUCMA,YUCATAN',NULL,'INTENDENTE',6,'2020-09-27 23:27:58','2020-09-27 23:27:58'),(90,'MARIA BEATRIZ','CETINA','CHAN','CEVB741204MYNTRT08','9889677994','C.47A S/N  X 36A Y 36B  COL.LOURDES  HUNUCMA,YUCATAN',NULL,'COMERCIANTE',2,'2020-09-28 00:18:36','2020-09-28 00:18:36'),(91,'LORENZA BEATRIZ','UICAB','CEPEDA','UICL870902MYNCPR02','9992601329','C.30 #232  X 37 Y 39  COL.GUADALUPE  HUNUCMA,YUCATAN',NULL,'LABORES DEL HOGAR',1,'2020-09-28 00:29:20','2020-09-28 00:29:20'),(92,'YENY EVELIN','EK','MARTIN','EXMY830822MYNKRN06','9997469044','C.25 #218C  X 32 Y 34  CENTRO  HUNUCMA,YUCATAN',NULL,'LABORES DEL HOGAR',6,'2020-09-28 00:41:13','2020-09-28 00:41:13'),(93,'RITA ISABEL','MENDEZ','PUC','MEPR900624MYNNCT00','9992313765','C.42 S/N  X 37A Y 37B  COL.FATIMA  HUNUCMA,YUCATAN','ritmep@gmail.com','EMPLEADA/GIMNACIO',2,'2020-09-28 16:40:14','2020-09-28 16:40:14'),(94,'ADDY DE LOS ANGELES','KU','DZUL','KUDA870511MYNXZD06','9997464789   9991497939','DOMICILIO CONOCIDO     SAN ANTONIO CHEL   HUNUCMA,YUCATAN',NULL,'LABORES DEL HOGAR',6,'2020-09-28 16:56:04','2020-09-28 16:56:04'),(95,'GUADALUPE DEL ROSARIO','KOYOC','ROMERO','KORG851213MYNYMD08','9994210189','C.28 #202  X 33 Y 35  CENTRO  HUNUCMA,YUCATAN',NULL,'MODISTA',2,'2020-09-28 17:17:05','2020-09-28 17:17:05'),(96,'EDGAR FELIPE','HERRERA','CASTILLO','HECE880407HYNRSD07','9991920491   9994478259','C.24 #188  X 23 Y 25  CENTRO  HUNUCMA,YUCATAN','DJedgarllowev@hotmail.com','INTENDENTE',6,'2020-09-28 17:30:53','2020-09-28 17:30:53'),(97,'MANUELA DE JESUS','PUC','EK','PUEM801224MYNCKN01','9997381927','C.34 #210  X 33 Y 35  CENTRO  HUNUCMA,YUCATAN',NULL,'MODISTA',6,'2020-09-28 17:43:18','2020-09-28 17:43:18'),(98,'JUAN JOSE','MALDONADO','TZAB','MATJ870314HYNLZN00','9991154884  9991015953','C.33 #188A  X 20 Y 22 COL.BALTAZAR CEBALLOS  HUNUCMA,YUCATAN','JuanJose.maldonado.Tz@gmail.com','EMPLEADO  FACTURACION',26,'2020-09-28 17:55:09','2020-09-28 17:55:09'),(99,'VICTORIA EVELYN','CHUC','YAM','CUYV831020MYNHMC06','9992202595','C.17 #190S  X 26 Y 26A FRACC. SAN JUAN  HUNUCMA,YUCATAN',NULL,'SECRETARIA',6,'2020-09-28 18:03:52','2020-09-28 18:03:52'),(100,'DIANELA ESTHER','COOL','CANUL','COCD891113MYNLNN08','9991189834','C.32 #162  X 17 Y 19  COL.SAN MARTIN  HUNUCMA,YUCATAN',NULL,'LABORES DEL HOGAR',6,'2020-09-28 18:19:20','2020-09-28 18:19:20'),(101,'BERTY DE LA ASUNCION','CHUC','CHUC','CUCB910824MYNHHR01','9991306800','C.39 #231A  X 36 Y 38 COL.FATIMA  HUNUCMA,YUCATAN',NULL,'LABORES DEL HOGAR',2,'2020-09-28 18:29:09','2020-09-28 18:32:37'),(102,'MARISELA DEL CARMEN','CANUL','CANCHE','CACM840621MYNNNR03','9889 310621','C.27 #212  X 34 Y 36 COL.SANTA ROSA  HUNUCMA,YUCATAN',NULL,'LABORES DEL HOGAR',1,'2020-09-28 18:47:05','2020-09-28 18:47:05'),(103,'LIZBETH DEL ROSARIO','EK','CANUL','EXCL861209MYNKNZ09','9994099200   9999923473','C.28 #226H   X 37 Y 39  COL.SAN VICENTE  HUNUCMA,YUCATAN',NULL,'COMERCIANTE',6,'2020-09-28 18:57:52','2020-09-28 19:01:39'),(104,'MARGARITA YAZMIN','KOYOC','CANUL','KOCM830119MYNYNR00','9889310769    9991919509','C.25 S/N  X 22 Y 24  CENTRO  HUNUCMA,YUCATAN','mykc19@outlook.com','LABORES DEL HOGAR',27,'2020-09-28 19:13:46','2020-09-28 19:13:46'),(105,'CECILIA GUADALUPE','ACEVEDO','PEREZ','AEPC830826MYNCRC06','9991452621','C.30 #230E  X 37 Y 39  CENTRO  HUNUCMA,YUCATAN','acevedocecilia@hotmail.com','EMPLEADA',21,'2020-09-28 19:22:30','2020-09-28 19:22:30'),(106,'NICTE-HA','EUAN','COOL','EUCN750202MYNNLC15','9881036550','C.21 #203C  X 30 Y 32  CENTRO  HUNUCMA,YUCATAN','nictehaeuan@hotmail.com','MAESTRA',8,'2020-09-28 21:36:58','2020-09-28 21:36:58'),(107,'MARIBEL DE JESUS','YAM','CANUL','YACM791007MYNMNR03','9889673049','C.11 #214  X 20 Y 22 COL.FLORES MAGON   HUNUCMA,YUCATAN','maribel-yam@hotmail.com','EMPLEADA',2,'2020-09-28 21:50:41','2020-09-28 21:50:41'),(108,'YAMILE DE FATIMA','PERAZA','CANUL','BOPA061024MYNJRNA0','9993544118','C.27 #201  X 30 Y 32  CENTRO  HUNUCMA,YUCATAN',NULL,'EMPLEADA',28,'2020-09-29 01:44:49','2020-09-29 01:44:49'),(109,'CALIZ ROSMILDA','COB','CANUL','CACE060314HYNMBLA9','9992620588','C.23 #198  X 28 Y 30 CENTRO  HUNUCMA,YUCATAN',NULL,'ENFERMERA',7,'2020-09-29 01:53:24','2020-09-29 01:53:24'),(110,'MARIA DE LOURDES','DURAN','COB','CADD061006HYNSRGA3','9992065923','C.32  S/N  X 17 Y 15 COL.SANTO DOMINGO  HUNUCMA,YUCATAN',NULL,'ESTILISTA',6,'2020-09-29 02:02:04','2020-09-29 02:02:04'),(111,'TANIA FABIOLA','CHAVEZ','MALDONADO','CACD061207MYNCHFA0','9991522075','C.30 #201 X 41 Y 49  COL.GUADALUPE   HUNUCMA,YUCATAN',NULL,'LABORES DEL HOGAR',6,'2020-09-29 02:12:47','2020-09-29 02:12:47'),(112,'MAYRA BENITA','CANUL','TZUC','COCL060417HYNRNNA7','9993972918','C.27 #235G  X 38 Y 40 COL.SANTA ROSA  HUNUCMA,YUCATAN',NULL,'EMPLEADA',2,'2020-09-29 02:22:26','2020-09-29 02:22:26'),(113,'LUIS ALBERTO','DZUL','DZIB','DUDA060118HYNZZLA4','9992387335','C.21 #97C  X 16 Y 18  CENTRO   KINCHIL,YUCATAN','Neemluis2@gmail.com','CHOFER',6,'2020-09-29 20:30:13','2020-09-29 20:30:13'),(114,'JOSE JESUS','GALAZ','CETINA','GACA060108HYNLNNA4','9991194452','C.23 #403C  X 30 Y 32  CENTRO  HUNUCMA,YUCATAN','iusiluestre_1609@hotmail.com','EMPLEADO',7,'2020-09-30 00:43:21','2020-09-30 00:43:21'),(115,'JUANA JACINTA','POOT','UC','KOPR061029HYNYTFA9','9999582612','C.20 #73  X 11 Y 13   TETIZ,YUCATAN',NULL,'LABORES DEL HOGAR',2,'2020-09-30 00:56:14','2020-09-30 00:56:14'),(116,'LOREMI BEATRIZ','MENDEZ','EK','MEAK060811MYNNVRA5','9991870795   9994952729','C.37 #207H  X 22 Y 24  COL.SAN VICENTE  HUNUCMA,YUC','loreney_15@outlook.es','MAESTRA',7,'2020-09-30 01:05:30','2020-09-30 01:05:30'),(117,'ANA ROSA','PEÑA','EK','MEPE061206HYNNXMA8','9994923891','C.26 S/N  X 5  COL.SAN JUAN II  HUNUCMA,YUCATAN',NULL,'LABORES DEL HOGAR',1,'2020-09-30 01:15:39','2020-09-30 01:15:39'),(118,'CRISTINA ISABEL','CHAC','MENDEZ','MOCD060611MYNNHNA8','9993551468','C.34A #199C  X 23 Y 35 COL.SANTA ROSA  HUNUCMA,YUCATAN',NULL,'OBRERA',6,'2020-09-30 01:42:22','2020-09-30 01:42:22'),(119,'MARIA CONCEPCION','POOT','KOYOC','PAPW051031HYNCTLA3','9994940093','C.34 S/N  X 15 Y 17 COL.STO.DOMINGO  HUNUCMA,YUCATAN',NULL,'CAJERA',6,'2020-09-30 01:50:04','2020-09-30 01:50:04'),(120,'LEYLA MARIA GUADALUPE','PERAZA','CANUL','PECA060807MYNRNMA6','9993280885','C.32 #195A X 25 Y 27  CENTRO  HUNUCMA,YUCATAN',NULL,'EMPLEADA',2,'2020-09-30 02:01:27','2020-09-30 02:01:27'),(121,'JOSE RAFAEL','ROMERO','MEX','ROPJ060823HYNMRLA3','9991996933','C.41 #198A  x 26 Y 28  COL.SAN VICENTE   HUNUCMA,YUCATAN',NULL,'COMERCIANTE',2,'2020-09-30 03:19:05','2020-09-30 03:19:05'),(122,'BERTHA BEATRIZ','SOLIS','KU','ROSW050317HYNLXLA4','5568665967','C.9  #20A  X 28 Y 30  HUNUCMA,YUCATAN',NULL,'LABORES DEL HOGAR',2,'2020-09-30 03:38:52','2020-09-30 03:38:52'),(123,'JUAN CARLOS','SOLIS','MENENDEZ','SOMK060107MYNLRRA9','9992228713   9992621521','C.32 #189B  X 25 Y 23  CENTRO   HUNUCMA,YUCATAN',NULL,'EMPLEADO FEDERAL',29,'2020-09-30 03:49:10','2020-09-30 03:49:10'),(124,'IRENE MARIBEL','TUM','MEDINA','SOTG060530HYNLMNA9','9992605303','C.28 #192  X 23 Y 25  CENTRO  HUNUCMA,YUCATAN','Iremartm@hotmail.com','EMPLEADA',23,'2020-09-30 04:00:33','2020-09-30 04:00:33'),(125,'LETICIA DEL CARMEN','PEÑA','QUINTAL','UXPC060417HYNCXSA1','9991013315','C.33 #214  X 32 Y 34  CENTRO  HUNUCMA,YUCATAN','lety_cpq@hotmail.com','MAESTRA',7,'2020-09-30 04:08:06','2020-09-30 04:08:06'),(126,'MARIA SALOME','NOVELO','GOMEZ','BONV060113MYNJVLA8','9993528749','C.21 #1301  X 28 Y 30  SISAL   HUNUCMA,YUCATAN','salonovelo22@gmail.com','COCINERA',2,'2020-09-30 04:46:38','2020-09-30 04:46:38'),(127,'SILVIA ISABEL','TZAB','COB','BOTP060724MYNJZLA5','9992732195','C.33 #166 X 22 Y 24 COL. BALTAZAR CEBALLOS   HUNUCMA, YUCATAN','10cl17@gmail.com','EMPLEADA',6,'2020-09-30 04:55:28','2020-09-30 04:55:28'),(128,'BLANCA ESTELA','CANUL','CHAY','CACP060816HYNMNBA8','9991601495','C.36 S/N  X 15 Y 17  COL.SANTO DOMINGO  HUNUCMA,YUCATAN','blancaestel0301@gmail.com','ADMINISTRATIVO',14,'2020-09-30 05:03:37','2020-09-30 05:03:37'),(129,'REINA ISABEL','KOYOC','PECH','CEKJ060217HYNNYNA5','9991291739','C.13 #100B  X 26 Y 26A  COL. FLORES MAGON   HUNUCMA,YUCATAN',NULL,'LABORES DEL HOGAR',1,'2020-09-30 05:19:07','2020-09-30 05:19:07'),(130,'MARIA JACQUELINE','CHOCH','CHAN','CACJ061216HYNHHSA2','9842118193','C.19 #210  X 32 Y 34  COL.STO. DOMINGO  HUNUCMA,YUCATAN',NULL,'LABORES DEL HOGAR',6,'2020-09-30 05:28:07','2020-09-30 05:28:07'),(131,'BERTHA DEL CARMEN','CHACON','PEREZ','CICV060912MYNHHVA3','9994995207','C.32 #210A  X 35 Y 37  CENTRO  HUNUCMA,YUCATAN',NULL,'CULTORA DE BELLEZA',2,'2020-09-30 05:36:46','2020-09-30 05:36:46'),(132,'MIRIAM DEL CARMEN','MOLINA','NAVARRETE','CUMM060204HYNHLSA4','9992093923','C.28 #75  X 9 Y 11  COL.SAN MARTIN  HUNUCMA,YUCATAN',NULL,'LABORES DEL HOGAR',2,'2020-09-30 05:43:14','2020-09-30 05:43:14'),(133,'ELIZABETH','TOME','REYNA','EXTA050401HYNKMLA2','9995067388','C.26A #151  X 11 Y 13  COL. SAN JUAN II   HUNUCMA,YUCATAN',NULL,'LABORES DEL HOGAR',2,'2020-09-30 05:49:51','2020-09-30 05:49:51'),(134,'CARLA MARIA','BALAM','UICAB','EUBN061229MYNNLTA9','9889679568','C.32 #182  X 23 Y 25  CENTRO   HUNUCMA,YUCATAN','cisne_plateado76@hotmail.com','LICDA. DERECHO',7,'2020-09-30 05:57:36','2020-09-30 05:57:36'),(135,'JUAN MANUEL','FRANCO','MALDONADO','FALA061009MYNRPDA1','9991075892','C.33 #210  X 30 Y 32  CENTRO  HUNUCMA,YUCATAN','jhonson130466@hotmail.com','MILITAR',30,'2020-09-30 06:07:00','2020-09-30 06:07:00'),(136,'ZEYDI DEL ROSARIO','MEX','CETINA','MOMI060329HYNXXKA0','9991846473','C.32 #212  X 33 Y 35  CENTRO  HUNUCMA,YUCATAN',NULL,'COMERCIANTE',2,'2020-09-30 06:14:24','2020-09-30 06:14:24'),(137,'CARMEN RUBI','BALAM','KU','NOBM060120MYNHLNA9','9889672884','C.24 #194A  X 23 Y 25   HUNUCMA,YUCATAN',NULL,'LABORES DEL HOGAR',2,'2020-09-30 06:23:14','2020-09-30 06:23:14'),(138,'ABEL ALEJANDRO','NOVELO','ESQUIVEL','NOEA710502HYNVS805','9992324256   9994509171','C.17 S/N  X18 Y 20  SISAL   HUNUCMA,YUCATAN','aanovelo@hotmail.com','COMERCIANTE',31,'2020-09-30 06:37:21','2020-09-30 06:37:21'),(139,'HIDALGO EUSEBIO','NOVELO','UC','NOPJ031020HYNVCRA8','9889676236','C.23 #203  X 30 Y 32  CENTRO  HUNUCMA,YUCATAN',NULL,'PESCADOR',6,'2020-09-30 06:45:50','2020-09-30 06:45:50'),(140,'JUAN CARLOS','PECH','CHUC','PECA060324HYNCHLA5','9991438829','C.24 #232  X 37 Y 39  COL.SAN VICENTE   HUNUCMA,YUCATAN',NULL,'MECANICO',10,'2020-09-30 06:53:25','2020-09-30 06:53:25'),(141,'MARIA MARIVEL','UC','EK','QUPL040501HYNNCZA0','9993672412','C.35 #243  X 38 Y 40  COL.FATIMA   HUNUCMA,YUCATAN',NULL,'LABORES DEL HOGAR',1,'2020-09-30 07:01:40','2020-09-30 07:01:40'),(142,'MARGARITA DEL SOCORRO','CASANOVA','FRANCO','UICJ060726HYNCSSA8','9991298667','C.32 #206  X 33 Y 35  CENTRO  HUNUCMA,YUCATAN','mcasanovafranco@hotmail.com','MAESTRA',6,'2020-09-30 07:21:08','2020-09-30 07:21:08'),(143,'LUCERO NATALI','NOVELO','UICAB','VENE040913HYNNVSA1','9992641062','C.24 #210A  X 31 Y 33   CENTRO   HUNUCMA,YUCATAN',NULL,'EMPLEADA',2,'2020-09-30 07:30:46','2020-09-30 07:30:46'),(144,'CRISTHIAN','FRANCO','LIZAMA','FALC830330MYNRZR03','9991278636','C.39 #196  X 28 Y 30   CENTRO  HUNUCMA,YUCATAN','crisfranliz83@hotmail.com','DOCENTE',7,'2020-09-30 07:48:35','2020-09-30 07:48:35');
/*!40000 ALTER TABLE `tutor_alumno` ENABLE KEYS */;
UNLOCK TABLES;

--
-- Table structure for table `users`
--

DROP TABLE IF EXISTS `users`;
/*!40101 SET @saved_cs_client     = @@character_set_client */;
/*!40101 SET character_set_client = utf8 */;
CREATE TABLE `users` (
  `id` bigint(20) unsigned NOT NULL AUTO_INCREMENT,
  `username` varchar(191) COLLATE utf8mb4_unicode_ci NOT NULL,
  `email` varchar(191) COLLATE utf8mb4_unicode_ci NOT NULL,
  `email_verified_at` timestamp NULL DEFAULT NULL,
  `password` varchar(191) COLLATE utf8mb4_unicode_ci NOT NULL,
  `remember_token` varchar(100) COLLATE utf8mb4_unicode_ci DEFAULT NULL,
  `created_at` timestamp NULL DEFAULT NULL,
  `updated_at` timestamp NULL DEFAULT NULL,
  PRIMARY KEY (`id`),
  UNIQUE KEY `users_username_unique` (`username`),
  UNIQUE KEY `users_email_unique` (`email`)
) ENGINE=InnoDB AUTO_INCREMENT=29 DEFAULT CHARSET=utf8mb4 COLLATE=utf8mb4_unicode_ci;
/*!40101 SET character_set_client = @saved_cs_client */;

--
-- Dumping data for table `users`
--

LOCK TABLES `users` WRITE;
/*!40000 ALTER TABLE `users` DISABLE KEYS */;
INSERT INTO `users` VALUES (1,'admin','admin@admin.com',NULL,'$2y$10$XyCK6IARIgD8Cx3dI02hr.AL/hA5tqskO8zqc11krDivxPmFR2Mqy','8T930OblnerJSfnTKSLroEgIxHQXshfdpEv94ihthsh1SN87dmzYZ6c2gtI0','2020-07-01 19:51:13','2020-07-01 19:51:13'),(2,'JMARTINEZ1','juanjmarley@gmail.com',NULL,'$2y$10$wWTctNqI8nZ6YYuPIAG2q.8TkmRq0Qp72OuMrgro0.9XpGFrv0.aq','kcjSBY3y1w7hwr04yCZS3veWXKrZMGqAotOQlmERrbJmsyNmmPVNJcX1fEkD','2020-07-04 10:55:59','2020-10-28 01:01:01'),(3,'LMENDEZ2','loreney_15@autlook.es',NULL,'$2y$10$.qhw1eo0P4ioWQWTZPZOJuPm7NZdRxALbumncLrakyy/v93BaxIhW','ufyXbewVETWvKTnMNSMvnC2d3F9revCFXQl3N8Qn0C1pQL0OuWRYEXyTOblV','2020-07-04 21:23:41','2020-10-29 13:39:58'),(4,'MPERAZA3','mony081@hotmail.com',NULL,'$2y$10$6VPwkkw3mtAAEPikGkRAs.DnxZMbQTHfskWYBUPJQPeNuax/rOsOm',NULL,'2020-07-04 21:47:14','2020-08-01 21:34:15'),(5,'ABALAM4','angelito_nice93@hotmail.com',NULL,'$2y$10$DcwYBrZKpini9BLbT.T1lOkaubhojVi0Y36AWHvS5.NZC4X7.0KrS',NULL,'2020-07-23 19:50:08','2020-10-27 17:31:06'),(6,'DHUH5','dchh_189@hotmail.com',NULL,'$2y$10$SfK.qpWLWMFzY1tDp8irdeohVjLCasppNX.RDqgVJF7La/vt5zGWy',NULL,'2020-07-24 10:57:17','2020-11-24 18:09:52'),(7,'STZAB6','cob.alfonso@gmail.com',NULL,'$2y$10$nefFQcXe1g637oIg5AkK.u3/ku6pFdy.dMqqZgdg6lgKIE8GVU9Kq','AjxBZfaCCM6NAPf7l4jCppOBv0iBZCwisSFoFcG8PbIPjtA28v1HeUyA4CZ9','2020-08-01 05:28:01','2020-10-27 23:04:14'),(8,'CCHAN7','crchandiaz@gmail.com',NULL,'$2y$10$xN28J2fvaa8RtDzUixeZwuohY8wSHqRoMEUmnbotBWmTouTfNU7Xa',NULL,'2020-08-01 05:44:10','2020-08-01 05:44:10'),(9,'SPAT8','saletitamatematica@hotmail.com',NULL,'$2y$10$3/RkwiFU8M9sKYqzclrL1uhf8irKWwYVz9hZ9XugNnD49.CuE4.Qm','jikH0E9MgmNzhSpPMjWAEmlaXbAMxWgpn9WPYMGCd5j42jziZ0H2C1OvDREM','2020-08-01 11:02:00','2020-08-01 11:02:00'),(10,'MLEON9','leon_chan26@outlook-com',NULL,'$2y$10$TJoFnL.T.3bbYfNHY0ZPbe952Ltvd/YO0U0ob8sYKnxMa2XmGSdf6','7TRthZ2vEeXPqLJP81DIBF8IXoeQHpjCrSCvwwFJzzwEEJFH9oT2alT0YRWV','2020-08-01 06:51:46','2020-10-28 20:30:26'),(11,'JRODRIGUEZ10','antonio_hunucma@hotmail.com',NULL,'$2y$10$xUj6cLIBTnpr4nqXES6KDuo56DiG2AQgKr8mejiRlCunY.UMiW/UW','HvSQef1CJyjCvDg1aX4mSHlVYTUMLp9bE5X3XLvumVQiIuKcxEgoUrtY7RYi','2020-08-01 07:22:10','2020-10-28 20:48:54'),(12,'YPEÑA11','yoselinpenapuerto@gmail.com',NULL,'$2y$10$IaxuhBklWVeEN0kV2D7jweprMqXSjGZBISMvs4fiubtEPtJtoPewC',NULL,'2020-08-01 07:35:55','2020-08-01 07:35:55'),(13,'ANOH12','denc6907@gmail.com',NULL,'$2y$10$BUoyyoYMLGH145Y4hgGcfuLwo8h/oGn5a6d6ywome2E0NGr.w6bTm',NULL,'2020-08-01 07:57:06','2020-10-30 00:03:53'),(14,'GCHABLE13','nena.loria23@gmail.com',NULL,'$2y$10$BxKGBiozMmrgwNuM36KT3eeX6PhONvmEARX81O1BbIcrSTaJ1W8Mq',NULL,'2020-08-01 08:20:19','2020-11-04 20:32:01'),(15,'FLOPEZ14','abrahamsoberanis24@gmail.com',NULL,'$2y$10$ypZA01V13FcWvW/nIQpqReqwtcHFl9IjnM.7gxzQFKl8MOAlBzLzy','RM103YBBo7jcBRSWdfDiaf9JrVErGYUzdYss6VLk2b6gRZr3tm6RM8nSVZ4L','2020-08-04 05:23:10','2020-08-04 05:23:10'),(16,'GEK15','gildamarlene_ek@hotmail.com',NULL,'$2y$10$7oRM.VHPH.KOFoN8bVc3.uUO6UIFM/qQXAZmd5SbouqSOyqFwLLFq','Nne9ztCyXmnb8ageazFlmVwgcD7aVUFMo7AfL4kC3GJPK3HDPM38PKQHeOHL','2020-08-07 22:53:28','2020-10-27 21:43:16'),(17,'RPUERTO16','peque_18virgo@hotmail.com',NULL,'$2y$10$CHPi7hkuUH7V5795LTZTsudmzzL8mEg7vDb72YT8qS3Zvhw6SttJS',NULL,'2020-08-08 04:06:43','2020-11-09 17:49:44'),(18,'ACEBALLOS17','berty_ceballos@hotmail.com',NULL,'$2y$10$lJVtsYdS7CsnnYEXmJ9rKOFDzC1s/YP422EZGnTitIzPx0tZzra5C',NULL,'2020-08-07 23:40:27','2020-08-07 23:40:27'),(19,'LMENDEZ18','gabriela_20@hotmail.com',NULL,'$2y$10$JT2jkdKnmXyWkppGZm/5XO1MCgs4Eyugx36HGtv/eV6JrbntzSnoW',NULL,'2020-08-08 05:53:27','2020-08-27 00:57:15'),(20,'AMARTIN19','mariam_did@hotmail.com',NULL,'$2y$10$FTLlII.Yw4fREoyiXp0h2uZHechwZoe2y43KOanU/9ummnm5qGLX2',NULL,'2020-08-08 06:11:19','2020-08-08 06:30:15'),(21,'REK20','nena_san@outlook.com',NULL,'$2y$10$7uEWaNmFKlb1KsCJJ.NbyuPUJ/Z20usmSAwZe3qsguy53PPJ56RqC',NULL,'2020-08-08 06:26:28','2020-08-08 06:26:28'),(24,'PCHUC21','chucho_cm74@hotmail.com',NULL,'$2y$10$gocKAcokos/vMwlPXWo9ru8wKVKuWj1MOdX31t8nxejAwwUj0aUry',NULL,'2020-08-08 06:55:25','2020-08-08 07:02:48'),(25,'PCHUC22','pedro_66@hotmail.com',NULL,'$2y$10$wK9HEedZR/U6nhcMCT/RcOfx2FZaCWbQW6RdxsSBPX2aNuyEKttdG',NULL,'2020-08-08 07:09:26','2020-08-08 07:09:26'),(26,'HDZUL23','Humberto_Dzul_1603@hotmail.com',NULL,'$2y$10$MR2y7A8gBZ.HFjAsgt9SM.kESsH8Lkc4tX492.rD6LaY2FDCS2mze','1wr8evtIhTmq5p39FaqGnHyM1303RbN1ixp7hKhmzHyV8TPU0rnw1I8IP2RY','2020-09-24 06:06:46','2020-10-28 07:01:27'),(27,'MPEÑA24','angels_pg@hotmail.com',NULL,'$2y$10$nHMIc.dBk8we0CdPMjWTdO9okVH5TfTg3axAvRsUpqV02MIHC/Mp6',NULL,'2020-09-24 06:42:32','2020-09-24 10:05:56');
/*!40000 ALTER TABLE `users` ENABLE KEYS */;
UNLOCK TABLES;
/*!40103 SET TIME_ZONE=@OLD_TIME_ZONE */;

/*!40101 SET SQL_MODE=@OLD_SQL_MODE */;
/*!40014 SET FOREIGN_KEY_CHECKS=@OLD_FOREIGN_KEY_CHECKS */;
/*!40014 SET UNIQUE_CHECKS=@OLD_UNIQUE_CHECKS */;
/*!40101 SET CHARACTER_SET_CLIENT=@OLD_CHARACTER_SET_CLIENT */;
/*!40101 SET CHARACTER_SET_RESULTS=@OLD_CHARACTER_SET_RESULTS */;
/*!40101 SET COLLATION_CONNECTION=@OLD_COLLATION_CONNECTION */;
/*!40111 SET SQL_NOTES=@OLD_SQL_NOTES */;

-- Dump completed on 2020-12-04 13:00:05
